Scan,Value,MaxReal,DominantFrequencyHz,TorsionSigma,TorsionDampingRatio,Stable
current_scale,1e-08,1647.39218226088,2307.96461892582,0.0165682383289575,-0.0013288332252794,0
current_scale,1.15478198468946e-08,1647.39218233162,2307.96461882899,0.0165682382020594,-0.00132883321511953,0
current_scale,1.33352143216332e-08,1647.39218241339,2307.96461871726,0.016568238068714,-0.00132883320444312,0
current_scale,1.53992652605949e-08,1647.39218250736,2307.96461858808,0.0165682378889115,-0.0013288331900471,0
current_scale,1.77827941003892e-08,1647.39218261631,2307.96461843903,0.0165682376791487,-0.00132883317325272,0
current_scale,2.05352502645715e-08,1647.39218274221,2307.96461826684,0.016568237434389,-0.00132883315365666,0
current_scale,2.37137370566166e-08,1647.39218288756,2307.96461806806,0.0165682371880172,-0.00132883313393109,0
current_scale,2.73841963426436e-08,1647.39218305589,2307.96461783845,0.0165682368823723,-0.00132883310945943,0
current_scale,3.16227766016838e-08,1647.39218324857,2307.96461757337,0.0165682365595042,-0.00132883308360952,0
current_scale,3.65174127254838e-08,1647.39218347234,2307.96461726718,0.0165682361034784,-0.00132883304709867,0
current_scale,4.21696503428582e-08,1647.39218373029,2307.96461691366,0.0165682356476945,-0.00132883301060672,0
current_scale,4.86967525165863e-08,1647.39218402898,2307.96461650543,0.0165682350864243,-0.00132883296566972,0
current_scale,5.62341325190349e-08,1647.39218437322,2307.96461603387,0.0165682344319641,-0.00132883291327111,0
current_scale,6.49381631576211e-08,1647.39218477132,2307.96461548943,0.0165682337225909,-0.00132883285647532,0
current_scale,7.49894209332456e-08,1647.39218523046,2307.96461486069,0.0165682328732784,-0.0013288327884764,0
current_scale,8.65964323360065e-08,1647.39218576061,2307.9646141347,0.0165682319063538,-0.00132883271106113,0
current_scale,1e-07,1647.3921863727,2307.96461329631,0.0165682307923926,-0.00132883262187217,0
current_scale,1.15478198468946e-07,1647.39218708069,2307.96461232809,0.0165682294810565,-0.0013288325168821,0
current_scale,1.33352143216332e-07,1647.39218789695,2307.96461121006,0.0165682279676768,-0.00132883239571531,0
current_scale,1.53992652605949e-07,1647.39218884047,2307.96460991903,0.0165682262337857,-0.0013288322568931,0
current_scale,1.77827941003892e-07,1647.39218992971,2307.96460842814,0.016568224252638,-0.00132883209827487,0
current_scale,2.05352502645715e-07,1647.39219118663,2307.96460670644,0.0165682219140341,-0.00132883191103772,0
current_scale,2.37137370566166e-07,1647.3921926387,2307.96460471829,0.0165682192553593,-0.00132883169817408,0
current_scale,2.73841963426436e-07,1647.39219431601,2307.9646024224,0.0165682161716875,-0.0013288314512832,0
current_scale,3.16227766016838e-07,1647.39219625302,2307.96459977115,0.0165682126094859,-0.00132883116607975,0
current_scale,3.65174127254838e-07,1647.39219848929,2307.96459670954,0.0165682084867895,-0.00132883083600222,0
current_scale,4.21696503428582e-07,1647.39220107162,2307.96459317405,0.016568203761707,-0.00132883045769293,0
current_scale,4.86967525165863e-07,1647.39220405449,2307.96458909127,0.0165681982680539,-0.00132883001785024,0
current_scale,5.62341325190349e-07,1647.39220749817,2307.96458437662,0.0165681919460006,-0.00132882951168213,0
current_scale,6.49381631576211e-07,1647.3922114748,2307.96457893216,0.0165681846321726,-0.00132882892610996,0
current_scale,7.49894209332456e-07,1647.39221606767,2307.96457264516,0.0165681761664186,-0.00132882824830906,0
current_scale,8.65964323360065e-07,1647.3922213712,2307.96456538489,0.0165681664214471,-0.00132882746809022,0
current_scale,1e-06,1647.39222749586,2307.96455700085,0.0165681551591083,-0.00132882656638452,0
current_scale,1.15478198468946e-06,1647.39223456761,2307.9645473192,0.0165681421651049,-0.00132882552603441,0
current_scale,1.33352143216332e-06,1647.39224273478,2307.96453613888,0.0165681271132115,-0.00132882432092357,0
current_scale,1.53992652605949e-06,1647.39225216533,2307.96452322815,0.0165681097732122,-0.00132882293261653,0
current_scale,1.77827941003892e-06,1647.39226305615,2307.96450831909,0.0165680897552453,-0.00132882132990158,0
current_scale,2.05352502645715e-06,1647.39227563243,2307.96449110237,0.0165680666405338,-0.00132881947924946,0
current_scale,2.37137370566166e-06,1647.39229015558,2307.9644712208,0.0165680399335988,-0.00132881734099109,0
current_scale,2.73841963426436e-06,1647.39230692655,2307.96444826188,0.0165680090710352,-0.0013288148700173,0
current_scale,3.16227766016838e-06,1647.39232629303,2307.96442174936,0.0165679734829661,-0.00132881202070074,0
current_scale,3.65174127254838e-06,1647.39234865721,2307.96439113323,0.0165679323336286,-0.00132880872612899,0
current_scale,4.21696503428582e-06,1647.39237448322,2307.96435577817,0.0165678848578384,-0.00132880492503754,0
current_scale,4.86967525165863e-06,1647.39240430687,2307.96431495088,0.0165678300021651,-0.00132880053308398,0
current_scale,5.62341325190349e-06,1647.39243874685,2307.96426780422,0.0165677667076166,-0.0013287954654818,0
current_scale,6.49381631576211e-06,1647.39247851645,2307.96421336009,0.016567693554326,-0.00132878960855262,0
current_scale,7.49894209332456e-06,1647.39252444287,2307.96415048901,0.0165676091213658,-0.00132878284853008,0
current_scale,8.65964323360065e-06,1647.39257747678,2307.96407788664,0.0165675115750497,-0.00132877503860405,0
current_scale,1e-05,1647.39263872017,2307.96399404676,0.0165673989682684,-0.00132876602287949,0
current_scale,1.15478198468946e-05,1647.39270944341,2307.9638972299,0.0165672689189473,-0.00132875561064148,0
current_scale,1.33352143216332e-05,1647.3927911132,2307.96378542767,0.0165671187843222,-0.00132874359029691,0
current_scale,1.53992652605949e-05,1647.39288542421,2307.96365632042,0.0165669453878599,-0.00132872970752509,0
current_scale,1.77827941003892e-05,1647.39299433308,2307.96350722976,0.016566745160364,-0.00132871367656107,0
current_scale,2.05352502645715e-05,1647.39312009925,2307.96333506253,0.016566513961024,-0.00132869516587764,0
current_scale,2.37137370566166e-05,1647.39326533229,2307.96313624693,0.0165662469649834,-0.00132867378917796,0
current_scale,2.73841963426436e-05,1647.39343304592,2307.96290665838,0.0165659386763699,-0.00132864910644621,0
current_scale,3.16227766016838e-05,1647.39362672007,2307.96264153375,0.016565582673548,-0.00132862060354374,0
current_scale,3.65174127254838e-05,1647.39385037178,2307.96233537264,0.0165651716416384,-0.00132858769481379,0
current_scale,4.21696503428582e-05,1647.39410864243,2307.96198182353,0.0165646969424019,-0.00132854968865389,0
current_scale,4.86967525165863e-05,1647.39440689191,2307.96157355149,0.0165641489140576,-0.00132850581150904,0
current_scale,5.62341325190349e-05,1647.394751306,2307.96110208655,0.0165635161092648,-0.00132845514686918,0
current_scale,6.49381631576211e-05,1647.39514903512,2307.9605576477,0.0165627854364325,-0.00132839664658179,0
current_scale,7.49894209332456e-05,1647.39560832989,2307.95992893996,0.0165619417988074,-0.00132832910195988,0
current_scale,8.65964323360065e-05,1647.39613872249,2307.95920292011,0.0165609678168629,-0.00132825112154588,0
current_scale,0.0001,1647.39675121958,2307.95836452632,0.0165598432904563,-0.00132816108806679,0
current_scale,0.000115478198468946,1647.3974585324,2307.95739636525,0.0165585449921702,-0.00132805714187803,0
current_scale,0.000133352143216332,1647.39827534089,2307.95627835171,0.0165570461554334,-0.00132793713999123,0
current_scale,0.000153992652605949,1647.39921859956,2307.9549872917,0.0165553158473108,-0.00132779860585447,0
current_scale,0.000177827941003892,1647.40030788626,2307.95349640122,0.0165533184795651,-0.00132763869021689,0
current_scale,0.000205352502645715,1647.40156581494,2307.95177475109,0.0165510129861934,-0.00132745410528027,0
current_scale,0.000237137370566166,1647.40301850174,2307.94978662487,0.0165483519002316,-0.00132724105079149,0
current_scale,0.000273841963426436,1647.40469610662,2307.94749077837,0.0165452807054969,-0.00132699516216825,0
current_scale,0.000316227766016838,1647.40663346864,2307.94483958398,0.0165417364515885,-0.00132671139960305,0
current_scale,0.000365174127254838,1647.40887082391,2307.94177804281,0.0165376467793831,-0.00132638397007726,0
current_scale,0.000421696503428582,1647.41145464775,2307.93824264407,0.0165329282832697,-0.00132600619625518,0
current_scale,0.000486967525165863,1647.41443862182,2307.93416004767,0.0165274850330759,-0.00132557039819044,0
current_scale,0.000562341325190349,1647.41788475662,2307.9294455635,0.0165212068320833,-0.00132506775389269,0
current_scale,0.000649381631576211,1647.42186468495,2307.92400139493,0.0165139668561622,-0.00132448811037537,0
current_scale,0.000749894209332456,1647.42646115941,2307.91771461086,0.0165056197005645,-0.00132381982738261,0
current_scale,0.000865964323360065,1647.43176978573,2307.91045480417,0.0164959985892278,-0.00132304955404504,0
current_scale,0.001,1647.43790102563,2307.90207138789,0.0164849124819089,-0.00132216199745426,0
current_scale,0.00115478198468946,1647.44498251552,2307.89239047353,0.01647214294296,-0.00132113967214353,0
current_scale,0.00133352143216332,1647.45316175344,2307.88121126628,0.0164574404889784,-0.00131996260800542,0
current_scale,0.00153992652605949,1647.46260920288,2307.86830190358,0.0164405210387085,-0.00131860806637868,0
current_scale,0.00177827941003892,1647.47352189842,2307.85339465007,0.016421061943839,-0.0013170502228756,0
current_scale,0.00205352502645715,1647.48612762085,2307.83618035027,0.0163986975918541,-0.00131525981590045,0
current_scale,0.00237137370566166,1647.50068972803,2307.81630202448,0.0163730159733523,-0.00131320387292097,0
current_scale,0.00273841963426436,1647.51751278775,2307.79334747542,0.0163435545184293,-0.00131084537828107,0
current_scale,0.00316227766016838,1647.53694908409,2307.76684075392,0.0163097981837694,-0.0013081431219049,0
current_scale,0.00365174127254838,1647.55940621169,2307.73623230743,0.0162711773627469,-0.00130505153425033,0
current_scale,0.00421696503428582,1647.58535588864,2307.70088760934,0.0162270704824674,-0.00130152089763378,0
current_scale,0.00486967525165863,1647.61534422616,2307.6600740356,0.0161768090004578,-0.00129749775064749,0
current_scale,0.00562341325190349,1647.65000371024,2307.6129457194,0.0161196904997353,-0.00129292594287704,0
current_scale,0.00649381631576211,1647.69006717705,2307.55852607534,0.0160550008465023,-0.00128774841730001,0
current_scale,0.00749894209332456,1647.73638416573,2307.49568763526,0.0159820527524481,-0.00128191030970531,0
current_scale,0.00865964323360065,1647.78994007486,2307.42312878636,0.0159002465424288,-0.00127536383023001,0
current_scale,0.01,1647.85187863455,2307.33934694002,0.0158091653304244,-0.00126807590671535,0
current_scale,0.0115478198468946,1647.92352835503,2307.24260758846,0.0157087205544002,-0.0012600398689352,0
current_scale,0.0133352143216332,1648.00643369391,2307.13090862775,0.0155993705948474,-0.00125129299783451,0
current_scale,0.0153992652605949,1648.10239191865,2307.00193923212,0.0154824441170924,-0.00124194247791896,0
current_scale,0.0177827941003892,1648.21349679607,2306.85303246209,0.0153606129079329,-0.00123220334560946,0
current_scale,0.0205352502645715,1648.34219056479,2306.68111066943,0.015238567897885,-0.00122245274251959,0
current_scale,0.0237137370566166,1648.49132595907,2306.4826226301,0.0151239611877154,-0.00121330551569661,0
current_scale,0.0273841963426436,1648.66424049853,2306.25347118406,0.0150286683400636,-0.00120571552245789,0
current_scale,0.0316227766016838,1648.86484583298,2305.98892999558,0.0149703659001046,-0.00120110224030011,0
current_scale,0.0365174127254838,1649.09773560793,2305.68354785832,0.0149742861533153,-0.0012014916116375,0
current_scale,0.0421696503428582,1649.36831627691,2305.33103876781,0.0150746889693227,-0.00120963418596542,0
current_scale,0.0486967525165863,1649.68296642706,2304.92415575556,0.0153150745056593,-0.00122902216136674,0
current_scale,0.0562341325190349,1650.04923170133,2304.4545462447,0.0157454543882884,-0.00126367015718825,0
current_scale,0.0649381631576211,1650.47606436342,2303.91258643239,0.0164146078995684,-0.00131749303190253,0
current_scale,0.0749894209332456,1650.97411901814,2303.2871919505,0.017356170849294,-0.00139318798237716,0
current_scale,0.0865964323360065,1651.55611925919,2302.5656018115,0.0185708858839849,-0.00149080800943283,0
current_scale,0.1,1652.23731410392,2301.73313242608,0.0200128165378816,-0.00160665421214755,0
current_scale,0.115478198468946,1653.03604842208,2300.77289832188,0.0215900830553725,-0.00173333631223554,0
current_scale,0.133352143216332,1653.97447827579,2299.66549613208,0.0231848737526545,-0.00186138367153033,0
current_scale,0.153992652605949,1655.07947072888,2298.38864853515,0.0246846423745422,-0.00198175509445094,0
current_scale,0.177827941003892,1656.38373847579,2296.91680519076,0.0260083424521684,-0.00208794732222565,0
current_scale,0.205352502645715,1657.92727323321,2295.22069847935,0.0271165426940451,-0.0021768052276842,0
current_scale,0.237137370566166,1659.75915850153,2293.26685318895,0.0280061056180756,-0.00224809036202757,0
current_scale,0.273841963426436,1661.93986261136,2291.01705147029,0.028697418585947,-0.0023034519870708,0
current_scale,0.316227766016838,1664.54413694492,2288.42775774745,0.0292217317235948,-0.00234540847205844,0
current_scale,0.365174127254838,1667.6646716327,2285.44951331314,0.0296122132570495,-0.00237662879245972,0
current_scale,0.421696503428582,1671.41669070162,2282.02631766459,0.0298990458509014,-0.00239953937881548,0
current_scale,0.486967525165863,1675.94369786251,2278.09502404192,0.0301074682948297,-0.00241616771286991,0
current_scale,0.562341325190349,1681.42460780915,2273.58479102537,0.0302575333585222,-0.00242812363809298,0
current_scale,0.649381631576211,1688.08250706266,2268.41665141939,0.0303646599379919,-0.00243664425360558,0
current_scale,0.749894209332456,1696.19526878808,2262.50328482697,0.0304404565845597,-0.00244266040870785,0
current_scale,0.865964323360065,1706.10817582275,2255.74911157332,0.0304935410252312,-0.00244686272889224,0
current_scale,1,1718.24855511334,2248.05086192629,0.0305302522952107,-0.00244975891973833,0
current_scale,1.15478198468946,1733.14215612379,2239.29881237778,0.0305552224230167,-0.00245171973063973,0
current_scale,1.33352143216332,1751.43057360536,2229.37891245784,0.0305718220953123,-0.00245301476265544,0
current_scale,1.53992652605949,1773.88838895745,2218.17603759782,0.0305824947568587,-0.00245383929760424,0
current_scale,1.77827941003892,1801.43788719716,2205.57857527891,0.0305890057781864,-0.00245433429725677,0
current_scale,2.05352502645715,1835.15827669617,2191.48445659545,0.0305926271061987,-0.00245460121706891,0
current_scale,2.37137370566166,1876.28549695507,2175.80855744307,0.0305942715856671,-0.00245471277784931,0
current_scale,2.73841963426436,1926.19829937636,2158.49110138727,0.0305945911270786,-0.00245472083438969,0
current_scale,3.16227766016838,1986.38679740764,2139.50632422027,0.0305940490626149,-0.00245466217295894,0
current_scale,3.65174127254838,2058.40154002448,2118.87028870537,0.0305929718108742,-0.00245456264872656,0
current_scale,4.21696503428582,2143.78448074911,2096.64650515403,0.0305915873344804,-0.00245444026409351,0
current_scale,4.86967525165863,2243.98748167967,2072.94807718434,0.0305900524088818,-0.00245430735029149,0
current_scale,5.62341325190349,2360.2879751456,2047.93554931516,0.0305884730641119,-0.00245417220171599,0
current_scale,6.49381631576211,2493.71350636277,2021.81043241609,0.0305869188730187,-0.00245404021752079,0
current_scale,7.49894209332456,2644.98591465021,1994.80529728196,0.0305854339716003,-0.0024539147815137,0
current_scale,8.65964323360065,2814.4918767038,1967.17203445673,0.030584044328886,-0.00245379784185789,0
current_scale,10,3002.28078187556,1939.17012378011,0.0305827634398302,-0.00245369036467634,0
current_scale,11.5478198468946,3208.08549135242,1911.05648207995,0.0305815963665449,-0.00245359265564327,0
current_scale,13.3352143216332,3431.35817735379,1883.07781777328,0.0305805423792301,-0.00245350456960039,0
current_scale,15.3992652605949,3671.31281455655,1855.46568499362,0.0305795972720525,-0.00245342569446331,0
current_scale,17.7827941003892,3926.96756481099,1828.43384209274,0.0305787547818713,-0.00245335546323754,0
current_scale,20.5352502645715,4197.18317269795,1802.17721491912,0.0305780070503284,-0.0024532931898168,0
current_scale,23.7137370566166,4480.69640436955,1776.87175601121,0.0305773458851945,-0.00245323816891125,0
current_scale,27.3841963426436,4776.14964116177,1752.67469953132,0.0305767632195293,-0.00245318971180553,0
current_scale,31.6227766016838,5082.11855560744,1729.72501779812,0.0305762510733618,-0.00245314714238345,0
current_scale,36.5174127254838,6267.95111821367,8717.96917346355,0.0305758018620506,-0.00245310982113882,0
current_scale,42.1696503428582,10697.226819815,8999.15571066178,0.0305754085949065,-0.00245307716041377,0
current_scale,48.6967525165863,15857.5881107838,9227.89012466158,0.0305750648069902,-0.00245304861834805,0
current_scale,56.2341325190349,21865.7517736102,9375.39593471727,0.0305747647499839,-0.00245302371372614,0
current_scale,64.9381631576211,28857.6873304127,9399.5557558026,0.0305745031226727,-0.00245300200386978,0
current_scale,74.9894209332456,36993.3442069781,9236.03200798641,0.0305742752210154,-0.00245298309640002,0
current_scale,86.5964323360065,46465.3929992299,8779.29663624181,0.0305740768055724,-0.0024529666382097,0
current_scale,100,57523.4075154486,7832.51894482052,0.0305739042473814,-0.00245295232690963,0
voltage_scale,1e-08,1768.17835326275,2251.30384073836,0.0378717266539152,-0.00303273590054755,0
voltage_scale,1.15478198468946e-08,1768.17835318618,2251.30384073338,0.037871726285906,-0.00303273587098647,0
voltage_scale,1.33352143216332e-08,1768.17835309702,2251.30384072767,0.0378717258522594,-0.00303273583616855,0
voltage_scale,1.53992652605949e-08,1768.17835299573,2251.3038407211,0.0378717254655979,-0.00303273580509307,0
voltage_scale,1.77827941003892e-08,1768.17835287714,2251.30384071345,0.0378717249140044,-0.00303273576079698,0
voltage_scale,2.05352502645715e-08,1768.1783527411,2251.30384070469,0.0378717242057337,-0.0030327357039067,0
voltage_scale,2.37137370566166e-08,1768.17835258427,2251.3038406945,0.0378717234869304,-0.00303273564617224,0
voltage_scale,2.73841963426436e-08,1768.17835240272,2251.30384068281,0.0378717226157086,-0.00303273557619878,0
voltage_scale,3.16227766016838e-08,1768.17835219344,2251.30384066919,0.0378717216430253,-0.00303273549807208,0
voltage_scale,3.65174127254838e-08,1768.17835195074,2251.30384065359,0.0378717206395129,-0.00303273541747654,0
voltage_scale,4.21696503428582e-08,1768.17835167147,2251.30384063556,0.0378717193066083,-0.00303273531041465,0
voltage_scale,4.86967525165863e-08,1768.17835134811,2251.3038406147,0.0378717177018175,-0.00303273518151562,0
voltage_scale,5.62341325190349e-08,1768.17835097539,2251.30384059068,0.0378717160053765,-0.00303273504526278,0
voltage_scale,6.49381631576211e-08,1768.17835054514,2251.30384056284,0.0378717140170417,-0.0030327348855616,0
voltage_scale,7.49894209332456e-08,1768.17835004802,2251.30384053071,0.0378717117410636,-0.00303273470275342,0
voltage_scale,8.65964323360065e-08,1768.17834947354,2251.30384049363,0.0378717090218485,-0.00303273448435443,0
voltage_scale,1e-07,1768.17834881068,2251.30384045083,0.0378717059978039,-0.00303273424146258,0
voltage_scale,1.15478198468946e-07,1768.17834804472,2251.30384040139,0.0378717023573056,-0.00303273394907177,0
voltage_scale,1.33352143216332e-07,1768.17834716066,2251.30384034433,0.0378716983168723,-0.00303273362454183,0
voltage_scale,1.53992652605949e-07,1768.17834613937,2251.30384027836,0.0378716935612111,-0.0030327332425749,0
voltage_scale,1.77827941003892e-07,1768.17834496058,2251.30384020224,0.0378716881238973,-0.00303273280585585,0
voltage_scale,2.05352502645715e-07,1768.17834359837,2251.30384011431,0.0378716817216694,-0.00303273229164226,0
voltage_scale,2.37137370566166e-07,1768.17834202628,2251.30384001281,0.0378716744416197,-0.00303273170692121,0
voltage_scale,2.73841963426436e-07,1768.17834021052,2251.30383989553,0.0378716659674019,-0.00303273102626979,0
voltage_scale,3.16227766016838e-07,1768.1783381143,2251.30383976011,0.0378716562415624,-0.00303273024510949,0
voltage_scale,3.65174127254838e-07,1768.17833569276,2251.30383960383,0.0378716449562313,-0.00303272933868931,0
voltage_scale,4.21696503428582e-07,1768.17833289683,2251.30383942322,0.0378716319434813,-0.00303272829352602,0
voltage_scale,4.86967525165863e-07,1768.17832966799,2251.30383921478,0.0378716169326774,-0.00303272708786864,0
voltage_scale,5.62341325190349e-07,1768.17832593984,2251.30383897399,0.0378715996096628,-0.00303272569650483,0
voltage_scale,6.49381631576211e-07,1768.17832163404,2251.30383869595,0.0378715796596938,-0.00303272409414816,0
voltage_scale,7.49894209332456e-07,1768.17831666199,2251.30383837487,0.0378715565630158,-0.00303272223905496,0
voltage_scale,8.65964323360065e-07,1768.17831091972,2251.30383800411,0.0378715298526422,-0.00303272009369889,0
voltage_scale,1e-06,1768.17830428963,2251.30383757599,0.0378714990437544,-0.00303271761917031,0
voltage_scale,1.15478198468946e-06,1768.17829663252,2251.30383708147,0.0378714633955008,-0.00303271475595277,0
voltage_scale,1.33352143216332e-06,1768.17828779087,2251.30383651055,0.0378714223042773,-0.00303271145555348,0
voltage_scale,1.53992652605949e-06,1768.17827758017,2251.30383585123,0.0378713748289523,-0.00303270764239448,0
voltage_scale,1.77827941003892e-06,1768.17826578965,2251.30383508982,0.0378713200095064,-0.00303270323935948,0
voltage_scale,2.05352502645715e-06,1768.17825217425,2251.30383421058,0.0378712566905642,-0.00303269815366958,0
voltage_scale,2.37137370566166e-06,1768.17823645155,2251.30383319525,0.0378711836851859,-0.00303269228997919,0
voltage_scale,2.73841963426436e-06,1768.1782182941,2251.30383202279,0.0378710992756719,-0.00303268551031424,0
voltage_scale,3.16227766016838e-06,1768.17819732687,2251.30383066887,0.0378710017811139,-0.0030326776796793,0
voltage_scale,3.65174127254838e-06,1768.17817311459,2251.30382910532,0.0378708892562951,-0.0030326686418191,0
voltage_scale,4.21696503428582e-06,1768.17814515405,2251.30382729986,0.0378707592336425,-0.00303265819856575,0
voltage_scale,4.86967525165863e-06,1768.17811286577,2251.30382521484,0.037870609127808,-0.00303264614225519,0
voltage_scale,5.62341325190349e-06,1768.17807558055,2251.30382280711,0.0378704358339459,-0.00303263222351648,0
voltage_scale,6.49381631576211e-06,1768.17803252338,2251.30382002683,0.0378702356423497,-0.00303261614439238,0
voltage_scale,7.49894209332456e-06,1768.17798280224,2251.30381681605,0.0378700043838285,-0.00303259757001634,0
voltage_scale,8.65964323360065e-06,1768.17792538521,2251.3038131084,0.0378697375799395,-0.00303257614068518,0
voltage_scale,1e-05,1768.17785908038,2251.30380882686,0.0378694293045796,-0.0030325513804089,0
voltage_scale,1.15478198468946e-05,1768.17778251359,2251.30380388256,0.0378690732729442,-0.0030325227844065,0
voltage_scale,1.33352143216332e-05,1768.17769409555,2251.30379817294,0.0378686622066129,-0.0030324897681052,0
voltage_scale,1.53992652605949e-05,1768.17759199163,2251.30379157965,0.0378681873731908,-0.00303245163020371,0
voltage_scale,1.77827941003892e-05,1768.17747408367,2251.30378396587,0.0378676389501467,-0.00303240758165348,0
voltage_scale,2.05352502645715e-05,1768.17733792678,2251.30377517358,0.037867005750442,-0.00303235672399695,0
voltage_scale,2.37137370566166e-05,1768.17718069397,2251.30376502035,0.0378662744779441,-0.00303229798928188,0
voltage_scale,2.73841963426436e-05,1768.17699912528,2251.30375329563,0.0378654298723272,-0.00303223015187008,0
voltage_scale,3.16227766016838e-05,1768.17678945194,2251.30373975607,0.0378644544538638,-0.00303215180781754,0
voltage_scale,3.65174127254838e-05,1768.17654732622,2251.30372412091,0.0378633279047361,-0.00303206132525165,0
voltage_scale,4.21696503428582e-05,1768.17626772316,2251.30370606564,0.0378620268599442,-0.00303195682757948,0
voltage_scale,4.86967525165863e-05,1768.17594484176,2251.30368521586,0.037860524146241,-0.00303183613230318,0
voltage_scale,5.62341325190349e-05,1768.17557198567,2251.30366113878,0.0378587884409156,-0.00303169672371984,0
voltage_scale,6.49381631576211e-05,1768.17514141736,2251.30363333499,0.0378567836423291,-0.00303153570227427,0
voltage_scale,7.49894209332456e-05,1768.1746442045,2251.30360122774,0.0378544679575455,-0.00303134971133732,0
voltage_scale,8.65964323360065e-05,1768.17407003178,2251.30356415083,0.0378517930538929,-0.00303113486905356,0
voltage_scale,0.0001,1768.17340698856,2251.30352133498,0.037848702965863,-0.00303088668056374,0
voltage_scale,0.000115478198468946,1768.1726413163,2251.30347189211,0.0378451331948888,-0.00303059996574197,0
voltage_scale,0.000133352143216332,1768.1717571328,2251.30341479621,0.0378410088692074,-0.00303026871135054,0
voltage_scale,0.000153992652605949,1768.17073609222,2251.30334886295,0.0378362436996325,-0.0030298859872935,0
voltage_scale,0.000177827941003892,1768.16955701287,2251.30327272434,0.037830737571265,-0.0030294437531922,0
voltage_scale,0.000205352502645715,1768.16819543304,2251.3031848007,0.0378243745709548,-0.00302893269996179,0
voltage_scale,0.000237137370566166,1768.16662310399,2251.30308326805,0.037817020472297,-0.00302834204801707,0
voltage_scale,0.000273841963426436,1768.16480740589,2251.30296601973,0.0378085201078626,-0.00302765933614158,0
voltage_scale,0.000316227766016838,1768.16271066842,2251.30283062331,0.0377986930192737,-0.00302687007243263,0
voltage_scale,0.000365174127254838,1768.16028939158,2251.30267426978,0.037787330631758,-0.00302595750739534,0
voltage_scale,0.000421696503428582,1768.15749334261,2251.30249371513,0.0377741901320519,-0.00302490214261089,0
voltage_scale,0.000486967525165863,1768.15426451173,2251.30228521339,0.037758990060716,-0.00302368137696963,0
voltage_scale,0.000562341325190349,1768.15053591048,2251.30204443877,0.0377414029422118,-0.00302226891522641,0
voltage_scale,0.000649381631576211,1768.1462301836,2251.30176639579,0.0377210480384931,-0.00302063418650019,0
voltage_scale,0.000749894209332456,1768.14125799864,2251.30144531566,0.0376974814648736,-0.00301874155135801,0
voltage_scale,0.000865964323360065,1768.13551619797,2251.30107453662,0.0376701860308168,-0.00301654948676261,0
voltage_scale,0.001,1768.12888565378,2251.30064636583,0.0376385572245261,-0.00301400946196325,0
voltage_scale,0.00115478198468946,1768.12122880127,2251.30015191924,0.037601888453284,-0.00301106475484673,0
voltage_scale,0.00133352143216332,1768.11238677841,2251.29958093787,0.0375593512108763,-0.00300764886178366,0
voltage_scale,0.00153992652605949,1768.10217613283,2251.29892157429,0.0375099730664785,-0.00300368373302933,0
voltage_scale,0.00177827941003892,1768.09038501618,2251.2981601469,0.0374526095582014,-0.00299907752025639,0
voltage_scale,0.00205352502645715,1768.0767687824,2251.29728085627,0.0373859109353818,-0.00299372191141187,0
voltage_scale,0.00237137370566166,1768.06104491407,2251.29626545634,0.0373082802269444,-0.00298748877162134,0
voltage_scale,0.00273841963426436,1768.04288715893,2251.29509287639,0.037217823122971,-0.00298022612917115,0
voltage_scale,0.00316227766016838,1768.02191875904,2251.29373878286,0.037112285303073,-0.00297175315747145,0
voltage_scale,0.00365174127254838,1767.99770462314,2251.29217507434,0.0369889745884575,-0.002961853943387,0
voltage_scale,0.00421696503428582,1767.96974230432,2251.29036929762,0.0368446641625035,-0.00295026974265698,0
voltage_scale,0.00486967525165863,1767.93745155892,2251.28828397342,0.0366754718615603,-0.00293668932309616,0
voltage_scale,0.00562341325190349,1767.90016230417,2251.28587581757,0.0364767094368419,-0.002920736909712,0
voltage_scale,0.00649381631576211,1767.85710069851,2251.28309484128,0.0362426922810952,-0.00290195697256099,0
voltage_scale,0.00749894209332456,1767.80737307219,2251.27988331139,0.0359665025411469,-0.00287979529556919,0
voltage_scale,0.00865964323360065,1767.74994735805,2251.27617454976,0.0356396934658834,-0.00285357535794007,0
voltage_scale,0.01,1767.68363164624,2251.27189154579,0.0352519219189529,-0.0028224689892547,0
voltage_scale,0.0115478198468946,1767.60704941745,2251.26694535258,0.0347905003130502,-0.00278546060825375,0
voltage_scale,0.0133352143216332,1767.51861091649,2251.26123323446,0.0342398593765041,-0.00274130436844456,0
voltage_scale,0.0153992652605949,1767.41648009921,2251.25463652561,0.0335809308515912,-0.00268847495304096,0
voltage_scale,0.0177827941003892,1767.29853643034,2251.24701815462,0.032790483298678,-0.00262511468477254,0
voltage_scale,0.0205352502645715,1767.16233075048,2251.23821978274,0.0318405102618766,-0.00254898489810757,0
voltage_scale,0.0237137370566166,1767.00503427632,2251.22805849549,0.0306978769341772,-0.00245743804792093,0
voltage_scale,0.0273841963426436,1766.82337965807,2251.21632297563,0.0293246514806356,-0.00234744458275175,0
voltage_scale,0.0316227766016838,1766.61359286225,2251.20276907677,0.0276798967407688,-0.0022157364751074,0
voltage_scale,0.0365174127254838,1766.37131442528,2251.18711470171,0.0257242945063854,-0.0020591768639902,0
voltage_scale,0.0421696503428582,1766.09150840534,2251.16903387427,0.0234297672347907,-0.00187552849347919,0
voltage_scale,0.0486967525165863,1765.76835711914,2251.14814987543,0.0207970299324517,-0.00166485506185714,0
voltage_scale,0.0562341325190349,1765.3951393661,2251.12402729331,0.0178837236774265,-0.001431767843782,0
voltage_scale,0.0649381631576211,1764.96408957566,2251.09616281012,0.0148419348593058,-0.00118842458465016,0
voltage_scale,0.0749894209332456,1764.46623479964,2251.06397452019,0.0119524397516471,-0.000957274612769965,0
voltage_scale,0.0865964323360065,1763.89120602115,2251.02678953686,0.00962301918443775,-0.000770945310031754,0
voltage_scale,0.1,1763.22701965715,2250.98382960465,0.00830548279631849,-0.000665633986233979,0
voltage_scale,0.115478198468946,1762.45982442168,2250.9341943813,0.00832136935655675,-0.00066716533649192,0
voltage_scale,0.133352143216332,1761.57360793629,2250.87684199451,0.00968494466547096,-0.000776769573283609,0
voltage_scale,0.153992652605949,1760.54985647711,2250.81056640506,0.01207226614236,-0.000968524512895397,0
voltage_scale,0.177827941003892,1759.3671601162,2250.73397101963,0.0149780958041522,-0.00120189731116987,0
voltage_scale,0.205352502645715,1758.00075415997,2250.64543788812,0.0179306613879147,-0.00143899755948782,0
voltage_scale,0.237137370566166,1756.42198614943,2250.5430916901,0.0206181055063188,-0.00165476854641687,0
voltage_scale,0.273841963426436,1754.59769569609,2250.42475755032,0.0228989831334339,-0.00183785084549072,0
voltage_scale,0.316227766016838,1752.48949211719,2250.28791152511,0.0247519857182019,-0.00198654408208906,0
voltage_scale,0.365174127254838,1750.05291189052,2250.12962234653,0.0262190868765211,-0.0021042333341188,0
voltage_scale,0.421696503428582,1747.23643448169,2249.94648269703,0.0273652635912259,-0.00219614886205974,0
voltage_scale,0.486967525165863,1743.98033073654,2249.73452788682,0.0282564434638778,-0.00226759321576799,0
voltage_scale,0.562341325190349,1740.21531270874,2249.48913929165,0.0289500416199381,-0.00232318158944372,0
voltage_scale,0.649381631576211,1735.86094712223,2249.20492925189,0.0294924250989796,-0.00236663924779679,0
voltage_scale,0.749894209332456,1730.82378625648,2248.87560327388,0.0299195429478807,-0.00240085316255636,0
voltage_scale,0.865964323360065,1724.99515948906,2248.49379424998,0.0302586622361923,-0.00242801219695458,0
voltage_scale,1,1718.24855511334,2248.05086192629,0.0305302522952107,-0.00244975891973833,0
voltage_scale,1.15478198468946,1710.43650464778,2247.5366488537,0.0307496335119409,-0.00246732230354557,0
voltage_scale,1.33352143216332,1701.38685903436,2246.93918136893,0.0309282967093502,-0.00248162383260688,0
voltage_scale,1.53992652605949,1690.89831629156,2246.24430047541,0.0310749050095417,-0.00249335802942787,0
voltage_scale,1.77827941003892,1678.73502040779,2245.43520241389,0.0311960394401777,-0.00250305235585683,0
voltage_scale,2.05352502645715,1664.61999788505,2244.49186159755,0.0312967437632004,-0.00251111096624651,0
voltage_scale,2.37137370566166,1648.22712570533,2243.39029849566,0.0313809202150064,-0.00251784647648413,0
voltage_scale,2.73841963426436,1629.17122444475,2242.10164050935,0.0314516181296263,-0.00252350312654852,0
voltage_scale,3.16227766016838,1606.99573059207,2240.5909026154,0.0315112434838007,-0.00252827359169952,0
voltage_scale,3.65174127254838,1581.15720420644,2238.81538286222,0.0315617125192085,-0.00253231130404824,0
voltage_scale,4.21696503428582,1551.00564333046,2236.72251967614,0.031604565291105,-0.0025357395573748,0
voltage_scale,4.86967525165863,1515.75915980751,2234.24698323113,0.0316410496756951,-0.00253865824188064,0
voltage_scale,5.62341325190349,1474.47095024982,2231.30665433552,0.0316721847185215,-0.00254114892144718,0
voltage_scale,6.49381631576211,1425.98555232176,2227.79695016153,0.0316988080650069,-0.00254327863439823,0
voltage_scale,7.49894209332456,1368.87991281594,2223.58262898501,0.0317216130231421,-0.00254510286292973,0
voltage_scale,8.65964323360065,1301.38247311379,2218.48563505348,0.0317411764893434,-0.00254666777006961,0
voltage_scale,10,1221.25971647289,2212.26650689268,0.0317579807693611,-0.00254801194732889,0
voltage_scale,11.5478198468946,1125.65340266302,2204.59489583362,0.0317724310115789,-0.00254916781071926,0
voltage_scale,13.3352143216332,1010.84130132915,2195.0007647588,0.031784868876826,-0.0025501626954405,0
voltage_scale,15.3992652605949,871.876955246787,2182.78929714362,0.0317955834232055,-0.00255101972710296,0
voltage_scale,17.7827941003892,702.037615249939,2166.88271551723,0.031804820056847,-0.00255175853839291,0
voltage_scale,20.5352502645715,491.984890027675,2145.5015799686,0.0318127873726264,-0.00255239581650379,0
voltage_scale,23.7137370566166,228.6336940249,2115.45324616002,0.0318196635299345,-0.00255294581354119,0
voltage_scale,27.3841963426436,0.0318256006886577,1.98368610041034,0.0318256006886577,-0.00255342070146319,0
voltage_scale,31.6227766016838,0.0318307290449526,1.98368707933244,0.0318307290449526,-0.00255383089503425,0
voltage_scale,36.5174127254838,0.0318351603182346,1.98368792590921,0.0318351603182346,-0.00255418533089963,0
voltage_scale,42.1696503428582,0.031838990434373,1.98368865817465,0.031838990434373,-0.00255449168221043,0
voltage_scale,48.6967525165863,362.84447206865,1446.90051274635,0.0318423018118561,-0.00255475654158952,0
voltage_scale,56.2341325190349,993.149330147122,1391.78336811394,0.0318451652075938,-0.00255498556877132,0
voltage_scale,64.9381631576211,1567.60923071413,1354.81273979237,0.0318476417639453,-0.00255518365441572,0
voltage_scale,74.9894209332456,2094.61941426622,1328.37656217745,0.0318497841342543,-0.0025553550101319,0
voltage_scale,86.5964323360065,2584.39051552063,1308.61559463371,0.0318516376782677,-0.0025555032641152,0
voltage_scale,100,3045.16969250958,1293.39137185184,0.0318532414661683,-0.00255563154140643,0
beta_v,-100,66898.229476307,149.859790542644,0.016783745693022,-0.00134621826588737,0
beta_v,-99,65993.456812533,153.002586253381,0.0167802567628397,-0.00134593904658775,0
beta_v,-98,65069.5551828495,156.47312130808,0.016776701718966,-0.00134565453726283,0
beta_v,-97,64124.6944446772,160.329951802466,0.016773078721115,-0.001345364590699,0
beta_v,-96,63156.716325988,164.647206846388,0.0167693857886604,-0.00134506904845857,0
beta_v,-95,62163.0461963646,169.520314021335,0.016765620868744,-0.00134476774632495,0
beta_v,-94,61140.5722431462,175.074511716907,0.0167617818821192,-0.00134446051797431,0
beta_v,-93,60085.4762967583,181.477897493529,0.0167578666956649,-0.00134414719278268,0
beta_v,-92,58992.990917153,188.962154667711,0.0167538729367297,-0.00134382758095148,0
beta_v,-91,57857.0404963449,197.856887624173,0.0167497983081029,-0.00134350149873636,0
beta_v,-90,56669.6936656698,208.649430970636,0.0167456403815339,-0.00134316875190495,0
beta_v,-89,55420.2977772935,222.095584087797,0.0167413965454194,-0.00134282913156158,0
beta_v,-88,54094.0612889044,239.440664999807,0.0167370641759844,-0.0013424824278422,0
beta_v,-87,52669.6742659217,262.904433445748,0.0167326404885227,-0.0013421284180122,0
beta_v,-86,51115.4593466136,296.878308248207,0.0167281226610665,-0.00134176687636387,0
beta_v,-85,49385.5858385515,351.314896448209,0.016723507576214,-0.00134139755355218,0
beta_v,-84,47443.3606428716,451.891114970007,0.0167187922087095,-0.00134102020762358,0
beta_v,-83,45496.8580922981,648.046974659324,0.0167139732748194,-0.00134063457594253,0
beta_v,-82,44130.5748226407,911.780100058701,0.0167090473481703,-0.00134024038447201,0
beta_v,-81,43272.1032712961,1155.2087196423,0.0167040108996716,-0.00133983735096764,0
beta_v,-80,42636.8779306758,1365.08650418765,0.0166988602026142,-0.00133942517738568,0
beta_v,-79,42104.1864680656,1549.08357291661,0.0166935914523341,-0.00133900355945308,0
beta_v,-78,41625.717704762,1713.8529962852,0.0166882005454204,-0.00133857216900773,0
beta_v,-77,41179.1167841162,1863.89345987291,0.0166826832692633,-0.00133813066916508,0
beta_v,-76,40752.6377220929,2002.25784012421,0.0166770352038739,-0.00133767870646761,0
beta_v,-75,40339.4832092814,2131.09141963571,0.0166712517513414,-0.00133721591323027,0
beta_v,-74,39935.4184911633,2251.95666774377,0.0166653280420284,-0.0013367419000497,0
beta_v,-73,39537.6479021052,2366.02788310638,0.0166592590633117,-0.00133625626610719,0
beta_v,-72,39144.2372651101,2474.21141742033,0.0166530394913421,-0.0013357585856965,0
beta_v,-71,38753.7952367967,2577.22265946722,0.0166466637137506,-0.00133524841005397,0
beta_v,-70,38365.2871134806,2675.63705798844,0.0166401260194018,-0.00133472528254851,0
beta_v,-69,37977.920732226,2769.9250033552,0.016633420169802,-0.00133418870436867,0
beta_v,-68,37591.0736939798,2860.47633734975,0.0166265398573864,-0.00133363817122457,0
beta_v,-67,37204.245328819,2947.61799588641,0.0166194782954947,-0.00133307314051997,0
beta_v,-66,36817.024039779,3031.62698164794,0.0166122284401715,-0.00133249304911631,0
beta_v,-65,36429.0645187416,3112.74008377356,0.0166047828499565,-0.00133189730211387,0
beta_v,-64,36040.071480188,3191.16128266132,0.0165971337350704,-0.00133128527679391,0
beta_v,-63,35649.7878056411,3267.0674754766,0.0165892728698551,-0.00133065631561538,0
beta_v,-62,35257.9857384287,3340.61296216371,0.0165811916546065,-0.00133000973117143,0
beta_v,-61,34864.4602288694,3411.93300211324,0.0165728809256089,-0.0013293447909923,0
beta_v,-60,34469.0238214418,3481.14666400146,0.0165643311734449,-0.00132866073502699,0
beta_v,-59,34071.5026643149,3548.35913095284,0.0165555322190478,-0.00132795674972697,0
beta_v,-58,33671.7333465279,3613.66358087595,0.0165464735215045,-0.00132723199268692,0
beta_v,-57,33269.5603523696,3677.14273170473,0.0165371438837322,-0.00132648556910946,0
beta_v,-56,32864.8339802675,3738.87011952193,0.0165275314110281,-0.00132571652848574,0
beta_v,-55,32457.4086137516,3798.91116160982,0.0165176236347611,-0.00132492387452753,0
beta_v,-54,32047.1412605023,3857.32404465962,0.0165074073974868,-0.00132410655598462,0
beta_v,-53,31633.8902958066,3914.16046950647,0.0164968688780983,-0.00132326346866864,0
beta_v,-52,31217.5143614384,3969.46627702978,0.0164859932982198,-0.00132239343198748,0
beta_v,-51,30797.871381696,4023.28197469543,0.01647476517954,-0.001321495209563,0
beta_v,-50,30374.8176661668,4075.64317921491,0.0164631681494981,-0.00132056749370895,0
beta_v,-49,29948.2070745799,4126.58098765786,0.0164511849594106,-0.0013196089069146,0
beta_v,-48,29517.8902233302,4176.12228686611,0.0164387972734346,-0.00131861798499972,0
beta_v,-47,29083.7137163637,4224.29000902112,0.0164259859078616,-0.00131759319630779,0
beta_v,-46,28645.519385299,4271.10333959455,0.0164127304644232,-0.00131653291240486,0
beta_v,-45,28203.1435251798,4316.57788256708,0.016399009520174,-0.00131543542335413,0
beta_v,-44,27756.4161131845,4360.72578667673,0.0163848003675002,-0.00131429891695547,0
beta_v,-43,27305.1599980932,4403.55583548351,0.0163700792911331,-0.00131312150102909,0
beta_v,-42,26849.1900483574,4445.07350318597,0.0163548211962348,-0.00131190117372527,0
beta_v,-41,26388.3122462791,4485.28097734307,0.0163389997957447,-0.0013106358386462,0
beta_v,-40,25922.3227150943,4524.17714892594,0.0163225876006026,-0.00130932330419308,0
beta_v,-39,25451.0066646459,4561.75756940708,0.0163055559389089,-0.00130796128528417,0
beta_v,-38,24974.1372398114,4598.01437387046,0.0162878748771587,-0.00130654739720368,0
beta_v,-37,24491.4742538558,4632.9361683614,0.016269513666587,-0.00130507919161316,0
beta_v,-36,24002.7627863454,4666.50787886254,0.0162504404749604,-0.00130355413532018,0
beta_v,-35,23507.7316220763,4698.71055834549,0.0162306231695003,-0.00130196967330298,0
beta_v,-34,23006.0915035046,4729.52114726681,0.0162100292335476,-0.00130032322244959,0
beta_v,-33,22497.5331642576,4758.91218160172,0.0161886266135233,-0.0012986122398421,0
beta_v,-32,21981.7251051665,4786.85144097587,0.0161663844529527,-0.00129683428213546,0
beta_v,-31,21458.3110666717,4813.30152758339,0.0161432740954195,-0.00129498708657974,0
beta_v,-30,20926.9071419002,4838.21936426603,0.0161192704101793,-0.00129306867806971,0
beta_v,-29,20387.0984627562,4861.55559722964,0.016094354079848,-0.00129107755342997,0
beta_v,-28,19838.435376217,4883.25388520896,0.016068514073342,-0.00128901288083138,0
beta_v,-27,19280.4290087518,4903.25005220518,0.0160417512614495,-0.001286874791053,0
beta_v,-26,18712.5460920469,4921.47107487143,0.0160140837481449,-0.00128466480660851,0
beta_v,-25,18134.2028912305,4937.83386772833,0.0159855533904742,-0.00128238636667398,0
beta_v,-24,17544.7580350329,4952.24381899289,0.0159562356212985,-0.001280045617338,0
beta_v,-23,16943.503992279,4964.5930159468,0.0159262521977199,-0.00127765243721585,0
beta_v,-22,16329.6568657649,4974.7580800972,0.0158957895968952,-0.00127522191684332,0
beta_v,-21,15702.3440757534,4982.59750690612,0.0158651245518272,-0.00127277641189004,0
beta_v,-20,15060.5893704139,4987.94836964656,0.0158346598523573,-0.0012703484212798,0
beta_v,-19,14403.2944138852,4990.62219755481,0.0158049755528489,-0.00126798470316153,0
beta_v,-18,13729.2159404411,4990.39976810607,0.0157769028552308,-0.00126575221250228,0
beta_v,-17,13036.9370887889,4987.02445132923,0.0157516307649822,-0.00126374667153682,0
beta_v,-16,12324.8309858873,4980.19359362837,0.015730863466717,-0.00126210521423179,0
beta_v,-15,11591.0138412284,4969.54720181844,0.0157170540357563,-0.00126102516212199,0
beta_v,-14,10833.2835849657,4954.65283827997,0.0157137566962525,-0.00126079232127679,0
beta_v,-13,10049.0381710186,4934.98508432435,0.0157261634965156,-0.00126182409004686,0
beta_v,-12,9235.16459987266,4909.8970258949,0.0157619334476768,-0.00126473605351333,0
beta_v,-11,8387.88463268971,4878.57969329897,0.0158324843203373,-0.00127044573022476,0
beta_v,-10,7502.53441235533,4840.00271875148,0.0159550193461742,-0.00128033532836365,0
beta_v,-9,6617.72079708534,1313.07451165922,0.0161556983128085,-0.0012965063796358,0
beta_v,-8,6349.05946845451,1315.82030618439,0.0164744988894736,-0.00132217003925972,0
beta_v,-7,6045.33519766977,1319.74615843409,0.0169722428965525,-0.00136221103754677,0
beta_v,-6,5696.0377931,1325.34796661618,0.0177391990173319,-0.00142387761317994,0
beta_v,-5,5285.10245866335,1333.46981080423,0.0189003402503734,-0.00151720100405545,0
beta_v,-4,4786.16051398415,1345.69259803217,0.0205997250737139,-0.00165373376613486,0
beta_v,-3,4151.35068872031,1365.42056415616,0.0229227178508528,-0.00184028758244078,0
beta_v,-2,3279.53899573627,1401.83677936898,0.02571389880785,-0.00206429366172504,0
beta_v,-1,1899.43399069095,1493.40455685796,0.0283950670017621,-0.00227922187136178,0
beta_v,0,517.053258465097,2080.85186247812,0.0301554623358244,-0.00241998663224639,0
beta_v,1,2605.54991118492,2315.79401184569,0.0305742481443103,-0.00245299174669334,0
beta_v,2,3825.93966022595,2374.12735682137,0.0299001523626607,-0.00239840806974513,0
beta_v,3,4671.62122414553,2397.30855875385,0.0286723311822157,-0.00229957812408825,0
beta_v,4,5316.50423555001,2406.83188479869,0.0273169771068393,-0.00219066990340504,0
beta_v,5,5835.41224476782,2409.6156120621,0.0260524397497419,-0.00208914672889528,0
beta_v,6,6267.60101091831,2408.64467352189,0.0249542333988604,-0.0020010232326384,0
beta_v,7,6636.34212336054,2405.43125900692,0.0240288221309675,-0.00192679092915693,0
beta_v,8,6956.61621572279,2400.82372717833,0.0232569406236534,-0.00186488914546521,0
beta_v,9,7238.65679729053,2395.33264443386,0.0226133133786053,-0.00181328213822385,0
beta_v,10,7489.77546048985,2389.28127720829,0.0220741653587311,-0.00177005843758391,0
beta_v,11,7715.3830191744,2382.88216841405,0.0216194235194881,-0.0017336056434426,0
beta_v,12,7919.59850593155,2376.27908405376,0.0212328748792729,-0.00170262212184575,0
beta_v,13,8105.63135208345,2369.57135755089,0.0209016585349529,-0.0016760757286336,0
beta_v,14,8276.03141262336,2362.82869114092,0.0206156293442735,-0.00165315248358339,0
beta_v,15,8432.85829743191,2356.10050576755,0.0203667771572389,-0.00163320983106546,0
beta_v,16,8577.79946106573,2349.42203885564,0.0201487497685235,-0.00161573829077501,0
beta_v,17,8712.25465165279,2342.81842993414,0.0199564786528733,-0.00160033139118284,0
beta_v,18,8837.39763174557,2336.307521955,0.019785891160081,-0.00158666255896731,0
beta_v,19,8954.22215623963,2329.90182057261,0.019633690235738,-0.00157446743657038,0
beta_v,20,9063.57680427139,2323.60988829911,0.0194971869071478,-0.00156353043851754,0
beta_v,21,9166.19176522636,2317.43735152875,0.0193741720489204,-0.00155367446215626,0
beta_v,22,9262.69971544297,2311.38763752057,0.0192628176184393,-0.00154475296412546,0
beta_v,23,9353.65228695313,2305.46251996154,0.0191616010136429,-0.0015366438926666,0
beta_v,24,9439.53320180577,2299.662526885,0.0190692452862076,-0.00152924489233899,0
beta_v,25,9520.76885180562,2293.98724833219,0.0189846731667109,-0.00152246961681317,0
beta_v,26,9597.73689833312,2288.43557014546,0.0189069706442774,-0.00151624480816961,0
beta_v,27,9670.77332129465,2283.00585276805,0.0188353575755136,-0.00151050794016391,0
beta_v,28,9740.17824139001,2277.69606871892,0.018769164899486,-0.00150520539119323,0
beta_v,29,9806.22076338233,2272.50390875254,0.0187078158168788,-0.00150029093530298,0
beta_v,30,9869.14303152337,2267.42686410815,0.0186508107632838,-0.0014957245374259,0
beta_v,31,9929.16364607672,2262.46229037795,0.0185977152111604,-0.00149147137544804,0
beta_v,32,9986.48055798898,2257.60745715965,0.0185481494188912,-0.00148750101841972,0
beta_v,33,10041.2735344727,2252.85958665402,0.0185017805903052,-0.0014837867980174,0
beta_v,34,10093.706269556,2248.21588362578,0.0184583155159639,-0.00148030521867576,0
beta_v,35,10143.9281991581,2243.67355858817,0.0184174952368498,-0.00147703552981855,0
beta_v,36,10192.0760689011,2239.22984565237,0.0183790901664208,-0.00147395933486847,0
beta_v,37,10238.2752939356,2234.88201616387,0.0183428960957879,-0.00147106027103165,0
beta_v,38,10282.6411429609,2230.62738900478,0.0183087308965517,-0.00146832374503652,0
beta_v,39,10325.2797729626,2226.46333825247,0.0182764315421175,-0.00146573669439138,0
beta_v,40,10366.289136634,2222.38729874004,0.0182458518705219,-0.00146328740804869,0
beta_v,41,10405.7597807718,2218.39676995199,0.0182168602584812,-0.00146096534004061,0
beta_v,42,10443.7755509395,2214.48931859856,0.0181893380733542,-0.00145876098536981,0
beta_v,43,10480.4142152565,2210.66258014306,0.0181631780128737,-0.00145666574696365,0
beta_v,44,10515.7480181491,2206.91425950276,0.0181382829322884,-0.00145467184167364,0
beta_v,45,10549.8441732575,2203.24213109901,0.0181145644523916,-0.00145277218874,0
beta_v,46,10582.7653033042,2199.64403839786,0.0180919422858624,-0.00145096035578032,0
beta_v,47,10614.5698336016,2196.11789305531,0.0180703431489049,-0.00144923047158713,0
beta_v,48,10645.3123448994,2192.66167375903,0.0180496999980371,-0.00144757716496799,0
beta_v,49,10675.0438904918,2189.27342483977,0.0180299516180878,-0.00144599553172096,0
beta_v,50,10703.8122818073,2185.9512547126,0.0180110416958836,-0.00144448106040833,0
beta_v,51,10747.5128542807,8.72623263514306,0.0179929185641464,-0.00144302961184523,0
beta_v,52,10794.4266866746,8.70868720160623,0.0179755347289602,-0.00144163738120754,0
beta_v,53,10840.2928570315,8.69062456902566,0.0179588463155768,-0.00144030085365679,0
beta_v,54,10885.1507800066,8.67207922511134,0.0179428128980297,-0.00143901679066378,0
beta_v,55,10929.0377147431,8.65308344864134,0.0179273970255467,-0.0014377821920717,0
beta_v,56,10971.9889201994,8.63366748310836,0.0179125640482891,-0.00143659428213453,0
beta_v,57,11014.0377966757,8.61385969303547,0.017898281887461,-0.00143545049108236,0
beta_v,58,11055.21601496,8.59368670628866,0.0178845206543719,-0.00143434842462308,0
beta_v,59,11095.5536344079,8.57317354246828,0.0178712527041969,-0.00143328586821728,0
beta_v,60,11135.0792110478,8.55234373001689,0.0178584521480088,-0.00143226074801706,0
beta_v,61,11173.819896727,8.53121941282188,0.017846094992309,-0.00143127114200871,0
beta_v,62,11211.8015301719,8.50982144742289,0.0178341587573868,-0.00143031524946857,0
beta_v,63,11249.0487207402,8.48816949186984,0.0178226224781673,-0.00142939139100727,0
beta_v,64,11285.5849255662,8.46628208702984,0.0178114665848291,-0.00142849799901514,0
beta_v,65,11321.4325207125,8.44417673116471,0.0178006726652715,-0.00142763359863003,0
beta_v,66,11356.6128668794,8.42186994863241,0.0177902235676441,-0.00142679681594919,0
beta_v,67,11391.1463701683,8.39937735272391,0.0177801031407122,-0.0014259863572258,0
beta_v,68,11425.0525383408,8.37671370372215,0.0177702962133572,-0.00142520100723871,0
beta_v,69,11458.3500329673,8.35389296259755,0.0177607885998566,-0.00142443962969694,0
beta_v,70,11491.056717824,8.33092834026951,0.0177515668261855,-0.00142370114533063,0
beta_v,71,11523.189703856,8.30783234363893,0.0177426183389583,-0.00142298454861766,0
beta_v,72,11554.7653910018,8.28461681779088,0.0177339312292383,-0.00142228888565521,0
beta_v,73,11585.7995071277,8.26129298521222,0.0177254942562538,-0.00142161325607911,0
beta_v,74,11616.3071443278,8.23787148252263,0.0177172968910162,-0.00142095681653041,0
beta_v,75,11646.3027927805,8.21436239418751,0.0177093291794818,-0.00142031876970643,0
beta_v,76,11675.8003723733,8.19077528428121,0.0177015815319341,-0.00141969834750384,0
beta_v,77,11704.8132622637,8.16711922551445,0.0176940451578204,-0.00141909484581798,0
beta_v,78,11733.3543285402,8.14340282704562,0.0176867114354047,-0.00141850757408493,0
beta_v,79,11761.4359501167,8.11963425992033,0.0176795724719487,-0.00141793590012107,0
beta_v,80,11789.0700430207,8.09582128095051,0.0176726205849475,-0.00141737920859012,0
beta_v,81,11816.2680831583,8.07197125508754,0.017665848578957,-0.0014168369231734,0
beta_v,82,11843.0411277081,8.04809117645202,0.0176592495887879,-0.00141630849400271,0
beta_v,83,11869.399835204,8.02418768779945,0.0176528171225034,-0.00141579340110746,0
beta_v,84,11895.3544844382,8.00026709901227,0.0176465449743316,-0.00141529114744196,0
beta_v,85,11920.9149922401,7.97633540444771,0.0176404272961938,-0.00141480126460856,0
beta_v,86,11946.0909302245,7.95239829895538,0.0176344584293766,-0.00141432329938394,0
beta_v,87,11970.891540577,7.92846119316551,0.0176286329954421,-0.00141385682099603,0
beta_v,88,11995.3257509451,7.90452922823499,0.017622946029292,-0.00141340143176674,0
beta_v,89,12019.4021884849,7.8806072886919,0.0176173925945582,-0.00141295673633748,0
beta_v,90,12043.1291931389,7.8567000153926,0.0176119681036957,-0.0014125223672781,0
beta_v,91,12066.5148301762,7.83281181810746,0.0176066680813586,-0.00141209796615242,0
beta_v,92,12089.5669020574,7.80894688598553,0.0176014883886334,-0.00141168320146754,0
beta_v,93,12112.2929596604,7.78510919859277,0.0175964249781258,-0.0014112777490596,0
beta_v,94,12134.7003129129,7.76130253613456,0.0175914739311442,-0.00141088129508382,0
beta_v,95,12156.7960408604,7.73753048882177,0.0175866315921275,-0.00141049354676238,0
beta_v,96,12178.5870012223,7.71379646614209,0.0175818944445361,-0.00141011422245355,0
beta_v,97,12200.0798394455,7.69010370481455,0.0175772591352632,-0.00140974305360652,0
beta_v,98,12221.2809973042,7.66645527757875,0.0175727224207368,-0.0014093797804447,0
beta_v,99,12242.1967210656,7.64285410045924,0.01756828119537,-0.00140902415424357,0
beta_v,100,12262.8330692497,7.61930293997911,0.0175639324674813,-0.00140867593540309,0
beta_i,-100,3883.1970389067,957.228697065602,0.158563529416734,-0.0125814070190651,0
beta_i,-99,3860.95844982396,956.357130092378,0.158569221253426,-0.0125818397560111,0
beta_i,-98,3838.49142264396,955.470166066415,0.158575088491347,-0.0125822859509765,0
beta_i,-97,3815.791474994,954.567349858373,0.158581138348863,-0.0125827461601598,0
beta_i,-96,3792.85399920365,953.64820832611,0.15858737847475,-0.0125832209730406,0
beta_i,-95,3769.67425790602,952.712249431522,0.158593816816632,-0.0125837110020856,0
beta_i,-94,3746.24737946146,951.758961307612,0.158600461841722,-0.0125842169000022,0
beta_i,-93,3722.5683531892,950.78781126899,0.158607322421909,-0.0125847393507075,0
beta_i,-92,3698.63202441944,949.798244766099,0.158614407893398,-0.0125852790739723,0
beta_i,-91,3674.43308931977,948.78968427578,0.158621728164391,-0.0125858368338253,0
beta_i,-90,3649.96608953277,947.761528125672,0.158629293617069,-0.0125864134308524,0
beta_i,-89,3625.22540658414,946.713149248804,0.158637115279,-0.0125870097155576,0
beta_i,-88,3600.20525605286,945.643893860374,0.158645204773451,-0.0125876265844842,0
beta_i,-87,3574.89968152418,944.553080055445,0.158653574370753,-0.0125882649841406,0
beta_i,-86,3549.30254827377,943.439996318771,0.158662237098654,-0.0125889259196423,0
beta_i,-85,3523.40753670072,942.303899940294,0.158671206699249,-0.0125896104512781,0
beta_i,-84,3497.20813549417,941.144015334385,0.158680497759194,-0.0125903197046426,0
beta_i,-83,3470.69763451896,939.959532250033,0.158690125754068,-0.0125910548740746,0
beta_i,-82,3443.86911740049,938.74960386442,0.158700107051255,-0.0125918172228283,0
beta_i,-81,3416.71545382739,937.513344760102,0.158710459034534,-0.0125926080927587,0
beta_i,-80,3389.22929152032,936.249828763403,0.158721200235568,-0.0125934289145347,0
beta_i,-79,3361.40304789081,934.958086646367,0.158732350258598,-0.0125942812016943,0
beta_i,-78,3333.22890135676,933.637103671334,0.158743930031359,-0.0125951665701898,0
beta_i,-77,3304.698782311,932.285816978827,0.158755961776285,-0.012596086736088,0
beta_i,-76,3275.80436373162,930.903112792452,0.158768469243588,-0.0125970435336614,0
beta_i,-75,3246.5370514233,929.487823438796,0.158781477668724,-0.0125980389120123,0
beta_i,-74,3216.88797387071,928.038724161243,0.158795014062512,-0.0125990749576426,0
beta_i,-73,3186.84797171143,926.554529715761,0.158809107233041,-0.0126001538960794,0
beta_i,-72,3156.40758678598,925.033890725851,0.158823787960155,-0.0126012781053746,0
beta_i,-71,3125.5570508039,923.475389787126,0.158839089278502,-0.0126024501381198,0
beta_i,-70,3094.28627356048,921.877537291594,0.158855046443881,-0.0126036727186902,0
beta_i,-69,3062.58483074761,920.238766954626,0.158871697339859,-0.0126049487748579,0
beta_i,-68,3030.44195131355,918.557431020869,0.158889082575463,-0.0126062814452845,0
beta_i,-67,2997.84650440057,916.831795121688,0.158907245804059,-0.0126076741042633,0
beta_i,-66,2964.78698582519,915.060032752868,0.158926233925652,-0.0126091303773116,0
beta_i,-65,2931.25150413315,913.240219348512,0.158946097474868,-0.012610654171318,0
beta_i,-64,2897.22776620996,911.370325909993,0.158966890899894,-0.0126122496960749,0
beta_i,-63,2862.70306245421,909.448212154488,0.158988672915999,-0.0126139214916286,0
beta_i,-62,2827.66425154974,907.471619147645,0.159011506972696,-0.0126156744645428,0
beta_i,-61,2792.09774481318,905.438161368919,0.159035461682739,-0.0126175139210664,0
beta_i,-60,2755.98949017616,903.34531816404,0.159060611329026,-0.0126194456063829,0
beta_i,-59,2719.32495579112,901.190424534117,0.159087036519449,-0.0126214757553973,0
beta_i,-58,2682.08911334711,898.970661196915,0.159114824628915,-0.0126236111268007,0
beta_i,-57,2644.26642107215,896.683043861788,0.159144070789699,-0.012625859079983,0
beta_i,-56,2605.84080654975,894.324411648299,0.159174878519026,-0.0126282276234931,0
beta_i,-55,2566.79564933996,891.891414562891,0.15920736068694,-0.0126307254900112,0
beta_i,-54,2527.11376355229,889.380499960371,0.159241640522763,-0.0126333622142832,0
beta_i,-53,2486.77738039977,886.787897888094,0.159277852871693,-0.0126361482304866,0
beta_i,-52,2445.76813089614,884.109605213273,0.159316145397978,-0.0126390949653161,0
beta_i,-51,2404.06702877744,881.341368415353,0.159356680209355,-0.0126422149638419,0
beta_i,-50,2361.65445383284,878.47866492427,0.159399635482489,-0.0126455220152732,0
beta_i,-49,2318.51013578028,875.516682856418,0.159445207471335,-0.0126490313085496,0
beta_i,-48,2274.61313892359,872.450298996229,0.159493612763203,-0.0126527596069379,0
beta_i,-47,2229.94184777034,869.274054854419,0.159545090799021,-0.012656725443127,0
beta_i,-46,2184.47395390799,865.98213059927,0.159599906930393,-0.0126609493559556,0
beta_i,-45,2138.18644439585,862.568316657306,0.159658355825183,-0.0126654541539406,0
beta_i,-44,2091.05559203368,859.025982732853,0.159720765365434,-0.0126702652169177,0
beta_i,-43,2043.05694785187,855.348043978542,0.159787501383102,-0.0126754108626616,0
beta_i,-42,1994.16533624893,851.526924005383,0.159858973003207,-0.0126809227601763,0
beta_i,-41,1944.35485323066,847.554514390603,0.159935638966086,-0.0126868364189734,0
beta_i,-40,1893.59886828745,843.422130280717,0.160018014993525,-0.0126931917587783,0
beta_i,-39,1841.87003043179,839.120461643516,0.160106682597008,-0.0127000337908596,0
beta_i,-38,1789.14027905154,834.63951964489,0.160202299416159,-0.0127074134175873,0
beta_i,-37,1735.38086023179,829.968577552987,0.160305611484474,-0.0127153883806708,0
beta_i,-36,1680.56234928649,825.096105472249,0.16041746799459,-0.0127240244026059,0
beta_i,-35,1624.65468025974,820.009698095763,0.160538838882547,-0.0127333965455841,0
beta_i,-34,1567.62718324322,814.695994513867,0.160670836168413,-0.012743590860411,0
beta_i,-33,1509.44863038844,809.140588956946,0.160814739698766,-0.0127547063747337,0
beta_i,-32,1450.08729150075,803.327931105031,0.160972028602769,-0.0127668575220147,0
beta_i,-31,1389.51100015945,797.241214358867,0.161144420015372,-0.0127801771306499,0
beta_i,-30,1327.68723134851,790.86225009237,0.161333916442719,-0.0127948200781786,0
beta_i,-29,1264.5831914891,784.171325506256,0.161542865165518,-0.0128109678730517,0
beta_i,-28,1265.90048982096,2437.64878425038,0.161774032074959,-0.0128288343458859,0
beta_i,-27,1270.09534903487,2430.87190787283,0.162030695142467,-0.0128486728508261,0
beta_i,-26,1275.02117762489,2424.06353576475,0.162316762949348,-0.0128707853909117,0
beta_i,-25,1280.69847990821,2417.22715420075,0.162636926825859,-0.0128955343234605,0
beta_i,-24,1287.14717762166,2410.3665378789,0.162996857671236,-0.0129233574900153,0
beta_i,-23,1294.38644491573,2403.48575507704,0.163403463272385,-0.0129547879783138,0
beta_i,-22,1302.43453116654,2396.58917044697,0.163865228205732,-0.0129904801980309,0
beta_i,-21,1311.30857267476,2389.68144505654,0.16439266842601,-0.0130312447101093,0
beta_i,-20,1321.02439477464,2382.76753327436,0.164998946375763,-0.0130780952833412,0
beta_i,-19,1331.59630635181,2375.8526761135,0.165700715090453,-0.0131323133526455,0
beta_i,-18,1343.03688931796,2368.94239066463,0.166519293325677,-0.0131955375594938,0
beta_i,-17,1355.35678610968,2362.04245529351,0.167482326741073,-0.0132698899855884,0
beta_i,-16,1368.56448880098,2355.15889033485,0.168626175411921,-0.0133581569629104,0
beta_i,-15,1382.66613394747,2348.29793410072,0.169999402241003,-0.0134640520848923,0
beta_i,-14,1397.66530764128,2341.46601411316,0.171667954156034,-0.0135926045076012,0
beta_i,-13,1413.56286563703,2334.66971359895,0.17372295721263,-0.0137507381279824,0
beta_i,-12,1430.35677358126,2327.9157334152,0.176292501109208,-0.0139481354841183,0
beta_i,-11,1448.0419723729,2321.21084972642,0.17955910227118,-0.0141984872741313,0
beta_i,-10,1466.61027355766,2314.56186791232,0.183783138504904,-0.0145210740439345,0
beta_i,-9,1486.050289231,2307.97557333951,0.189321041188425,-0.0149415998657834,0
beta_i,-8,1506.3474003477,2301.45867978191,0.196559553501795,-0.0154855359939647,0
beta_i,-7,1527.48376649365,2295.01777640855,0.205282030529582,-0.0161243563682636,0
beta_i,-6,1549.43837915689,2288.65927436064,0.210198797126329,-0.0164155922962701,0
beta_i,-5,1572.18715935615,2282.38935401981,0.168069565541079,-0.0129606220161929,0
beta_i,-4,1595.70309919022,2276.21391409803,-0.226195504472765,0.0170115843056565,0
beta_i,-3,1619.95644552272,2270.13852366941,-0.232475286060829,0.0188302041028565,0
beta_i,-2,1644.91492269322,2264.16837820968,-0.0628528470223256,0.00506239504120954,0
beta_i,-1,1670.54398993309,2258.3082606034,-0.00445913635084383,0.000358278315816157,0
beta_i,0,1696.8071280506,2252.56250793548,0.021135425478678,-0.0016963005685957,0
beta_i,1,1723.66614914739,2246.93498470904,0.0318219769161967,-0.00255347431880274,0
beta_i,2,1751.08152249933,2241.42906292728,0.0331384797055081,-0.00266096104758987,0
beta_i,3,1779.01270943391,2236.04760926625,0.0268724320052243,-0.00216224335858832,0
beta_i,4,1807.4185000607,2230.79297934595,0.0172173005462222,-0.00139231576616926,0
beta_i,5,1836.25734493667,2225.66701890389,0.0514597991335321,-0.00421447216516881,0
beta_i,6,1865.48767532213,2220.67107148646,0.446597760947172,-0.0373032278062836,0
beta_i,7,1895.06820638008,2215.80599211507,0.460896848818237,-0.0363236885949844,0
beta_i,8,1924.95821858997,2211.07216625778,0.302157772555525,-0.02386125488838,0
beta_i,9,1955.11781362752,2206.46953334484,0.246712127450474,-0.0195118992860277,0
beta_i,10,1985.5081419651,2201.99761401719,0.219452378391792,-0.0173723846635053,0
beta_i,11,2016.09160051597,2197.65554027291,0.203638669997257,-0.0161305489362967,0
beta_i,12,2046.83199954202,2193.44208769504,0.193498598299613,-0.0153339023565512,0
beta_i,13,2077.69469896291,2189.35570897796,0.186542313122391,-0.0147871871498458,0
beta_i,14,2108.64671491087,2185.39456803575,0.181531640284413,-0.0143932614133368,0
beta_i,15,2139.65679803012,2181.55657404653,0.177786464889074,-0.014098745764558,0
beta_i,16,2170.69548545452,2177.83941487756,0.174904634131996,-0.0138720666983916,0
beta_i,17,2201.73512878248,2174.24058942046,0.172634430406908,-0.0136934561910334,0
beta_i,18,2257.69275247105,25.2959205036287,0.170810993519017,-0.013549964376102,0
beta_i,19,2326.72905454156,25.1033898328297,0.169322282777966,-0.013432788657531,0
beta_i,20,2393.07066132361,24.9251886211775,0.168089775417104,-0.0133357587537672,0
beta_i,21,2456.93614608827,24.7595824227721,0.167056988513231,-0.0132544355921148,0
beta_i,22,2518.51753496117,24.6051210499496,0.166182376420397,-0.0131855535979221,0
beta_i,23,2577.98453078542,24.4605807929385,0.165434783439452,-0.0131266635649108,0
beta_i,24,2635.48791782702,24.3249204660629,0.164790445710976,-0.0130758971588674,0
beta_i,25,2691.1623324768,24.1972475167556,0.164230964039997,-0.0130318076646424,0
beta_i,26,2745.1285378199,24.076791572224,0.163741901237916,-0.0129932597813044,0
beta_i,27,2797.49530596447,23.9628835553694,0.16331179259158,-0.0129593518672683,0
beta_i,28,2848.36098731069,23.8549390349345,0.16293143498724,-0.0129293600760901,0
beta_i,29,2897.81482779519,23.752444822652,0.162593368065261,-0.0129026975790443,0
beta_i,30,2945.93808165255,23.6549480919162,0.162291489942852,-0.0128788843614542,0
beta_i,31,2992.80495693235,23.5620474754659,0.162020768958595,-0.0128575245641387,0
beta_i,32,3038.48342338277,23.4733857242879,0.161777024559907,-0.0128382892588212,0
beta_i,33,3083.03590625712,23.3886436158781,0.161556759194523,-0.0128209032320378,0
beta_i,34,3126.5198850156,23.3075348668316,0.161357027956408,-0.0128051347364036,0
beta_i,35,3168.98841229836,23.2298018579036,0.161175336400402,-0.0127907874561331,0
beta_i,36,3210.49056571465,23.155212020061,0.161009559890557,-0.0127776941652853,0
beta_i,37,3251.07184268317,23.083554767967,0.160857879368563,-0.0127657116767537,0
beta_i,38,3290.77450681074,23.0146388813686,0.16071872979771,-0.0127547167880001,0
beta_i,39,3329.63789287104,22.9482902595886,0.160590758719737,-0.0127446030215395,0
beta_i,40,3367.6986761998,22.8843499892556,0.160472792132437,-0.0127352779414206,0
beta_i,41,3404.99111142234,22.8226726719768,0.16036380701031,-0.0127266609916969,0
beta_i,42,3441.54724467935,22.7631249735528,0.160262908488904,-0.0127186817018593,0
beta_i,43,3477.39710279569,22.7055843596796,0.160169310874841,-0.0127112781930587,0
beta_i,44,3512.56886237132,22.6499379917713,0.160082322110239,-0.0127043959559033,0
beta_i,45,3547.08900135106,22.5960817565556,0.160001330561742,-0.0126979868111664,0
beta_i,46,3580.98243517916,22.5439194136015,0.159925794096951,-0.0126920080503528,0
beta_i,47,3614.2726394299,22.4933618425921,0.159855230644603,-0.0126864216930269,0
beta_i,48,3646.98176050112,22.444326377077,0.159789210562957,-0.0126811938862306,0
beta_i,49,3679.13071574197,22.3967362134651,0.159727349742675,-0.0126762943618709,0
beta_i,50,3710.73928423094,22.3505198838036,0.159669303979856,-0.0126716959938419,0
beta_i,51,3741.82618921911,22.3056107878774,0.159614764111511,-0.0126673744152281,0
beta_i,52,3772.4091731585,22.2619467735779,0.159563451789587,-0.0126633076857147,0
beta_i,53,3802.50506612441,22.2194697588887,0.159515115834182,-0.0126594760045649,0
beta_i,54,3832.1298482878,22.1781253960705,0.159469529140429,-0.0126558614671467,0
beta_i,55,3861.29870707767,22.1378627672888,0.159426485885145,-0.012652447845112,0
beta_i,56,3890.02608957737,22.0986341093112,0.159385799289686,-0.0126492204102053,0
beta_i,57,3918.32575059767,22.0603945672974,0.159347299457651,-0.0126461657640812,0
beta_i,58,3946.21079687934,22.0231019688808,0.159310831530408,-0.0126432716931503,0
beta_i,59,3973.69372778913,21.9867166220392,0.159276254192597,-0.0126405270508244,0
beta_i,60,4000.78647282581,21.9512011295591,0.159243438291977,-0.0126379216488688,0
beta_i,61,4027.50042625548,21.9165202202331,0.159212265466682,-0.0126354461493781,0
beta_i,62,4053.84647912192,21.8826405970127,0.159182627259998,-0.0126330919949573,0
beta_i,63,4079.83504887607,21.8495307951308,0.159154423952901,-0.012630851316911,0
beta_i,64,4105.47610683378,21.817161055918,0.159127563923161,-0.0126287168846231,0
beta_i,65,4130.77920365922,21.7855032079326,0.159101962668629,-0.0126266820287981,0
beta_i,66,4155.753493022,21.7545305603914,0.159077542330432,-0.0126247406037544,0
beta_i,67,4180.40775360661,21.7242178044656,0.159054230946314,-0.0126228869286954,0
beta_i,68,4204.75040960678,21.6945409213991,0.159031962005276,-0.0126211157526099,0
beta_i,69,4228.78954981923,21.6654771005347,0.159010673892986,-0.0126194222105852,0
beta_i,70,4252.53294544601,21.6370046612533,0.158990309519342,-0.0126178017944403,0
beta_i,71,4275.98806674451,21.6091029820675,0.158970815875187,-0.012616250317842,0
beta_i,72,4299.16209857037,21.5817524349338,0.158952143759425,-0.0126147638947441,0
beta_i,73,4322.06195492409,21.5549343241942,0.158934247357591,-0.0126133389062565,0
beta_i,74,4344.69429258029,21.5286308310066,0.158917084030988,-0.0126119719839708,0
beta_i,75,4367.065523852,21.5028249604191,0.158900614056896,-0.012610659989491,0
beta_i,76,4389.18182857987,21.477500493328,0.158884800349668,-0.0126093999924941,0
beta_i,77,4411.04916536667,21.4526419417213,0.158869608282006,-0.0126081892565989,0
beta_i,78,4432.67328216415,21.4282345058631,0.158855005540492,-0.0126070252279557,0
beta_i,79,4454.05972620251,21.4042640364058,0.158840961804005,-0.0126059055100137,0
beta_i,80,4475.21385334778,21.3807169977342,0.158827448725028,-0.0126048278619194,0
beta_i,81,4496.14083691383,21.3575804342637,0.158814439745139,-0.0126037901840226,0
beta_i,82,4516.84567597273,21.3348419381875,0.158801909963929,-0.0126027905075235,0
beta_i,83,4537.33320318448,21.3124896208373,0.158789835956927,-0.0126018269801812,0
beta_i,84,4557.60809219256,21.2905120848914,0.158778195757753,-0.0126008978648063,0
beta_i,85,4577.67486461535,21.2688983981949,0.158766968686036,-0.0126000015257737,0
beta_i,86,4597.53789663954,21.2476380700482,0.158756135305891,-0.0125991364256987,0
beta_i,87,4617.20142527035,21.2267210281936,0.158745677304221,-0.0125983011158584,0
beta_i,88,4636.66955424877,21.2061375977451,0.15873557741586,-0.0125974942302885,0
beta_i,89,4655.94625963357,21.1858784816195,0.158725819369777,-0.0125967144815315,0
beta_i,90,4675.03539511795,21.1659347406205,0.158716387823177,-0.0125959606554382,0
beta_i,91,4693.94069705657,21.1462977775013,0.158707268264911,-0.0125952316035666,0
beta_i,92,4712.66578923011,21.1269593190654,0.158698446982461,-0.0125945262405497,0
beta_i,93,4731.21418738422,21.1079114012759,0.158689911015678,-0.0125938435404801,0
beta_i,94,4749.58930352311,21.0891463542374,0.158681648151421,-0.0125931825364084,0
beta_i,95,4767.79445000169,21.0706567885125,0.158673646739959,-0.0125925423059928,0
beta_i,96,4785.83284341493,21.0524355820986,0.158665895799866,-0.0125919219796368,0
beta_i,97,4803.7076082867,21.0344758680849,0.158658384910468,-0.0125913207320897,0
beta_i,98,4821.4217806016,21.016771022853,0.158651104203088,-0.0125907377817065,0
beta_i,99,4838.97831114485,20.9993146556261,0.158644044292386,-0.0125901723850615,0
beta_i,100,4856.38006870367,20.982100597184,0.158637196272204,-0.0125896238366121,0
td_scale,0.001,0.0305324933453464,1.9834749122352,0.0305324933453464,-0.00244993401598102,0
td_scale,0.00107460782832132,0.0305324888020697,1.98347491348917,0.0305324888020697,-0.00244993364988082,0
td_scale,0.00115478198468946,0.0305324876112307,1.98347491310846,0.0305324876112307,-0.00244993355479846,0
td_scale,0.00124093776075172,0.0305324920364711,1.983474911786,0.0305324920364711,-0.00244993391151205,0
td_scale,0.00133352143216332,0.0305324953396464,1.98347491178672,0.0305324953396464,-0.00244993417655708,0
td_scale,0.00143301257023696,0.0305324933453821,1.983474911683,0.0305324933453821,-0.00244993401666594,0
td_scale,0.00153992652605949,0.0305324948109579,1.983474911181,0.0305324948109579,-0.00244993413488342,0
td_scale,0.00165481709994318,0.0305324917776096,1.9834749107809,0.0305324917776096,-0.00244993389198253,0
td_scale,0.00177827941003892,0.0305324924380279,1.98347491014916,0.0305324924380279,-0.00244993394575463,0
td_scale,0.00191095297497044,0.030532493373806,1.98347490983954,0.030532493373806,-0.00244993402122365,0
td_scale,0.00205352502645715,0.03053249425377,1.98347490904388,0.03053249425377,-0.0024499340928145,0
td_scale,0.00220673406908459,0.0305324924874355,1.9834749086623,0.0305324924874355,-0.00244993395155559,0
td_scale,0.00237137370566166,0.0305324930286623,1.98347490836019,0.0305324930286623,-0.00244993399535665,0
td_scale,0.00254829674797935,0.0305324914104457,1.98347490730692,0.0305324914104457,-0.00244993386681233,0
td_scale,0.00273841963426436,0.0305324929768574,1.98347490675338,0.0305324929768574,-0.00244993399318452,0
td_scale,0.00294272717620928,0.0305324898845134,1.98347490562137,0.0305324898845134,-0.00244993374645385,0
td_scale,0.00316227766016838,0.0305324904300004,1.98347490477009,0.0305324904300004,-0.00244993379127507,0
td_scale,0.00339820832894256,0.0305324887196063,1.98347490408516,0.0305324887196063,-0.0024499336548795,0
td_scale,0.00365174127254838,0.0305324879036082,1.98347490312304,0.0305324879036082,-0.00244993359059239,0
td_scale,0.00392418975848454,0.0305324883832053,1.98347490211807,0.0305324883832053,-0.00244993363031644,0
td_scale,0.00421696503428582,0.0305324867551905,1.98347490091033,0.0305324867551905,-0.00244993350117671,0
td_scale,0.00453158363760082,0.0305324872921628,1.98347489974658,0.0305324872921628,-0.00244993354570066,0
td_scale,0.00486967525165863,0.0305324856074217,1.98347489837006,0.0305324856074217,-0.00244993341221769,0
td_scale,0.00523299114681495,0.0305324843636054,1.98347489704803,0.0305324843636054,-0.00244993331404713,0
td_scale,0.00562341325190349,0.0305324831065292,1.98347489536176,0.0305324831065292,-0.00244993321526248,0
td_scale,0.00604296390238133,0.0305324818455092,1.98347489378402,0.0305324818455092,-0.00244993311602733,0
td_scale,0.00649381631576211,0.0305324814549492,1.98347489227322,0.0305324814549492,-0.00244993308655499,0
td_scale,0.00697830584859866,0.0305324802617588,1.98347489028407,0.0305324802617588,-0.00244993299327062,0
td_scale,0.00749894209332456,0.0305324798151475,1.98347488830024,0.0305324798151475,-0.00244993295988501,0
td_scale,0.00805842187761482,0.0305324786306561,1.98347488633667,0.0305324786306561,-0.00244993286726706,0
td_scale,0.00865964323360065,0.0305324760473194,1.9834748839281,0.0305324760473194,-0.00244993266295576,0
td_scale,0.00930572040929699,0.0305324750991796,1.98347488137244,0.0305324750991796,-0.00244993259003394,0
td_scale,0.01,0.0305324744243846,1.98347487869251,0.0305324744243846,-0.00244993253919872,0
td_scale,0.0107460782832132,0.0305324726058662,1.98347487596322,0.0305324726058662,-0.0024499323966524,0
td_scale,0.0115478198468946,0.030532470591657,1.98347487285508,0.030532470591657,-0.00244993223887184,0
td_scale,0.0124093776075172,0.0305324685388262,1.98347486948854,0.0305324685388262,-0.00244993207831145,0
td_scale,0.0133352143216332,0.0305324662890248,1.98347486600604,0.0305324662890248,-0.00244993190208943,0
td_scale,0.0143301257023696,0.0305324634674025,1.98347486217314,0.0305324634674025,-0.00244993168041745,0
td_scale,0.0153992652605949,0.0305324611421129,1.98347485817278,0.0305324611421129,-0.00244993149877791,0
td_scale,0.0165481709994318,0.0305324592155902,1.98347485365234,0.0305324592155902,-0.00244993134977772,0
td_scale,0.0177827941003892,0.0305324562221181,1.98347484900117,0.0305324562221181,-0.00244993111532724,0
td_scale,0.0191095297497044,0.030532452483586,1.98347484397018,0.030532452483586,-0.00244993082156249,0
td_scale,0.0205352502645715,0.0305324499946784,1.98347483843683,0.0305324499946784,-0.00244993062868777,0
td_scale,0.0220673406908459,0.0305324467473671,1.98347483261575,0.0305324467473671,-0.00244993037531434,0
td_scale,0.0237137370566166,0.0305324422077841,1.98347482631737,0.0305324422077841,-0.0024499300188389,0
td_scale,0.0254829674797935,0.0305324378998688,1.98347481954563,0.0305324378998688,-0.00244992968153709,0
td_scale,0.0273841963426436,0.0305324334488157,1.98347481225831,0.0305324334488157,-0.00244992933338675,0
td_scale,0.0294272717620928,0.0305324290902654,1.98347480446272,0.0305324290902654,-0.00244992899328662,0
td_scale,0.0316227766016838,0.0305324239248803,1.98347479604188,0.0305324239248803,-0.00244992858921855,0
td_scale,0.0339820832894256,0.0305324187270157,1.98347478706045,0.0305324187270157,-0.00244992818323675,0
td_scale,0.0365174127254838,0.0305324126593933,1.98347477732983,0.0305324126593933,-0.00244992770839117,0
td_scale,0.0392418975848454,0.0305324067086466,1.98347476687966,0.0305324067086466,-0.00244992724381242,0
td_scale,0.0421696503428582,0.0305324000711227,1.98347475570826,0.0305324000711227,-0.00244992672501768,0
td_scale,0.0453158363760082,0.0305323926045948,1.98347474363521,0.0305323926045948,-0.00244992614081754,0
td_scale,0.0486967525165863,0.0305323849639341,1.98347473072075,0.0305323849639341,-0.00244992554368431,0
td_scale,0.0523299114681495,0.0305323768751524,1.9834747168193,0.0305323768751524,-0.00244992491181304,0
td_scale,0.0562341325190349,0.0305323680134597,1.98347470187979,0.0305323680134597,-0.00244992421920574,0
td_scale,0.0604296390238133,0.0305323584005435,1.98347468583166,0.0305323584005435,-0.00244992346768978,0
td_scale,0.0649381631576211,0.0305323480212161,1.98347466860605,0.0305323480212161,-0.00244992265613153,0
td_scale,0.0697830584859866,0.0305323370732491,1.98347465000156,0.0305323370732491,-0.00244992180064891,0
td_scale,0.0749894209332456,0.0305323249346368,1.98347463012004,0.0305323249346368,-0.00244992085120653,0
td_scale,0.0805842187761482,0.030532312622948,1.98347460873606,0.030532312622948,-0.0024499198897323,0
td_scale,0.0865964323360065,0.0305322985923593,1.98347458569479,0.0305322985923593,-0.00244991879238094,0
td_scale,0.0930572040929699,0.0305322836798145,1.98347456098456,0.0305322836798145,-0.00244991762632306,0
td_scale,0.1,0.0305322679128983,1.98347453443375,0.0305322679128983,-0.00244991639398399,0
td_scale,0.107460782832132,0.0305322508260606,1.98347450583442,0.0305322508260606,-0.00244991505826496,0
td_scale,0.115478198468946,0.0305322326577977,1.98347447514178,0.0305322326577977,-0.00244991363835815,0
td_scale,0.124093776075172,0.0305322127758043,1.98347444219061,0.0305322127758043,-0.00244991208373161,0
td_scale,0.133352143216332,0.030532191658022,1.9834744067336,0.030532191658022,-0.00244991043304073,0
td_scale,0.143301257023696,0.0305321691151355,1.98347436863748,0.0305321691151355,-0.00244990867125945,0
td_scale,0.153992652605949,0.0305321446952003,1.98347432772945,0.0305321446952003,-0.0024499067623373,0
td_scale,0.165481709994318,0.0305321186806589,1.98347428377541,0.0305321186806589,-0.00244990472922653,0
td_scale,0.177827941003892,0.0305320907050881,1.98347423652632,0.0305320907050881,-0.00244990254283301,0
td_scale,0.191095297497044,0.0305320604183204,1.98347418571779,0.0305320604183204,-0.00244990017538591,0
td_scale,0.205352502645715,0.0305320280108599,1.98347413114958,0.0305320280108599,-0.00244989764241856,0
td_scale,0.220673406908459,0.0305319933534771,1.98347407249957,0.0305319933534771,-0.00244989493395943,0
td_scale,0.237137370566166,0.0305319557291386,1.9834740094252,0.0305319557291386,-0.002449891992897,0
td_scale,0.254829674797935,0.0305319155850543,1.98347394170026,0.0305319155850543,-0.00244988885539465,0
td_scale,0.273841963426436,0.0305318727202115,1.98347386891973,0.0305318727202115,-0.0024498855058234,0
td_scale,0.294272717620928,0.0305318262532079,1.98347379069167,0.0305318262532079,-0.00244988187394375,0
td_scale,0.316227766016838,0.0305317767239588,1.98347370664313,0.0305317767239588,-0.00244987800353898,0
td_scale,0.339820832894256,0.0305317233793994,1.98347361629454,0.0305317233793994,-0.00244987383477559,0
td_scale,0.365174127254838,0.0305316661253772,1.98347351919982,0.0305316661253772,-0.00244986936064971,0
td_scale,0.392418975848454,0.0305316047142921,1.98347341485741,0.0305316047142921,-0.00244986456191333,0
td_scale,0.421696503428582,0.0305315386951963,1.98347330273322,0.0305315386951963,-0.00244985940304207,0
td_scale,0.453158363760082,0.0305314679239956,1.98347318225346,0.0305314679239956,-0.00244985387318243,0
td_scale,0.486967525165863,0.030531391980251,1.98347305273052,0.030531391980251,-0.00244984793944758,0
td_scale,0.523299114681495,0.0305313105902911,1.9834729135579,0.0305313105902911,-0.00244984158062714,0
td_scale,0.562341325190349,0.0305312229852461,1.98347276401592,0.0305312229852461,-0.00244983473591583,0
td_scale,0.604296390238133,259.329855992276,2575.20428614792,0.0305311291667435,-0.00244982740647815,0
td_scale,0.649381631576211,613.128140599845,2536.09210835385,0.0305310285349865,-0.0024498195451576,0
td_scale,0.697830584859866,913.833842717839,2492.89240126731,0.0305309206276849,-0.0024498111160114,0
td_scale,0.749894209332456,1164.2167552465,2446.74114797135,0.0305308048416614,-0.00244980207178852,0
td_scale,0.805842187761482,1367.13850566608,2398.54099905392,0.0305306807320065,-0.00244979237809594,0
td_scale,0.865964323360065,1525.3973906312,2349.00650989138,0.030530547606529,-0.00244978198078774,0
td_scale,0.930572040929699,1641.63027654791,2298.69864482785,0.0305304050794966,-0.00244977085032483,0
td_scale,1,1718.24855511334,2248.05086192629,0.0305302522952107,-0.00244975891973833,0
td_scale,1.07460782832132,1757.39376631689,2197.3883690777,0.0305300884390111,-0.00244974612530852,0
td_scale,1.15478198468946,1760.90348799452,2146.94152119051,0.0305299131192711,-0.00244973243748226,0
td_scale,1.24093776075172,1730.28107465474,2096.85374187762,0.0305297253131622,-0.00244971777611765,0
td_scale,1.33352143216332,1666.66481921228,2047.18370394066,0.0305295243277679,-0.00244970208782222,0
td_scale,1.43301257023696,1570.79399411799,1997.90064762463,0.0305293089911401,-0.00244968528077702,0
td_scale,1.53992652605949,1442.97233126129,1948.87042515743,0.0305290788837919,-0.00244966732384111,0
td_scale,1.65481709994318,1283.1297573699,1847.35005029139,0.0305288327327058,-0.00244964811748319,0
td_scale,1.77827941003892,1122.71905165677,1801.11427388054,0.0305285695578379,-0.00244962758591074,0
td_scale,1.91095297497044,929.969699769249,1754.10636901057,0.0305282883281743,-0.00244960564948978,0
td_scale,2.05352502645715,703.582077702124,1705.50402384937,0.0305279879912248,-0.00244958222704654,0
td_scale,2.20673406908459,442.582534370363,1653.99268116409,0.0305276673260317,-0.00244955722415132,0
td_scale,2.37137370566166,148.213315001363,1597.52157047055,0.030527325300467,-0.00244953056180028,0
td_scale,2.54829674797935,0.0305269603540153,1.98346513959403,0.0305269603540153,-0.00244950211889643,0
td_scale,2.73841963426436,0.0305265716523401,1.98346440798387,0.0305265716523401,-0.00244947183291494,0
td_scale,2.94272717620928,0.030526157608127,1.98346362147397,0.030526157608127,-0.0024494395812179,0
td_scale,3.16227766016838,0.0305257170313605,1.98346277590816,0.0305257170313605,-0.00244940527344563,0
td_scale,3.39820832894256,0.0305252486404757,1.98346186681873,0.0305252486404757,-0.00244936881227645,0
td_scale,3.65174127254838,0.0305247511357607,1.98346088939877,0.0305247511357607,-0.00244933009935055,0
td_scale,3.92418975848454,0.0305242232296342,1.98345983847675,0.0305242232296342,-0.00244928903773065,0
td_scale,4.21696503428582,0.0305236637449712,1.98345870848216,0.0305236637449712,-0.00244924553983411,0
td_scale,4.53158363760082,0.0305230715198825,1.98345749340935,0.0305230715198825,-0.00244919951983688,0
td_scale,4.86967525165863,0.0305224455630236,1.98345618679877,0.0305224455630236,-0.00244915090615854,0
td_scale,5.23299114681495,0.0305217849446782,1.98345478167738,0.0305217849446782,-0.0024490996327963,0
td_scale,5.62341325190349,0.030521089032099,1.98345327054413,0.030521089032099,-0.00244904565822662,0
td_scale,6.04296390238133,0.0305203573660077,1.98345164531899,0.0305203573660077,-0.00244898895555828,0
td_scale,6.49381631576211,0.0305195898138416,1.98344989726652,0.0305195898138416,-0.0024489295249233,0
td_scale,6.97830584859866,0.0305187866642006,1.98344801699599,0.0305187866642006,-0.00244886740105514,0
td_scale,7.49894209332456,0.0305179486538728,1.98344599436227,0.0305179486538728,-0.00244880265557954,0
td_scale,8.05842187761482,0.0305170771802288,1.98344381843418,0.0305170771802288,-0.00244873541409637,0
td_scale,8.65964323360065,0.0305161743585617,1.98344147741445,0.0305161743585617,-0.00244866586087954,0
td_scale,9.30572040929699,0.0305152431658912,1.98343895856893,0.0305152431658912,-0.00244859425050357,0
td_scale,10,0.0305142876919685,1.9834362481582,0.0305142876919685,-0.00244852092806933,0
td_scale,10.7460782832132,0.0305133133353674,1.98343333133782,0.0305133133353674,-0.00244844634506237,0
td_scale,11.5478198468946,0.0305123270233494,1.98343019208499,0.0305123270233494,-0.00244837107708666,0
td_scale,12.4093776075172,0.0305113375993916,1.98342681308618,0.0305113375993916,-0.00244829585510043,0
td_scale,13.3352143216332,0.0305103561509931,1.98342317563537,0.0305103561509931,-0.00244822159184737,0
td_scale,14.3301257023696,0.0305093963737655,1.98341925950413,0.0305093963737655,-0.00244814941123479,0
td_scale,15.3992652605949,24.5004966448773,2597.33970217631,0.0305084752420717,-0.00244808070227598,0
td_scale,16.5481709994318,81.4840201643251,2596.30400631244,0.0305076133770061,-0.00244801714885253,0
td_scale,17.7827941003892,134.308755452616,2595.24322548264,0.0305068359798856,-0.00244796080475474,0
td_scale,19.1095297497044,183.296731948003,2594.17210552487,0.0305061735479808,-0.00244791415135399,0
td_scale,20.5352502645715,228.741842062028,2593.10259703565,0.0305056628394124,-0.00244788017527841,0
td_scale,22.0673406908459,270.912862677435,2592.04429906814,0.030505348122993,-0.00244786246892408,0
td_scale,23.7137370566166,310.056055085839,2591.00483459451,0.0305052824609776,-0.00244786533369668,0
td_scale,25.4829674797935,346.397418003743,2589.99016864322,0.0305055293636114,-0.00244789391307591,0
td_scale,27.3841963426436,380.144652580064,2589.00487812131,0.0305061647515962,-0.00244795435041048,0
td_scale,29.4272717620928,411.488886330042,2588.05238079677,0.0305072790735109,-0.00244805395924737,0
td_scale,31.6227766016838,440.606193722169,2587.13512967523,0.0305089802088978,-0.00244820145661253,0
td_scale,33.9820832894256,467.6589439959,2586.25477799007,0.0305113963952078,-0.00244840719840582,0
td_scale,36.5174127254838,492.797001189503,2585.41231919608,0.0305146801633497,-0.00244868349562784,0
td_scale,39.2418975848454,516.158796940263,2584.60820566886,0.0305190126698064,-0.00244904496256263,0
td_scale,42.1696503428582,537.872293104763,2583.84244924621,0.0305246090851575,-0.00244950894973144,0
td_scale,45.3158363760082,558.055848425022,2583.1147062721,0.0305317247644292,-0.00245009603963975,0
td_scale,48.6967525165863,576.819001195811,2582.42434940844,0.0305406627265067,-0.00245083064762084,0
td_scale,52.3299114681495,594.263178040273,2581.77052814547,0.0305517823733796,-0.00245174172223871,0
td_scale,56.2341325190349,610.482337383473,2581.15221966054,0.0305655101701613,-0.00245286360295234,0
td_scale,60.4296390238133,625.563554980443,2580.56827143625,0.0305823517866525,-0.00245423699526245,0
td_scale,64.9381631576211,639.587557814523,2580.01743684607,0.0306029070735337,-0.0024559101731301,0
td_scale,69.7830584859866,652.629211832819,2579.49840474325,0.0306278873142354,-0.00245794036413579,0
td_scale,74.9894209332456,664.757968265409,2579.00982394108,0.0306581359549229,-0.00246039541352992,0
td_scale,80.5842187761482,676.038272672073,2578.55032334616,0.0306946527667288,-0.00246335572364091,0
td_scale,86.5964323360065,686.529940347926,2578.11852839837,0.0307386225419481,-0.00246691655672555,0
td_scale,93.0572040929699,696.288501289971,2577.71307437881,0.0307914482126163,-0.00247119069236686,0
td_scale,100,705.365517549601,2577.33261706612,0.0308547895686024,-0.00247631153343138,0
rd_scale,0.01,1718.9624520476,2248.00876850612,0.030530252312382,-0.00244975892112696,0
rd_scale,0.0109367652122497,1718.96177653281,2248.0088083362,0.0305302520482881,-0.00244975889989955,0
rd_scale,0.0119612833307875,1718.96103773829,2248.0088518975,0.0305302521718427,-0.00244975890984298,0
rd_scale,0.0130817747426019,1718.96022973619,2248.00889953934,0.0305302523161355,-0.0024497589214167,0
rd_scale,0.0143072298919376,1718.95934604292,2248.00895164427,0.0305302521174553,-0.00244975890545895,0
rd_scale,0.0156474814165802,1718.9583795684,2248.0090086301,0.030530251985962,-0.00244975889489634,0
rd_scale,0.0171132830416178,1718.95732255801,2248.00907095423,0.0305302520309131,-0.00244975889849645,0
rd_scale,0.0187163958636948,1718.95616653098,2248.0091391166,0.0305302521800122,-0.00244975891049102,0
rd_scale,0.0204696827180752,1718.95490221073,2248.00921366417,0.0305302521530115,-0.00244975890830896,0
rd_scale,0.0223872113856834,1718.95351945367,2248.00929519516,0.0305302522218747,-0.002449758913861,0
rd_scale,0.0244843674682223,1718.95200716488,2248.00938436366,0.0305302521255684,-0.00244975890611708,0
rd_scale,0.0267779778370392,1718.9503532099,2248.00948188517,0.0305302520322597,-0.0024497588986145,0
rd_scale,0.0292864456462524,1718.94854431903,2248.00958854217,0.0305302522533822,-0.00244975891637572,0
rd_scale,0.0320298979934375,1718.94656597656,2248.00970519035,0.0305302520580315,-0.00244975890070644,0
rd_scale,0.0350303474126533,1718.94440231074,2248.00983276577,0.0305302521719988,-0.00244975890984932,0
rd_scale,0.0383118684955729,1718.94203596038,2248.00997229202,0.0305302519732317,-0.0024497588938623,0
rd_scale,0.0419007910578667,1718.93944793911,2248.01012488858,0.0305302521868145,-0.00244975891105078,0
rd_scale,0.045825911400742,1718.93661748038,2248.01029177984,0.0305302522406192,-0.00244975891534105,0
rd_scale,0.0501187233627272,1718.93352187459,2248.01047430485,0.0305302522626546,-0.00244975891711345,0
rd_scale,0.0548136710155842,1718.93013628354,2248.01067392826,0.0305302520224504,-0.00244975889783915,0
rd_scale,0.0599484250318941,1718.92643354223,2248.01089225156,0.0305302520168782,-0.00244975889738907,0
rd_scale,0.0655641849417979,1718.92238394021,2248.01113102675,0.0305302521299384,-0.00244975890646655,0
rd_scale,0.0717060097040961,1718.91795498807,2248.01139216952,0.0305302521936353,-0.00244975891158187,0
rd_scale,0.0784231792440998,1718.91311114677,2248.01167777521,0.0305302521518684,-0.00244975890823311,0
rd_scale,0.0857695898590894,1718.90781355159,2248.01199013539,0.0305302520469373,-0.00244975889978673,0
rd_scale,0.0938041866639814,1718.90201969735,2248.01233175638,0.0305302520919151,-0.00244975890341352,0
rd_scale,0.102591436547001,1718.89568309586,2248.01270537931,0.0305302520605513,-0.00244975890090108,0
rd_scale,0.112201845430196,1718.8887529047,2248.01311400178,0.0305302522330645,-0.00244975891477087,0
rd_scale,0.122712523985119,1718.88117351845,2248.01356090253,0.030530252187042,-0.00244975891104522,0
rd_scale,0.134207806342781,1718.87288412398,2248.01404966744,0.0305302520492046,-0.00244975889996201,0
rd_scale,0.146779926762207,1718.8638182097,2248.01458421804,0.030530252211266,-0.00244975891301575,0
rd_scale,0.160529759686946,1718.85390303335,2248.01516884341,0.0305302520982424,-0.00244975890392561,0
rd_scale,0.1755676291275,1718.84305904119,2248.01580823449,0.0305302522310559,-0.00244975891460587,0
rd_scale,0.19201419386388,1718.83119922419,2248.01650752122,0.0305302519626133,-0.00244975889303215,0
rd_scale,0.210001415570866,1718.81822842555,2248.01727231474,0.030530251904596,-0.00244975888834835,0
rd_scale,0.229673617633864,1718.80404257276,2248.01810875125,0.0305302522911531,-0.00244975891939015,0
rd_scale,0.251188643150958,1718.78852784306,2248.01902354211,0.0305302522578367,-0.00244975891674055,0
rd_scale,0.27471912141256,1718.77155975443,2248.02002402722,0.0305302522113433,-0.00244975891300098,0
rd_scale,0.300453853020469,1718.75300216234,2248.02111823409,0.0305302520538928,-0.0024497589003521,0
rd_scale,0.328599324760065,1718.7327061696,2248.02231494218,0.0305302519721352,-0.0024497588938001,0
rd_scale,0.359381366380463,1718.71050893021,2248.02362375334,0.0305302521656163,-0.00244975890933967,0
rd_scale,0.393046962576061,1718.68623234425,2248.02505516904,0.0305302521764345,-0.00244975891018758,0
rd_scale,0.429866234708228,1718.65968162813,2248.02662067438,0.0305302521563496,-0.0024497589085816,0
rd_scale,0.470134608167771,1718.63064375344,2248.02833283031,0.0305302521759212,-0.00244975891018514,0
rd_scale,0.514175182768392,1718.59888573484,2248.03020537431,0.030530252146429,-0.00244975890779091,0
rd_scale,0.562341325190349,1718.56415276389,2248.03225333104,0.0305302522782034,-0.00244975891836049,0
rd_scale,0.615019504275221,1718.52616616236,2248.03449313226,0.0305302520898992,-0.00244975890326768,0
rd_scale,0.672632391921229,1718.48462114901,2248.03694274914,0.0305302522844266,-0.0024497589189025,0
rd_scale,0.735642254459641,1718.43918439006,2248.03962183635,0.0305302519682908,-0.00244975889350889,0
rd_scale,0.804554661723515,1718.389491332,2248.04255188959,0.0305302521072367,-0.00244975890462961,0
rd_scale,0.879922543569107,1718.33514326966,2248.04575641816,0.0305302522362901,-0.00244975891502536,0
rd_scale,0.962350626398089,1718.27570415162,2248.04926113358,0.0305302522131977,-0.00244975891317042,0
rd_scale,1.05250028527773,1718.21069708248,2248.05309415589,0.0305302521652392,-0.00244975890931215,0
rd_scale,1.15109485059084,1718.13960049515,2248.05728623916,0.0305302522112182,-0.00244975891301245,0
rd_scale,1.25892541179417,1718.061843967,2248.0618710184,0.0305302520930294,-0.00244975890349347,0
rd_scale,1.37685716485276,1717.97680364664,2248.06688527933,0.0305302519114843,-0.00244975888895519,0
rd_scale,1.50583635427984,1717.88379724594,2248.07236925321,0.0305302519981678,-0.00244975889586534,0
rd_scale,1.64689786548287,1717.78207856939,2248.07836694023,0.0305302521956677,-0.00244975891173629,0
rd_scale,1.80117352833413,1717.67083152939,2248.08492646199,0.0305302520669338,-0.0024497589014435,0
rd_scale,1.96990119859098,1717.54916359745,2248.0921004475,0.0305302520680735,-0.002449758901512,0
rd_scale,2.15443469003188,1717.41609864969,2248.09994645595,0.0305302522458809,-0.00244975891579984,0
rd_scale,2.35625463700047,1717.27056913216,2248.10852743793,0.0305302520442546,-0.00244975889962742,0
rd_scale,2.57698037451488,1717.11140750584,2248.1179122405,0.0305302522380247,-0.00244975891515406,0
rd_scale,2.81838293126446,1716.9373368771,2248.12817615978,0.0305302522593544,-0.00244975891688081,0
rd_scale,3.08239923974514,1716.74696075998,2248.13940154457,0.0305302520073788,-0.00244975889663837,0
rd_scale,3.37114767755096,1716.53875187913,2248.15167845727,0.0305302521850066,-0.00244975891088546,0
rd_scale,3.68694506451958,1716.31103992035,2248.16510539617,0.0305302519272679,-0.00244975889023396,0
rd_scale,4.03232525211134,1716.06199814068,2248.17979008521,0.0305302520366245,-0.00244975889901844,0
rd_scale,4.41005945417674,1715.78962871921,2248.1958503387,0.0305302522265317,-0.0024497589142568,0
rd_scale,4.8231784822393,1715.49174674252,2248.21341500581,0.0305302520349203,-0.00244975889887405,0
rd_scale,5.27499706370262,1715.16596268776,2248.23262500398,0.0305302520788213,-0.00244975890239946,0
rd_scale,5.76914043810221,1714.80966326834,2248.2536344494,0.0305302521188199,-0.00244975890561235,0
rd_scale,6.30957344480193,1714.41999049166,2248.27661189289,0.0305302521390993,-0.00244975890725081,0
rd_scale,6.90063233552443,1713.99381874936,2248.30174167161,0.0305302521283837,-0.00244975890638919,0
rd_scale,7.5470595669689,1713.52772977543,2248.32922538716,0.0305302519369409,-0.00244975889101239,0
rd_scale,8.25404185268018,1713.01798525234,2248.35928352254,0.0305302518817661,-0.00244975888663854,0
rd_scale,9.02725177948458,1712.46049686608,2248.39215720993,0.0305302521085125,-0.00244975890481348,0
rd_scale,9.87289332240862,1711.85079355426,2248.42811016408,0.030530252116088,-0.00244975890542879,0
rd_scale,10.7977516232771,1711.1839857022,2248.46743079685,0.0305302519836532,-0.00244975889483211,0
rd_scale,11.809247432397,1710.45472598044,2248.51043452934,0.0305302519943432,-0.00244975889564538,0
rd_scale,12.9154966501488,1709.65716654431,2248.55746632046,0.0305302518629307,-0.00244975888512245,0
rd_scale,14.1253754462275,1708.78491221468,2248.60890343261,0.0305302518955333,-0.00244975888774882,0
rd_scale,15.4485914790268,1707.8309693028,2248.66515845502,0.0305302519213507,-0.00244975888983553,0
rd_scale,16.8957617866077,1706.78768966006,2248.72668261132,0.0305302518413547,-0.0024497588834298,0
rd_scale,18.4784979742229,1705.64670949503,2248.79396937558,0.0305302519584115,-0.00244975889284713,0
rd_scale,20.2094993819108,1704.39888250134,2248.86755842677,0.0305302521416463,-0.00244975890755541,0
rd_scale,22.1026549797064,1703.03420674196,2248.94803997359,0.0305302518739154,-0.00244975888604833,0
rd_scale,24.173154808041,1701.54174472605,2249.03605948369,0.0305302516363216,-0.00244975886703322,0
rd_scale,26.437611857491,1699.90953603953,2249.13232285466,0.0305302520248015,-0.00244975889823917,0
rd_scale,28.9141953657968,1698.12450185169,2249.23760206991,0.0305302516988027,-0.00244975887207704,0
rd_scale,31.6227766016838,1696.17234053425,2249.35274138222,0.0305302519857249,-0.00244975889510975,0
rd_scale,34.5850883052039,1694.03741357716,2249.47866407722,0.0305302518240719,-0.00244975888214349,0
rd_scale,37.8248990638939,1691.70262091892,2249.61637986848,0.0305302516201035,-0.00244975886580477,0
rd_scale,41.3682040238851,1689.14926469652,2249.76699298513,0.0305302516939013,-0.00244975887175195,0
rd_scale,45.2434334661674,1686.35690036411,2249.93171101657,0.0305302518543674,-0.00244975888468682,0
rd_scale,49.4816809215515,1683.30317403057,2250.11185458499,0.0305302516268913,-0.00244975886646176,0
rd_scale,54.1169526546464,1679.96364473501,2250.30886792406,0.0305302513925718,-0.00244975884764247,0
rd_scale,59.1864405186301,1676.31159030302,2250.52433044897,0.030530251496062,-0.00244975885602735,0
rd_scale,64.730820370104,1672.31779528271,2250.75996941155,0.030530251281318,-0.00244975883879196,0
rd_scale,70.7945784384138,1667.9503193298,2251.01767374405,0.0305302512280565,-0.00244975883457988,0
rd_scale,77.4263682681127,1663.17424428795,2251.29950920269,0.0305302511872204,-0.00244975883134827,0
rd_scale,84.6794010985529,1657.95139801874,2251.60773493803,0.0305302511375267,-0.00244975882743657,0
rd_scale,92.6118728128794,1652.24005292244,2251.94482162693,0.0305302510179293,-0.00244975881784976,0
rd_scale,101.287430882119,1645.99459685591,2252.31347131879,0.0305302510423582,-0.00244975881992829,0
rd_scale,110.775685050971,1639.16517401172,2252.71663916222,0.0305302509448881,-0.00244975881213706,0
rd_scale,121.152765862859,1631.69729309011,2253.1575571986,0.0305302508401576,-0.00244975880382848,0
rd_scale,132.501935505675,1623.53139987673,2253.63976042773,0.0305302503594411,-0.00244975876531908,0
rd_scale,144.914255879422,1614.60241112149,2254.16711537593,0.030530250407686,-0.00244975876928024,0
rd_scale,158.489319246111,1604.83920635086,2254.74385142292,0.0305302502632192,-0.00244975875778322,0
rd_scale,173.336047324401,1594.1640739882,2255.37459517858,0.0305302500186717,-0.00244975873825476,0
rd_scale,189.573565240638,1582.49210788034,2256.06440823386,0.0305302498651454,-0.00244975872606486,0
rd_scale,207.332157348595,1569.73055003485,2256.81882865947,0.0305302497081847,-0.00244975871360008,0
rd_scale,226.75431258708,1555.77807508602,2257.64391667574,0.0305302493697222,-0.00244975868656287,0
rd_scale,247.995867762998,1540.52401167411,2258.54630498299,0.0305302491215944,-0.00244975866680553,0
rd_scale,271.227257933203,1523.84749562945,2259.53325432008,0.0305302488603991,-0.00244975864599153,0
rd_scale,296.634883917773,1505.61654953239,2260.6127149137,0.0305302485803802,-0.00244975862372829,0
rd_scale,324.422607917163,1485.68708291418,2261.79339460227,0.0305302482888279,-0.00244975860051353,0
rd_scale,354.813389233575,1463.90180707609,2263.08483456449,0.0305302478331539,-0.00244975856416407,0
rd_scale,388.051073221018,1440.08905826957,2264.49749377113,0.0305302475485383,-0.00244975854157584,0
rd_scale,424.40234781798,1414.06152276845,2266.04284351316,0.0305302470668727,-0.00244975850315298,0
rd_scale,464.158883361278,1385.61485726926,2267.7334736623,0.0305302465467847,-0.00244975846171808,0
rd_scale,507.639672850229,1354.52619808458,2269.58321270012,0.0305302460936352,-0.00244975842565298,0
rd_scale,555.193591438621,1320.55255280158,2271.60726405026,0.0305302454554974,-0.00244975837478062,0
rd_scale,607.202195690988,1283.42906857391,2273.82236188073,0.0305302448597772,-0.00244975832733785,0
rd_scale,664.082785063484,1242.86717212164,2276.24695037013,0.030530244153542,-0.00244975827106596,0
rd_scale,726.291750173621,1198.55257796906,2278.90139149997,0.0305302434363777,-0.00244975821393323,0
rd_scale,794.328234724282,1150.14316380729,2281.8082078272,0.0305302425985033,-0.002449758147182,0
rd_scale,868.738140464025,1097.26671539881,2284.99236850608,0.0305302417628792,-0.00244975808066465,0
rd_scale,950.118507318144,1039.51854882228,2288.48162919565,0.030530240751709,-0.00244975800008539,0
rd_scale,1039.12230383517,976.459025876465,2292.30693958189,0.030530239747156,-0.00244975792009544,0
rd_scale,1136.46366638572,907.610990433789,2296.50293628008,0.0305302384727217,-0.00244975781852734,0
rd_scale,1242.92362915131,832.457171387266,2301.10854414511,0.0305302371604879,-0.00244975771395574,0
rd_scale,1359.35639087853,750.437624510719,2306.16771585652,0.0305302358547452,-0.00244975760999675,0
rd_scale,1486.69616868096,660.947325551132,2311.73034848695,0.0305302343249094,-0.00244975748811309,0
rd_scale,1625.96469388148,563.334087059253,2317.85342709504,0.0305302326695788,-0.00244975735625375,0
rd_scale,1778.27941003892,456.897062419195,2324.60245970593,0.0305302308283262,-0.00244975720955724,0
rd_scale,1944.86243893736,340.886238460728,2332.05328573365,0.0305302288417858,-0.00244975705131467,0
rd_scale,2127.05038647812,214.503527730362,2340.29436091473,0.0305302266925228,-0.00244975688011,0
rd_scale,2326.30506715362,76.9063906244933,2349.42964506521,0.0305302242851513,-0.00244975668831187,0
rd_scale,2544.2252331526,0.0305302216914396,1.9834710722829,0.0305302216914396,-0.00244975648169528,0
rd_scale,2782.55940220713,0.0305302188747121,1.98347107096001,0.0305302188747121,-0.00244975625731523,0
rd_scale,3043.21988710772,0.0305302157652454,1.98347106952622,0.0305302157652454,-0.00244975600958279,0
rd_scale,3328.29813945462,0.0305302123536233,1.98347106793263,0.0305302123536233,-0.00244975573780281,0
rd_scale,3640.08153075827,0.0305302087072608,1.98347106622491,0.0305302087072608,-0.00244975544732822,0
rd_scale,3981.07170553497,0.0305302046342037,1.98347106434273,0.0305302046342037,-0.00244975512283119,0
rd_scale,4354.00465365665,0.0305302002354773,1.98347106229265,0.0305302002354773,-0.00244975477240985,0
rd_scale,4761.87266300854,0.0305301953922505,1.98347106005974,0.0305301953922505,-0.00244975438654765,0
rd_scale,5207.94832859546,0.0305301901458243,1.98347105762091,0.0305301901458243,-0.00244975396858711,0
rd_scale,5695.81081073769,0.0305301844775114,1.98347105496738,0.0305301844775114,-0.00244975351703958,0
rd_scale,6229.37455304317,0.0305301782091993,1.98347105206623,0.0305301782091993,-0.00244975301765402,0
rd_scale,6812.92069057961,0.0305301713807672,1.98347104891528,0.0305301713807672,-0.002449752473633,0
rd_scale,7451.13140025473,0.0305301639753757,1.98347104548525,0.0305301639753757,-0.00244975188366151,0
rd_scale,8149.12746902075,0.0305301558701697,1.9834710417385,0.0305301558701697,-0.00244975123792814,0
rd_scale,8912.50938133746,0.0305301470033533,1.98347103766719,0.0305301470033533,-0.00244975053148409,0
rd_scale,9747.40225556606,0.0305301373704656,1.98347103325816,0.0305301373704656,-0.00244974976398766,0
rd_scale,10660.5049898479,0.0305301269666773,1.98347102845739,0.0305301269666773,-0.00244974893511807,0
rd_scale,11659.1440117983,0.0305301155734181,1.98347102324184,0.0305301155734181,-0.00244974802736572,0
rd_scale,12751.3320632845,0.030530103191229,1.98347101758738,0.030530103191229,-0.00244974704080381,0
rd_scale,13945.8324919575,0.03053008980445,1.98347101146742,0.03053008980445,-0.00244974597420864,0
rd_scale,15252.2295653902,0.0305300751488966,1.98347100482695,0.0305300751488966,-0.00244974480645,0
rd_scale,16681.0053720006,0.0305300593059546,1.98347099764864,0.0305300593059546,-0.00244974354407968,0
rd_scale,18243.6239257846,0.0305300421349183,1.98347098990175,0.0305300421349183,-0.00244974217584544,0
rd_scale,19952.6231496888,0.0305300236087009,1.98347098155059,0.0305300236087009,-0.00244974069961791,0
rd_scale,21821.7154756644,0.030530003561942,1.98347097256272,0.030530003561942,-0.00244973910216866,0
rd_scale,23865.8978685858,0.0305299818639168,1.9834709628915,0.0305299818639168,-0.00244973737306592,0
rd_scale,26101.5721568254,0.0305299585383381,1.98347095255183,0.0305299585383381,-0.00244973551419402,0
rd_scale,28546.6766349793,0.03052993351402,1.98347094147983,0.03052993351402,-0.00244973351991991,0
rd_scale,31220.8299946783,0.0305299065949991,1.98347092969147,0.0305299065949991,-0.00244973137449975,0
rd_scale,34145.488738336,0.030529877858269,1.98347091717366,0.030529877858269,-0.00244972908412768,0
rd_scale,37344.1193388697,0.0305298471983376,1.98347090393146,0.0305298471983376,-0.00244972664033278,0
rd_scale,40842.3865267452,0.0305298147431428,1.98347089000255,0.0305298147431428,-0.0024497240533342,0
rd_scale,44668.3592150964,0.0305297804472646,1.98347087543895,0.0305297804472646,-0.00244972131942321,0
rd_scale,48852.7357151939,0.0305297443975489,1.98347086030094,0.0305297443975489,-0.00244971844549387,0
rd_scale,53429.0900493161,0.0305297068555302,1.98347084471676,0.0305297068555302,-0.00244971545237328,0
rd_scale,58434.1413373517,0.0305296680562511,1.98347082883326,0.0305296680562511,-0.00244971235873984,0
rd_scale,63908.0484186031,0.0305296284392425,1.98347081286395,0.0305296284392425,-0.00244970919959782,0
rd_scale,69894.7320727348,0.0305295884521059,1.98347079702888,0.0305295884521059,-0.0024497060105909,0
rd_scale,76442.2274252601,0.0305295488094637,1.98347078170298,0.0305295488094637,-0.00244970284859729,0
rd_scale,83603.0693651465,0.0305295104489995,1.9834707672775,0.0305295104489995,-0.00244969978837341,0
rd_scale,91434.7140670033,0.0305294743780249,1.98347075422327,0.0305294743780249,-0.00244969691016435,0
rd_scale,100000,0.0305294419125564,1.98347074311473,0.0305294419125564,-0.00244969431885772,0
