Model,Scan,XParameter,YParameter,XFactor,YFactor,XValue,YValue,MaxReal,Sigma,FrequencyHz,DampingRatio,Stable
GFM-MWT,h_mp,h,mp,0.01,0.01,5.06605918211689,1.5707963267949e-08,1718.25082629145,0.115901402774202,1.9998459132882,-0.0092234588628795,0
GFM-MWT,h_mp,h,mp,0.01,0.0135935639087853,5.06605918211689,2.13527202559716e-08,1718.25102376928,0.115858378212921,1.99992133471975,-0.00921968757179537,0
GFM-MWT,h_mp,h,mp,0.01,0.0184784979742229,5.06605918211689,2.90259567425963e-08,1718.25104940027,0.115799281315927,2.00002383103045,-0.00921451299923644,0
GFM-MWT,h_mp,h,mp,0.01,0.0251188643150958,5.06605918211689,3.94566197994119e-08,1718.25091482289,0.115717819493559,2.00016310748936,-0.00920739025128612,0
GFM-MWT,h_mp,h,mp,0.01,0.034145488738336,5.06605918211689,5.36356082867947e-08,1718.25068102302,0.115605002598719,2.00035233603578,-0.00919754436616866,0
GFM-MWT,h_mp,h,mp,0.01,0.0464158883361278,5.06605918211689,7.29099069033116e-08,1718.25041601987,0.115447806645838,2.00060938264903,-0.00918385886544935,0
GFM-MWT,h_mp,h,mp,0.01,0.0630957344480193,5.06605918211689,9.9110547907375e-08,1718.25016624642,0.115227050830581,2.00095845926614,-0.00916470027461962,0
GFM-MWT,h_mp,h,mp,0.01,0.0857695898590894,5.06605918211689,1.34726556701362e-07,1718.24995313183,0.114913952291265,2.00143233746802,-0.00913763590263743,0
GFM-MWT,h_mp,h,mp,0.01,0.116591440117983,5.06605918211689,1.83141405873055e-07,1718.24978141431,0.114464427027749,2.00207529550529,-0.00909897108596536,0
GFM-MWT,h_mp,h,mp,0.01,0.158489319246111,5.06605918211689,2.48954440508015e-07,1718.24964766039,0.113809511250238,2.00294700150152,-0.00904297799397454,0
GFM-MWT,h_mp,h,mp,0.01,0.215443469003188,5.06605918211689,3.38417809742158e-07,1718.24954558779,0.112839072296475,2.0041275460187,-0.00896059493363934,0
GFM-MWT,h_mp,h,mp,0.01,0.292864456462524,5.06605918211689,4.60030412460116e-07,1718.24946866779,0.111373924410347,2.0057237837054,-0.0088372180529735,0
GFM-MWT,h_mp,h,mp,0.01,0.398107170553497,5.06605918211689,6.25345281176143e-07,1718.24941116269,0.109118078009307,2.00787692983667,-0.00864895237042106,0
GFM-MWT,h_mp,h,mp,0.01,0.541169526546464,5.06605918211689,8.50067104472518e-07,1718.24936839146,0.105577585760363,2.01077077632151,-0.00835630205897607,0
GFM-MWT,h_mp,h,mp,0.01,0.735642254459641,5.06605918211689,1.15554415114032e-06,1718.24933668599,0.0999251380883102,2.0146385287518,-0.00789376552815389,0
GFM-MWT,h_mp,h,mp,0.01,1,5.06605918211689,1.5707963267949e-06,1718.24931323709,0.0907817999204334,2.01976337171434,-0.00715331446088544,0
GFM-MWT,h_mp,h,mp,0.01,1.35935639087853,5.06605918211689,2.13527202559716e-06,1718.24929592116,0.0758857779890997,2.02646232960759,-0.00595983552372941,0
GFM-MWT,h_mp,h,mp,0.01,1.84784979742229,5.06605918211689,2.90259567425963e-06,1718.24928314819,0.0516407697343889,2.03503382677787,-0.00403866345196986,0
GFM-MWT,h_mp,h,mp,0.01,2.51188643150958,5.06605918211689,3.94566197994119e-06,1718.24927373326,0.0126185211742622,2.04563759237616,-0.000981747235703185,0
GFM-MWT,h_mp,h,mp,0.01,3.4145488738336,5.06605918211689,5.36356082867947e-06,1718.2492667975,-0.0487201493646423,2.05806777177252,0.00376761041193988,0
GFM-MWT,h_mp,h,mp,0.01,4.64158883361278,5.06605918211689,7.29099069033116e-06,1718.24926169006,-0.141482945578623,2.07139117521399,0.0108701726783848,0
GFM-MWT,h_mp,h,mp,0.01,6.30957344480193,5.06605918211689,9.9110547907375e-06,1718.24925792981,-0.273832676292229,2.0834806933756,0.020913221117697,0
GFM-MWT,h_mp,h,mp,0.01,8.57695898590894,5.06605918211689,1.34726556701362e-05,1718.24925516203,-0.446503279929814,2.09068784360296,0.033970728174946,0
GFM-MWT,h_mp,h,mp,0.01,11.6591440117983,5.06605918211689,1.83141405873055e-05,1718.24925312543,-0.641038298368057,2.08864579159786,0.0487889877121874,0
GFM-MWT,h_mp,h,mp,0.01,15.8489319246111,5.06605918211689,2.48954440508015e-05,1718.24925162654,-0.814737917856518,2.07592925995483,0.0623418837406331,0
GFM-MWT,h_mp,h,mp,0.01,21.5443469003188,5.06605918211689,3.38417809742158e-05,1718.2492505237,-0.930876686011249,2.05736448619943,0.0718253761535837,0
GFM-MWT,h_mp,h,mp,0.01,29.2864456462524,5.06605918211689,4.60030412460116e-05,1718.24924971223,-0.991105466467444,2.0394193858786,0.0771148989737898,0
GFM-MWT,h_mp,h,mp,0.01,39.8107170553497,5.06605918211689,6.25345281176143e-05,1718.24924911517,-1.01682584440854,2.02499806418275,0.0796635446613442,0
GFM-MWT,h_mp,h,mp,0.01,54.1169526546464,5.06605918211689,8.50067104472519e-05,1718.24924867611,-1.02543014414473,2.01423689174983,0.0807597124964504,0
GFM-MWT,h_mp,h,mp,0.01,73.5642254459641,5.06605918211689,0.000115554415114032,1718.24924835282,-1.02650399899646,2.00641305511569,0.0811569044490964,0
GFM-MWT,h_mp,h,mp,0.01,100,5.06605918211689,0.00015707963267949,1718.24924811528,-1.02465998311498,2.00076381502706,0.0812393049586821,0
GFM-MWT,h_mp,h,mp,0.0135935639087853,0.01,6.88657992577943,1.5707963267949e-08,1718.25036930659,0.11590170079096,1.99984591712342,-0.00922348255941346,0
GFM-MWT,h_mp,h,mp,0.0135935639087853,0.0135935639087853,6.88657992577943,2.13527202559716e-08,1718.25038816013,0.115858928802919,1.99992134187079,-0.00921973134952824,0
GFM-MWT,h_mp,h,mp,0.0135935639087853,0.0184784979742229,6.88657992577943,2.90259567425963e-08,1718.25028915792,0.115800298470332,2.00002384440551,-0.00921459386892214,0
GFM-MWT,h_mp,h,mp,0.0135935639087853,0.0251188643150958,6.88657992577943,3.94566197994119e-08,1718.25011716341,0.115719698402388,2.00016313260822,-0.0092075396232731,0
GFM-MWT,h_mp,h,mp,0.0135935639087853,0.034145488738336,6.88657992577943,5.36356082867947e-08,1718.24992221589,0.115608472918921,2.00035238346471,-0.00919782022373276,0
GFM-MWT,h_mp,h,mp,0.0135935639087853,0.0464158883361278,6.88657992577943,7.29099069033116e-08,1718.24973847238,0.115454215157605,2.00060947282915,-0.00918436820481071,0
GFM-MWT,h_mp,h,mp,0.0135935639087853,0.0630957344480193,6.88657992577943,9.9110547907375e-08,1718.24958169639,0.115238882295639,2.00095863226358,-0.00916564043076406,0
GFM-MWT,h_mp,h,mp,0.0135935639087853,0.0857695898590894,6.88657992577943,1.34726556701362e-07,1718.24945537424,0.114935788147473,2.00143267304806,-0.00913937055152806,0
GFM-MWT,h_mp,h,mp,0.0135935639087853,0.116591440117983,6.88657992577943,1.83141405873055e-07,1718.24935697954,0.114504707010381,2.00207595533958,-0.00910216974514459,0
GFM-MWT,h_mp,h,mp,0.0135935639087853,0.158489319246111,6.88657992577943,2.48954440508015e-07,1718.24928189051,0.113883762264503,2.00294831981499,-0.00904887132874129,0
GFM-MWT,h_mp,h,mp,0.0135935639087853,0.215443469003188,6.88657992577943,3.38417809742158e-07,1718.24922530559,0.112975803993651,2.00413022819152,-0.00897143997215147,0
GFM-MWT,h_mp,h,mp,0.0135935639087853,0.292864456462524,6.88657992577943,4.60030412460116e-07,1718.24918300241,0.111625329910555,2.00572934904651,-0.0088571402583771,0
GFM-MWT,h_mp,h,mp,0.0135935639087853,0.398107170553497,6.88657992577943,6.25345281176143e-07,1718.24915153834,0.109579273283988,2.00788871195386,-0.00868545406554807,0
GFM-MWT,h_mp,h,mp,0.0135935639087853,0.541169526546464,6.88657992577943,8.50067104472518e-07,1718.24912821446,0.106420673589231,2.01079620100492,-0.00842291994274719,0
GFM-MWT,h_mp,h,mp,0.0135935639087853,0.735642254459641,6.88657992577943,1.15554415114032e-06,1718.24911096447,0.101457998447249,2.0146943042605,-0.0080146269903205,0
GFM-MWT,h_mp,h,mp,0.0135935639087853,1,6.88657992577943,1.5707963267949e-06,1718.24909822619,0.0935452020509704,2.01988721539263,-0.00737059811282421,0
GFM-MWT,h_mp,h,mp,0.0135935639087853,1.35935639087853,6.88657992577943,2.13527202559716e-06,1718.24908882998,0.0808015215154296,2.02673893021525,-0.00634502179716851,0
GFM-MWT,h_mp,h,mp,0.0135935639087853,1.84784979742229,6.88657992577943,2.90259567425963e-06,1718.24908190422,0.060203623272671,2.03565031133877,-0.00470689786017765,0
GFM-MWT,h_mp,h,mp,0.0135935639087853,2.51188643150958,6.88657992577943,3.94566197994119e-06,1718.24907680153,0.0270496113414804,2.04699561269064,-0.00210311629693611,0
GFM-MWT,h_mp,h,mp,0.0135935639087853,3.4145488738336,6.88657992577943,5.36356082867947e-06,1718.24907304449,-0.0256471242695926,2.06099199580635,0.0019805310289066,0
GFM-MWT,h_mp,h,mp,0.0135935639087853,4.64158883361278,6.88657992577943,7.29099069033116e-06,1718.24907027826,-0.107712761626396,2.07746976307931,0.00825159293193242,0
GFM-MWT,h_mp,h,mp,0.0135935639087853,6.30957344480193,6.88657992577943,9.9110547907375e-06,1718.24906824248,-0.232183004914738,2.09548454965838,0.0176318782451229,0
GFM-MWT,h_mp,h,mp,0.0135935639087853,8.57695898590894,6.88657992577943,1.34726556701362e-05,1718.24906674371,-0.415121812410939,2.11256669192001,0.0312588484997303,0
GFM-MWT,h_mp,h,mp,0.0135935639087853,11.6591440117983,6.88657992577943,1.83141405873055e-05,1718.24906564103,-0.671093918628094,2.12294189882267,0.0502477214142513,0
GFM-MWT,h_mp,h,mp,0.0135935639087853,15.8489319246111,6.88657992577943,2.48954440508015e-05,1718.24906483012,-0.97914386007191,2.11500987902325,0.0734815930725191,0
GFM-MWT,h_mp,h,mp,0.0135935639087853,21.5443469003188,6.88657992577943,3.38417809742158e-05,1718.24906423296,-1.21299272347382,2.08395496142222,0.0922432143544303,0
GFM-MWT,h_mp,h,mp,0.0135935639087853,29.2864456462524,6.88657992577943,4.60030412460116e-05,1718.24906379412,-1.30318848627967,2.0502236341347,0.100650307315882,0
GFM-MWT,h_mp,h,mp,0.0135935639087853,39.8107170553497,6.88657992577943,6.25345281176143e-05,1718.24906347106,-1.3191267328231,2.02539822564404,0.103103996940479,0
GFM-MWT,h_mp,h,mp,0.0135935639087853,54.1169526546464,6.88657992577943,8.50067104472519e-05,1718.24906323315,-1.31067125612552,2.00848425189867,0.103303658894322,0
GFM-MWT,h_mp,h,mp,0.0135935639087853,73.5642254459641,6.88657992577943,0.000115554415114032,1718.24906305823,-1.296389963865,1.99696095618885,0.102773330937513,0
GFM-MWT,h_mp,h,mp,0.0135935639087853,100,6.88657992577943,0.00015707963267949,1718.24906292973,-1.28245103090453,1.98900079366095,0.102082486022139,0
GFM-MWT,h_mp,h,mp,0.0184784979742229,0.01,9.36131643340403,1.5707963267949e-08,1718.24990172674,0.115902105917593,1.99984592230248,-0.00922351477285194,0
GFM-MWT,h_mp,h,mp,0.0184784979742229,0.0135935639087853,9.36131643340403,2.13527202559716e-08,1718.24982889557,0.11585967729056,1.99992135150531,-0.009219790862618,0
GFM-MWT,h_mp,h,mp,0.0184784979742229,0.0184784979742229,9.36131643340403,2.90259567425963e-08,1718.24970236896,0.115801681247201,2.00002386237021,-0.00921470380872104,0
GFM-MWT,h_mp,h,mp,0.0184784979742229,0.0251188643150958,9.36131643340403,3.94566197994119e-08,1718.24955895688,0.115722252769664,2.00016316620966,-0.00920774269626536,0
GFM-MWT,h_mp,h,mp,0.0184784979742229,0.034145488738336,9.36131643340403,5.36356082867947e-08,1718.24942378757,0.115613190996335,2.00035244657122,-0.00919819527246922,0
GFM-MWT,h_mp,h,mp,0.0184784979742229,0.0464158883361278,9.36131643340403,7.29099069033116e-08,1718.24930845642,0.115462928376963,2.00060959198689,-0.00918506073481083,0
GFM-MWT,h_mp,h,mp,0.0184784979742229,0.0630957344480193,9.36131643340403,9.9110547907375e-08,1718.24921552881,0.115254970151819,2.00095885882328,-0.00916691884922945,0
GFM-MWT,h_mp,h,mp,0.0184784979742229,0.0857695898590894,9.36131643340403,1.34726556701362e-07,1718.24914314569,0.114965483422178,2.00143310763373,-0.00914172965408332,0
GFM-MWT,h_mp,h,mp,0.0184784979742229,0.116591440117983,9.36131643340403,1.83141405873055e-07,1718.24908790727,0.11455949617,2.00207679816981,-0.00910652083221511,0
GFM-MWT,h_mp,h,mp,0.0184784979742229,0.158489319246111,9.36131643340403,2.48954440508015e-07,1718.24904628066,0.113984791336681,2.00294997630385,-0.00905689065607374,0
GFM-MWT,h_mp,h,mp,0.0184784979742229,0.215443469003188,9.36131643340403,3.38417809742158e-07,1718.24901516084,0.11316194230501,2.00413353504027,-0.00898620524832012,0
GFM-MWT,h_mp,h,mp,0.0184784979742229,0.292864456462524,9.36131643340403,4.60030412460116e-07,1718.24899201494,0.111967866035058,2.00573606729868,-0.0088842875903722,0
GFM-MWT,h_mp,h,mp,0.0184784979742229,0.398107170553497,9.36131643340403,6.25345281176143e-07,1718.24897485684,0.110208527695206,2.00790261875645,-0.00873526563212865,0
GFM-MWT,h_mp,h,mp,0.0184784979742229,0.541169526546464,9.36131643340403,8.50067104472518e-07,1718.24896216687,0.107573726088493,2.01082553269193,-0.00851405028713634,0
GFM-MWT,h_mp,h,mp,0.0184784979742229,0.735642254459641,9.36131643340403,1.15554415114032e-06,1718.24895279657,0.103563018689476,2.01475724705894,-0.00818064549945649,0
GFM-MWT,h_mp,h,mp,0.0184784979742229,1,9.36131643340403,1.5707963267949e-06,1718.24894588389,0.0973670782072185,2.02002420447249,-0.00767119314147072,0
GFM-MWT,h_mp,h,mp,0.0184784979742229,1.35935639087853,9.36131643340403,2.13527202559716e-06,1718.24894078928,0.0876846302720358,2.0270398618113,-0.00688447814156179,0
GFM-MWT,h_mp,h,mp,0.0184784979742229,1.84784979742229,9.36131643340403,2.90259567425963e-06,1718.24893703576,0.0724552748807775,2.03631343766166,-0.00566289552259498,0
GFM-MWT,h_mp,h,mp,0.0184784979742229,2.51188643150958,9.36131643340403,3.94566197994119e-06,1718.24893427166,0.0484977432880787,2.0484511806778,-0.00376801793039213,0
GFM-MWT,h_mp,h,mp,0.0184784979742229,3.4145488738336,9.36131643340403,5.36356082867947e-06,1718.24893223674,0.0110585250509132,2.0641535111445,-0.000852658620526732,0
GFM-MWT,h_mp,h,mp,0.0184784979742229,4.64158883361278,9.36131643340403,7.29099069033116e-06,1718.2489307388,-0.0467397900575377,2.08423566176822,0.00356908836338659,0
GFM-MWT,h_mp,h,mp,0.0184784979742229,6.30957344480193,9.36131643340403,9.9110547907375e-06,1718.24892963646,-0.134726727416818,2.10976806714148,0.0101628788535993,0
GFM-MWT,h_mp,h,mp,0.0184784979742229,8.57695898590894,9.36131643340403,1.34726556701362e-05,1718.24892882568,-0.267542799931514,2.14264919613063,0.01986902632828,0
GFM-MWT,h_mp,h,mp,0.0184784979742229,11.6591440117983,9.36131643340403,1.83141405873055e-05,1718.2489282289,-0.469358053010274,2.18797959984278,0.0341215043449668,0
GFM-MWT,h_mp,h,mp,0.0184784979742229,15.8489319246111,9.36131643340403,2.48954440508015e-05,1718.24892778975,-0.755995921650306,2.26785482961231,0.0529802452445783,0
GFM-MWT,h_mp,h,mp,0.0184784979742229,21.5443469003188,9.36131643340403,3.38417809742158e-05,1718.24892746671,-2.34132143868644,2.07145415957364,0.177047668568737,0
GFM-MWT,h_mp,h,mp,0.0184784979742229,29.2864456462524,9.36131643340403,4.60030412460116e-05,1718.24892722913,-2.06840048309363,2.00976043503874,0.161644596738343,0
GFM-MWT,h_mp,h,mp,0.0184784979742229,39.8107170553497,9.36131643340403,6.25345281176143e-05,1718.24892705394,-1.91323461073673,1.97725692756795,0.152207272625741,0
GFM-MWT,h_mp,h,mp,0.0184784979742229,54.1169526546464,9.36131643340403,8.50067104472519e-05,1718.24892692522,-1.80996383096141,1.95794008101761,0.14555943907607,0
GFM-MWT,h_mp,h,mp,0.0184784979742229,73.5642254459641,9.36131643340403,0.000115554415114032,1718.24892683074,-1.73794513318655,1.9456452463216,0.140749727320591,0
GFM-MWT,h_mp,h,mp,0.0184784979742229,100,9.36131643340403,0.00015707963267949,1718.24892676123,-1.68668477834046,1.93747834216239,0.137242342666489,0
GFM-MWT,h_mp,h,mp,0.0251188643150958,0.01,12.7253653207839,1.5707963267949e-08,1718.24949030888,0.115902656657508,1.99984592927918,-0.00922355856495066,0
GFM-MWT,h_mp,h,mp,0.0251188643150958,0.0135935639087853,12.7253653207839,2.13527202559716e-08,1718.24939723029,0.115860694824157,1.9999213644426,-0.00921987176859088,0
GFM-MWT,h_mp,h,mp,0.0251188643150958,0.0184784979742229,12.7253653207839,2.90259567425963e-08,1718.24929173022,0.115803561116605,2.0000238863901,-0.00921485327247806,0
GFM-MWT,h_mp,h,mp,0.0251188643150958,0.0251188643150958,12.7253653207839,3.94566197994119e-08,1718.2491922938,0.11572572553206,2.00016321088023,-0.00920801878660027,0
GFM-MWT,h_mp,h,mp,0.0251188643150958,0.034145488738336,12.7253653207839,5.36356082867947e-08,1718.24910745192,0.11561960574225,2.00035252983031,-0.00919870520417642,0
GFM-MWT,h_mp,h,mp,0.0251188643150958,0.0464158883361278,12.7253653207839,7.29099069033116e-08,1718.24903909022,0.115474775838029,2.00060974762536,-0.0091860024046841,0
GFM-MWT,h_mp,h,mp,0.0251188643150958,0.0630957344480193,12.7253653207839,9.9110547907375e-08,1718.24898584215,0.115276847328639,2.0009591508887,-0.00916865738784866,0
GFM-MWT,h_mp,h,mp,0.0251188643150958,0.0857695898590894,12.7253653207839,1.34726556701362e-07,1718.24894520646,0.115005871054373,2.00143365847267,-0.00914493837900435,0
GFM-MWT,h_mp,h,mp,0.0251188643150958,0.116591440117983,12.7253653207839,1.83141405873055e-07,1718.2489145849,0.114634030592268,2.00207784376649,-0.00911244044431681,0
GFM-MWT,h_mp,h,mp,0.0251188643150958,0.158489319246111,12.7253653207839,2.48954440508015e-07,1718.2488916916,0.114122278550334,2.00295197715142,-0.00906780502366848,0
GFM-MWT,h_mp,h,mp,0.0251188643150958,0.215443469003188,12.7253653207839,3.38417809742158e-07,1718.24887466404,0.113415390969207,2.00413740190162,-0.00900631263479263,0
GFM-MWT,h_mp,h,mp,0.0251188643150958,0.292864456462524,12.7253653207839,4.60030412460116e-07,1718.2488620422,0.112434673467445,2.00574362832365,-0.00892129067870614,0
GFM-MWT,h_mp,h,mp,0.0251188643150958,0.398107170553497,12.7253653207839,6.25345281176143e-07,1718.24885270704,0.11106727640717,2.00791759976061,-0.00880326019740502,0
GFM-MWT,h_mp,h,mp,0.0251188643150958,0.541169526546464,12.7253653207839,8.50067104472518e-07,1718.24884581342,0.109150925311627,2.01085563545727,-0.00863874102840022,0
GFM-MWT,h_mp,h,mp,0.0251188643150958,0.735642254459641,12.7253653207839,1.15554415114032e-06,1718.24884072858,0.106453364071764,2.01481857247611,-0.00840868768552808,0
GFM-MWT,h_mp,h,mp,0.0251188643150958,1,12.7253653207839,1.5707963267949e-06,1718.24883698059,0.102648357893646,2.020150615123,-0.00808675315813237,0
GFM-MWT,h_mp,h,mp,0.0251188643150958,1.35935639087853,12.7253653207839,2.13527202559716e-06,1718.24883421924,0.0972982286615851,2.02730244071987,-0.00763824972237135,0
GFM-MWT,h_mp,h,mp,0.0251188643150958,1.84784979742229,12.7253653207839,2.90259567425963e-06,1718.24883218608,0.0898748134575424,2.03685948031056,-0.00702241281683509,0
GFM-MWT,h_mp,h,mp,0.0251188643150958,2.51188643150958,12.7253653207839,3.94566197994119e-06,1718.24883068924,0.0799050148000489,2.04957740262475,-0.00620470994021783,0
GFM-MWT,h_mp,h,mp,0.0251188643150958,3.4145488738336,12.7253653207839,5.36356082867947e-06,1718.24882958734,0.0674556617140334,2.06642758988923,-0.0051953221900967,0
GFM-MWT,h_mp,h,mp,0.0251188643150958,4.64158883361278,12.7253653207839,7.29099069033116e-06,1718.24882877642,0.0544659202307818,2.08864304473273,-0.00415027632394124,0
GFM-MWT,h_mp,h,mp,0.0251188643150958,6.30957344480193,12.7253653207839,9.9110547907375e-06,1718.24882817992,0.0479927574629793,2.11765857066512,-0.00360692464867127,0
GFM-MWT,h_mp,h,mp,0.0251188643150958,8.57695898590894,12.7253653207839,1.34726556701362e-05,1718.24882774057,0.0663154501459546,2.15440277938592,-0.00489894700416253,0
GFM-MWT,h_mp,h,mp,0.0251188643150958,11.6591440117983,12.7253653207839,1.83141405873055e-05,1718.2488274177,0.140588050086832,2.19667386628962,-0.0101854548275198,0
GFM-MWT,h_mp,h,mp,0.0251188643150958,15.8489319246111,12.7253653207839,2.48954440508015e-05,1718.24882718004,0.286384404296292,2.23669802885234,-0.0203737975200219,0
GFM-MWT,h_mp,h,mp,0.0251188643150958,21.5443469003188,12.7253653207839,3.38417809742158e-05,1718.24882700519,0.47216492781652,2.26714551764699,-0.0331280609790793,0
GFM-MWT,h_mp,h,mp,0.0251188643150958,29.2864456462524,12.7253653207839,4.60030412460116e-05,1718.24882687666,0.654327656585272,2.2873359006923,-0.0454816080602475,0
GFM-MWT,h_mp,h,mp,0.0251188643150958,39.8107170553497,12.7253653207839,6.25345281176143e-05,1718.24882678205,0.810627307980246,2.30003009415692,-0.0560048554814663,0
GFM-MWT,h_mp,h,mp,0.0251188643150958,54.1169526546464,12.7253653207839,8.50067104472519e-05,1718.24882671216,0.936223287411895,2.30793699182906,-0.0644276640409605,0
GFM-MWT,h_mp,h,mp,0.0251188643150958,73.5642254459641,12.7253653207839,0.000115554415114032,1718.24882666092,-2.01353678278473,1.82025622813933,0.173387926617535,0
GFM-MWT,h_mp,h,mp,0.0251188643150958,100,12.7253653207839,0.00015707963267949,1718.24882662319,-1.94179202333517,1.81731340890893,0.16764954579313,0
GFM-MWT,h_mp,h,mp,0.034145488738336,0.01,17.2983066750716,1.5707963267949e-08,1718.24917275838,0.115903405360972,1.99984593864563,-0.00922361809866988,0
GFM-MWT,h_mp,h,mp,0.034145488738336,0.0135935639087853,17.2983066750716,2.13527202559716e-08,1718.24909514827,0.115862078144638,1.99992138173417,-0.00921998176031838,0
GFM-MWT,h_mp,h,mp,0.034145488738336,0.0184784979742229,17.2983066750716,2.90259567425963e-08,1718.24902199854,0.115806116856107,2.00002391830156,-0.00921505647641367,0
GFM-MWT,h_mp,h,mp,0.034145488738336,0.0251188643150958,17.2983066750716,3.94566197994119e-08,1718.24895958495,0.115730447078917,2.00016326974445,-0.00920839416594173,0
GFM-MWT,h_mp,h,mp,0.034145488738336,0.034145488738336,17.2983066750716,5.36356082867947e-08,1718.24890929568,0.115628327751586,2.00035263834157,-0.00919939857023336,0
GFM-MWT,h_mp,h,mp,0.034145488738336,0.0464158883361278,17.2983066750716,7.29099069033116e-08,1718.24887012434,0.115490886029664,2.00060994747525,-0.00918728294234881,0
GFM-MWT,h_mp,h,mp,0.034145488738336,0.0630957344480193,17.2983066750716,9.9110547907375e-08,1718.24884023075,0.115306599571271,2.00095951849419,-0.00917102187800372,0
GFM-MWT,h_mp,h,mp,0.034145488738336,0.0857695898590894,17.2983066750716,1.34726556701362e-07,1718.24881770392,0.115060806221587,2.0014343334382,-0.00914930321574855,0
GFM-MWT,h_mp,h,mp,0.034145488738336,0.116591440117983,17.2983066750716,1.83141405873055e-07,1718.24880086306,0.114735436172602,2.00207907990456,-0.00912049503330878,0
GFM-MWT,h_mp,h,mp,0.034145488738336,0.158489319246111,17.2983066750716,2.48954440508015e-07,1718.24878833712,0.11430939506079,2.00295423259294,-0.00908266127343541,0
GFM-MWT,h_mp,h,mp,0.034145488738336,0.215443469003188,17.2983066750716,3.38417809742158e-07,1718.24877905154,0.113760491167578,2.00414149440888,-0.00903369635211339,0
GFM-MWT,h_mp,h,mp,0.034145488738336,0.292864456462524,17.2983066750716,4.60030412460116e-07,1718.24877218449,0.113070716208445,2.00575099171873,-0.008971721418898,0
GFM-MWT,h_mp,h,mp,0.034145488738336,0.398107170553497,17.2983066750716,6.25345281176143e-07,1718.24876711331,0.112238488498188,2.00793067291875,-0.00889602595938339,0
GFM-MWT,h_mp,h,mp,0.034145488738336,0.541169526546464,17.2983066750716,8.50067104472518e-07,1718.24876337273,0.111304993495633,2.01087834153712,-0.00880911201362482,0
GFM-MWT,h_mp,h,mp,0.034145488738336,0.735642254459641,17.2983066750716,1.15554415114032e-06,1718.24876061545,0.110408642270644,2.01485651749179,-0.00872092518447171,0
GFM-MWT,h_mp,h,mp,0.034145488738336,1,17.2983066750716,1.5707963267949e-06,1718.2487585841,0.109894947360334,2.02020946164935,-0.00865735408381403,0
GFM-MWT,h_mp,h,mp,0.034145488738336,1.35935639087853,17.2983066750716,2.13527202559716e-06,1718.24875708862,0.110533751144662,2.02737909101376,-0.00867688273155459,0
GFM-MWT,h_mp,h,mp,0.034145488738336,1.84784979742229,17.2983066750716,2.90259567425963e-06,1718.24875598722,0.11393639998431,2.03690896954721,-0.0089021271888978,0
GFM-MWT,h_mp,h,mp,0.034145488738336,2.51188643150958,17.2983066750716,3.94566197994119e-06,1718.24875517672,0.123307755638044,2.04940469958069,-0.00957553141991812,0
GFM-MWT,h_mp,h,mp,0.034145488738336,3.4145488738336,17.2983066750716,5.36356082867947e-06,1718.24875458003,0.144588969726449,2.06536840870379,-0.0111411702213399,0
GFM-MWT,h_mp,h,mp,0.034145488738336,4.64158883361278,17.2983066750716,7.29099069033116e-06,1718.24875414124,0.187351785564677,2.08474861095308,-0.0143014429194185,0
GFM-MWT,h_mp,h,mp,0.034145488738336,6.30957344480193,17.2983066750716,9.9110547907375e-06,1718.24875381816,0.262693068263806,2.10615076802042,-0.0198469482159635,0
GFM-MWT,h_mp,h,mp,0.034145488738336,8.57695898590894,17.2983066750716,1.34726556701362e-05,1718.24875358046,0.374584221579042,2.12649181927687,-0.0280243332501067,0
GFM-MWT,h_mp,h,mp,0.034145488738336,11.6591440117983,17.2983066750716,1.83141405873055e-05,1718.24875340578,0.511323343156711,2.14252995442103,-0.0379555942401778,0
GFM-MWT,h_mp,h,mp,0.034145488738336,15.8489319246111,17.2983066750716,2.48954440508015e-05,1718.24875327691,0.651776198918316,2.15305825047064,-0.04812374044915,0
GFM-MWT,h_mp,h,mp,0.034145488738336,21.5443469003188,17.2983066750716,3.38417809742158e-05,1718.2487531826,0.779166162295811,2.1589320468667,-0.0573450567184983,0
GFM-MWT,h_mp,h,mp,0.034145488738336,29.2864456462524,17.2983066750716,4.60030412460116e-05,1718.24875311275,0.886001988285836,2.16169129206614,-0.0650937221044127,0
GFM-MWT,h_mp,h,mp,0.034145488738336,39.8107170553497,17.2983066750716,6.25345281176143e-05,1718.24875306171,0.971466470658706,2.16265370301338,-0.0713105704422373,0
GFM-MWT,h_mp,h,mp,0.034145488738336,54.1169526546464,17.2983066750716,8.50067104472519e-05,1718.24875302396,1.03790179764847,2.1626978559323,-0.0761583288333414,0
GFM-MWT,h_mp,h,mp,0.034145488738336,73.5642254459641,17.2983066750716,0.000115554415114032,1718.24875299605,1.08862846702657,2.16233781094371,-0.0798705344650713,0
GFM-MWT,h_mp,h,mp,0.034145488738336,100,17.2983066750716,0.00015707963267949,1718.24875297576,1.12691620175899,2.16184759393377,-0.0826793762496152,0
GFM-MWT,h_mp,h,mp,0.0464158883361278,0.01,23.5145637301352,1.5707963267949e-08,1718.24895053478,0.115904423208463,1.99984595116111,-0.00922369903458343,0
GFM-MWT,h_mp,h,mp,0.0464158883361278,0.0135935639087853,23.5145637301352,2.13527202559716e-08,1718.24889672281,0.115863958801943,1.99992140469492,-0.00922013129922514,0
GFM-MWT,h_mp,h,mp,0.0464158883361278,0.0184784979742229,23.5145637301352,2.90259567425963e-08,1718.2488508088,0.115809591593965,2.0000239603125,-0.00921533275518559,0
GFM-MWT,h_mp,h,mp,0.0464158883361278,0.0251188643150958,23.5145637301352,3.94566197994119e-08,1718.24881381394,0.115736866773066,2.00016334632638,-0.00920890456973573,0
GFM-MWT,h_mp,h,mp,0.0464158883361278,0.034145488738336,23.5145637301352,5.36356082867947e-08,1718.24878499789,0.115640187595031,2.00035277721922,-0.00920034142172209,0
GFM-MWT,h_mp,h,mp,0.0464158883361278,0.0464158883361278,23.5145637301352,7.29099069033116e-08,1718.2487630067,0.115512794149562,2.00061019747862,-0.00918902443471378,0
GFM-MWT,h_mp,h,mp,0.0464158883361278,0.0630957344480193,23.5145637301352,9.9110547907375e-08,1718.24874643537,0.115347064374575,2.00095996381209,-0.00917423797284687,0
GFM-MWT,h_mp,h,mp,0.0464158883361278,0.0857695898590894,23.5145637301352,1.34726556701362e-07,1718.24873404629,0.11513553255795,2.00143511443552,-0.00915524116819912,0
GFM-MWT,h_mp,h,mp,0.0464158883361278,0.116591440117983,23.5145637301352,1.83141405873055e-07,1718.24872483164,0.114873398672985,2.00208041766918,-0.00913145486822291,0
GFM-MWT,h_mp,h,mp,0.0464158883361278,0.158489319246111,23.5145637301352,2.48954440508015e-07,1718.24871800096,0.114564013627872,2.00295643918939,-0.00910288075354206,0
GFM-MWT,h_mp,h,mp,0.0464158883361278,0.215443469003188,23.5145637301352,3.38417809742158e-07,1718.24871294908,0.114230151649868,2.00414490319764,-0.00907097350110868,0
GFM-MWT,h_mp,h,mp,0.0464158883361278,0.292864456462524,23.5145637301352,4.60030412460116e-07,1718.24870921861,0.113936322241091,2.0057556047362,-0.0090403775076288,0
GFM-MWT,h_mp,h,mp,0.0464158883361278,0.398107170553497,23.5145637301352,6.25345281176143e-07,1718.24870646702,0.113831781954071,2.00793494408255,-0.00902228104839166,0
GFM-MWT,h_mp,h,mp,0.0464158883361278,0.541169526546464,23.5145637301352,8.50067104472518e-07,1718.24870443815,0.114231581055346,2.01087550540547,-0.00904072764718169,0
GFM-MWT,h_mp,h,mp,0.0464158883361278,0.735642254459641,23.5145637301352,1.15554415114032e-06,1718.24870294431,0.115765309482473,2.01482425637786,-0.0091441478713923,0
GFM-MWT,h_mp,h,mp,0.0464158883361278,1,23.5145637301352,1.5707963267949e-06,1718.24870184383,0.119639090171047,2.02008216521281,-0.00942551104424432,0
GFM-MWT,h_mp,h,mp,0.0464158883361278,1.35935639087853,23.5145637301352,2.13527202559716e-06,1718.24870103362,0.128061227833928,2.02697671958378,-0.0100546528022869,0
GFM-MWT,h_mp,h,mp,0.0464158883361278,1.84784979742229,23.5145637301352,2.90259567425963e-06,1718.24870043752,0.144811814897736,2.03576633667343,-0.0113205719464751,0
GFM-MWT,h_mp,h,mp,0.0464158883361278,2.51188643150958,23.5145637301352,3.94566197994119e-06,1718.24869999868,0.175606484914062,2.04641014985069,-0.0136561255454727,0
GFM-MWT,h_mp,h,mp,0.0464158883361278,3.4145488738336,23.5145637301352,5.36356082867947e-06,1718.24869967593,0.227093498895251,2.05818515557133,-0.0175579350847947,0
GFM-MWT,h_mp,h,mp,0.0464158883361278,4.64158883361278,23.5145637301352,7.29099069033116e-06,1718.24869943837,0.30289204394049,2.06943705157965,-0.023288310145984,0
GFM-MWT,h_mp,h,mp,0.0464158883361278,6.30957344480193,23.5145637301352,9.9110547907375e-06,1718.24869926335,0.398336211532852,2.07811887405352,-0.0304928160232341,0
GFM-MWT,h_mp,h,mp,0.0464158883361278,8.57695898590894,23.5145637301352,1.34726556701362e-05,1718.2486991348,0.50082381946979,2.08304476262991,-0.0382374376073362,0
GFM-MWT,h_mp,h,mp,0.0464158883361278,11.6591440117983,23.5145637301352,1.83141405873055e-05,1718.24869904012,0.597178532875574,2.08447371289633,-0.0455487973616492,0
GFM-MWT,h_mp,h,mp,0.0464158883361278,15.8489319246111,23.5145637301352,2.48954440508015e-05,1718.2486989704,0.679576251702167,2.08351415160841,-0.0518414921327923,0
GFM-MWT,h_mp,h,mp,0.0464158883361278,21.5443469003188,23.5145637301352,3.38417809742158e-05,1718.24869891918,0.745853319587077,2.08132298264184,-0.0569414957401785,0
GFM-MWT,h_mp,h,mp,0.0464158883361278,29.2864456462524,23.5145637301352,4.60030412460116e-05,1718.24869888128,0.797201343463003,2.07873318960404,-0.060923091785389,0
GFM-MWT,h_mp,h,mp,0.0464158883361278,39.8107170553497,23.5145637301352,6.25345281176143e-05,1718.248698854,0.836105747271908,2.07622573183919,-0.0639611983789403,0
GFM-MWT,h_mp,h,mp,0.0464158883361278,54.1169526546464,23.5145637301352,8.50067104472519e-05,1718.24869883327,0.865201442606817,2.07402508713921,-0.0662473130772326,0
GFM-MWT,h_mp,h,mp,0.0464158883361278,73.5642254459641,23.5145637301352,0.000115554415114032,1718.2486988184,0.88680002105765,2.07220123075009,-0.0679530375008113,0
GFM-MWT,h_mp,h,mp,0.0464158883361278,100,23.5145637301352,0.00015707963267949,1718.24869880734,0.902766195803227,2.07074361930129,-0.0692191357843276,0
GFM-MWT,h_mp,h,mp,0.0630957344480193,0.01,31.9646724852797,1.5707963267949e-08,1718.24880456496,0.115905806991838,1.99984596777326,-0.00922380907038135,0
GFM-MWT,h_mp,h,mp,0.0630957344480193,0.0135935639087853,31.9646724852797,2.13527202559716e-08,1718.24877078895,0.115866515693214,1.99992143489997,-0.00922033461297286,0
GFM-MWT,h_mp,h,mp,0.0630957344480193,0.0184784979742229,31.9646724852797,2.90259567425963e-08,1718.24874357343,0.115814315996013,2.00002401489171,-0.00921570840729153,0
GFM-MWT,h_mp,h,mp,0.0630957344480193,0.0251188643150958,31.9646724852797,3.94566197994119e-08,1718.24872237531,0.115745595826425,2.0001634440777,-0.0092095986105929,0
GFM-MWT,h_mp,h,mp,0.0630957344480193,0.034145488738336,31.9646724852797,5.36356082867947e-08,1718.2487061981,0.11565631504369,2.00035295005432,-0.00920162361905988,0
GFM-MWT,h_mp,h,mp,0.0630957344480193,0.0464158883361278,31.9646724852797,7.29099069033116e-08,1718.24869400731,0.115542588246456,2.000610497271,-0.00919139297296745,0
GFM-MWT,h_mp,h,mp,0.0630957344480193,0.0630957344480193,31.9646724852797,9.9110547907375e-08,1718.24868489324,0.11540209956942,2.00096046859728,-0.0091786125651832,0
GFM-MWT,h_mp,h,mp,0.0630957344480193,0.0857695898590894,31.9646724852797,1.34726556701362e-07,1718.24867811513,0.115237171935466,2.00143592366173,-0.00916331885159614,0
GFM-MWT,h_mp,h,mp,0.0630957344480193,0.116591440117983,31.9646724852797,1.83141405873055e-07,1718.24867308965,0.115061042725372,2.00208160277894,-0.00914636430859557,0
GFM-MWT,h_mp,h,mp,0.0630957344480193,0.158489319246111,31.9646724852797,2.48954440508015e-07,1718.24866937354,0.114910234558347,2.00295785053282,-0.00913038161021562,0
GFM-MWT,h_mp,h,mp,0.0630957344480193,0.215443469003188,31.9646724852797,3.38417809742158e-07,1718.24866662911,0.114868310148398,2.00414555932813,-0.00912164223733344,0
GFM-MWT,h_mp,h,mp,0.0630957344480193,0.292864456462524,31.9646724852797,4.60030412460116e-07,1718.24866460462,0.115110457334561,2.00575193481597,-0.00913354926541274,0
GFM-MWT,h_mp,h,mp,0.0630957344480193,0.398107170553497,31.9646724852797,6.25345281176143e-07,1718.24866311268,0.115985033040148,2.00791600301212,-0.00919301966015953,0
GFM-MWT,h_mp,h,mp,0.0630957344480193,0.541169526546464,31.9646724852797,8.50067104472518e-07,1718.2486620134,0.118157127292091,2.01081048158707,-0.00935168616088555,0
GFM-MWT,h_mp,h,mp,0.0630957344480193,0.735642254459641,31.9646724852797,1.15554415114032e-06,1718.24866120367,0.12284452567264,2.01463122419867,-0.00970420424692855,0
GFM-MWT,h_mp,h,mp,0.0630957344480193,1,31.9646724852797,1.5707963267949e-06,1718.24866060785,0.13215240716072,2.01955446747692,-0.0104139643883708,0
GFM-MWT,h_mp,h,mp,0.0630957344480193,1.35935639087853,31.9646724852797,2.13527202559716e-06,1718.24866016943,0.149383109769895,2.02562677181809,-0.0117363293195598,0
GFM-MWT,h_mp,h,mp,0.0630957344480193,1.84784979742229,31.9646724852797,2.90259567425963e-06,1718.24865984678,0.178831932325027,2.03255761605432,-0.0140016675106993,0
GFM-MWT,h_mp,h,mp,0.0630957344480193,2.51188643150958,31.9646724852797,3.94566197994119e-06,1718.24865960885,0.224113102413134,2.03949159165299,-0.0174863453905547,0
GFM-MWT,h_mp,h,mp,0.0630957344480193,3.4145488738336,31.9646724852797,5.36356082867947e-06,1718.24865943407,0.284786450578577,2.04508378812149,-0.0221575486922064,0
GFM-MWT,h_mp,h,mp,0.0630957344480193,4.64158883361278,31.9646724852797,7.29099069033116e-06,1718.24865930543,0.354233546941838,2.0481645573978,-0.0275156961773445,0
GFM-MWT,h_mp,h,mp,0.0630957344480193,6.30957344480193,31.9646724852797,9.9110547907375e-06,1718.24865921077,0.422554381427923,2.04848658479778,-0.0328122265056604,0
GFM-MWT,h_mp,h,mp,0.0630957344480193,8.57695898590894,31.9646724852797,1.34726556701362e-05,1718.24865914131,0.481994596038604,2.04671636326526,-0.0374541381723934,0
GFM-MWT,h_mp,h,mp,0.0630957344480193,11.6591440117983,31.9646724852797,1.83141405873055e-05,1718.24865908989,0.529395311517266,2.0438356571744,-0.0411894063791604,0
GFM-MWT,h_mp,h,mp,0.0630957344480193,15.8489319246111,31.9646724852797,2.48954440508015e-05,1718.2486590526,0.5651535592408,2.0406535527542,-0.0440347817658742,0
GFM-MWT,h_mp,h,mp,0.0630957344480193,21.5443469003188,31.9646724852797,3.38417809742158e-05,1718.24865902465,0.591279580104629,2.03766003159198,-0.0461337368338036,0
GFM-MWT,h_mp,h,mp,0.0630957344480193,29.2864456462524,31.9646724852797,4.60030412460116e-05,1718.24865900447,0.6100643505887,2.0350787233409,-0.0476563564293982,0
GFM-MWT,h_mp,h,mp,0.0630957344480193,39.8107170553497,31.9646724852797,6.25345281176143e-05,1718.24865898919,0.623490050061019,2.03296664024929,-0.0487531478024121,0
GFM-MWT,h_mp,h,mp,0.0630957344480193,54.1169526546464,31.9646724852797,8.50067104472519e-05,1718.24865897801,0.633083815056651,2.03129531043196,-0.0495421272406224,0
GFM-MWT,h_mp,h,mp,0.0630957344480193,73.5642254459641,31.9646724852797,0.000115554415114032,1718.24865897023,0.639958447844397,2.03000162329204,-0.0501105956113354,0
GFM-MWT,h_mp,h,mp,0.0630957344480193,100,31.9646724852797,0.00015707963267949,1718.2486589641,0.644904196812201,2.02901509323812,-0.0505213678196108,0
GFM-MWT,h_mp,h,mp,0.0857695898590894,0.01,43.451381825204,1.5707963267949e-08,1718.24871192268,0.115907688337643,1.99984598961438,-0.00922395867481737,0
GFM-MWT,h_mp,h,mp,0.0857695898590894,0.0135935639087853,43.451381825204,2.13527202559716e-08,1718.24869190208,0.115869992121587,1.99992147409874,-0.0092206110532305,0
GFM-MWT,h_mp,h,mp,0.0857695898590894,0.0184784979742229,43.451381825204,2.90259567425963e-08,1718.24867630762,0.115820739805049,2.00002408441058,-0.00921621920619078,0
GFM-MWT,h_mp,h,mp,0.0857695898590894,0.0251188643150958,43.451381825204,3.94566197994119e-08,1718.24866440732,0.115757465557099,2.00016356521741,-0.00921054241860221,0
GFM-MWT,h_mp,h,mp,0.0857695898590894,0.034145488738336,43.451381825204,5.36356082867947e-08,1718.24865543902,0.11567824646502,2.00035315551564,-0.00920336739130443,0
GFM-MWT,h_mp,h,mp,0.0857695898590894,0.0464158883361278,43.451381825204,7.29099069033116e-08,1718.24864873427,0.115583106340864,2.00061083075802,-0.00919461437540126,0
GFM-MWT,h_mp,h,mp,0.0857695898590894,0.0630957344480193,43.451381825204,9.9110547907375e-08,1718.24864374778,0.115476941880027,2.00096096890567,-0.00918456241923464,0
GFM-MWT,h_mp,h,mp,0.0857695898590894,0.0857695898590894,43.451381825204,1.34726556701362e-07,1718.2486400513,0.115375364727992,2.00143655727435,-0.0091743037049686,0
GFM-MWT,h_mp,h,mp,0.0857695898590894,0.116591440117983,43.451381825204,1.83141405873055e-07,1718.24863731769,0.115316031757979,2.00208204447636,-0.00916663002239475,0
GFM-MWT,h_mp,h,mp,0.0857695898590894,0.158489319246111,43.451381825204,2.48954440508015e-07,1718.24863529837,0.115380117937427,2.00295684275907,-0.00916771844738226,0
GFM-MWT,h_mp,h,mp,0.0857695898590894,0.215443469003188,43.451381825204,3.38417809742158e-07,1718.24863380921,0.115732077028248,2.00413915163957,-0.00919025719637719,0
GFM-MWT,h_mp,h,mp,0.0857695898590894,0.292864456462524,43.451381825204,4.60030412460116e-07,1718.24863271176,0.11669105417915,2.00572884821782,-0.00925905911860356,0
GFM-MWT,h_mp,h,mp,0.0857695898590894,0.398107170553497,43.451381825204,6.25345281176143e-07,1718.24863190284,0.118852898596528,2.00784589763877,-0.00942063677922075,0
GFM-MWT,h_mp,h,mp,0.0857695898590894,0.541169526546464,43.451381825204,8.50067104472518e-07,1718.24863130744,0.123279470422176,2.01061569744483,-0.009758007450666,0
GFM-MWT,h_mp,h,mp,0.0857695898590894,0.735642254459641,43.451381825204,1.15554415114032e-06,1718.24863086917,0.131733241205287,2.01412386203402,-0.010408923246554,0
GFM-MWT,h_mp,h,mp,0.0857695898590894,1,43.451381825204,1.5707963267949e-06,1718.24863054642,0.146792445741834,2.01831533343998,-0.011574592900078,0
GFM-MWT,h_mp,h,mp,0.0857695898590894,1.35935639087853,43.451381825204,2.13527202559716e-06,1718.24863030881,0.17137987559772,2.02283582696414,-0.0134827921685986,0
GFM-MWT,h_mp,h,mp,0.0857695898590894,1.84784979742229,43.451381825204,2.90259567425963e-06,1718.24863013396,0.207094995074446,2.02692648280682,-0.0162590185387601,0
GFM-MWT,h_mp,h,mp,0.0857695898590894,2.51188643150958,43.451381825204,3.94566197994119e-06,1718.248630006,0.251856436391406,2.02962860850257,-0.0197456724969425,0
GFM-MWT,h_mp,h,mp,0.0857695898590894,3.4145488738336,43.451381825204,5.36356082867947e-06,1718.24862991098,0.299553052092262,2.03034627231507,-0.0234749173230013,0
GFM-MWT,h_mp,h,mp,0.0857695898590894,4.64158883361278,43.451381825204,7.29099069033116e-06,1718.24862984132,0.343242704304405,2.02923231285457,-0.0269111563917381,0
GFM-MWT,h_mp,h,mp,0.0857695898590894,6.30957344480193,43.451381825204,9.9110547907375e-06,1718.24862979032,0.378714405111122,2.02696898241281,-0.0297230196137814,0
GFM-MWT,h_mp,h,mp,0.0857695898590894,8.57695898590894,43.451381825204,1.34726556701362e-05,1718.24862975251,0.405191339968091,2.02428785313096,-0.0318410770710831,0
GFM-MWT,h_mp,h,mp,0.0857695898590894,11.6591440117983,43.451381825204,1.83141405873055e-05,1718.24862972495,0.423960355570787,2.02169199958415,-0.0333571265897121,0
GFM-MWT,h_mp,h,mp,0.0857695898590894,15.8489319246111,43.451381825204,2.48954440508015e-05,1718.24862970447,0.436912755816564,2.01943004793859,-0.0344134904973923,0
GFM-MWT,h_mp,h,mp,0.0857695898590894,21.5443469003188,43.451381825204,3.38417809742158e-05,1718.24862968962,0.445763710960558,2.01757601388123,-0.0351420102992065,0
GFM-MWT,h_mp,h,mp,0.0857695898590894,29.2864456462524,43.451381825204,4.60030412460116e-05,1718.2486296783,0.451817063280264,2.01611197364136,-0.035644460368934,0
GFM-MWT,h_mp,h,mp,0.0857695898590894,39.8107170553497,43.451381825204,6.25345281176143e-05,1718.24862967024,0.455985180082422,2.01498268871348,-0.035992999839517,0
GFM-MWT,h_mp,h,mp,0.0857695898590894,54.1169526546464,43.451381825204,8.50067104472519e-05,1718.24862966421,0.458882301528883,2.01412467753203,-0.0362367937734482,0
GFM-MWT,h_mp,h,mp,0.0857695898590894,73.5642254459641,43.451381825204,0.000115554415114032,1718.24862965982,0.460916123065115,2.01347922617317,-0.0364088395131168,0
GFM-MWT,h_mp,h,mp,0.0857695898590894,100,43.451381825204,0.00015707963267949,1718.24862965663,0.462357241370682,2.01299690705114,-0.036531264410353,0
GFM-MWT,h_mp,h,mp,0.116591440117983,0.01,59.065913576594,1.5707963267949e-08,1718.24865389062,0.115910246256913,1.99984601793504,-0.00922416208664513,0
GFM-MWT,h_mp,h,mp,0.116591440117983,0.0135935639087853,59.065913576594,2.13527202559716e-08,1718.24864241871,0.11587471899405,1.9999215239446,-0.00922098694278199,0
GFM-MWT,h_mp,h,mp,0.116591440117983,0.0184784979742229,59.065913576594,2.90259567425963e-08,1718.24863366398,0.11582947468193,2.00002417027264,-0.0092169138130186,0
GFM-MWT,h_mp,h,mp,0.116591440117983,0.0251188643150958,59.065913576594,3.94566197994119e-08,1718.24862706679,0.115773606329721,2.00016370819067,-0.0092118259335746,0
GFM-MWT,h_mp,h,mp,0.116591440117983,0.034145488738336,59.065913576594,5.36356082867947e-08,1718.24862213462,0.115708069579142,2.00035338031591,-0.00920573888432884,0
GFM-MWT,h_mp,h,mp,0.116591440117983,0.0464158883361278,59.065913576594,7.29099069033116e-08,1718.24861846632,0.115638199237805,2.0006111472688,-0.00919899517899391,0
GFM-MWT,h_mp,h,mp,0.116591440117983,0.0630957344480193,59.065913576594,9.9110547907375e-08,1718.24861574677,0.115578674426318,2.00096130571335,-0.00919265157812607,0
GFM-MWT,h_mp,h,mp,0.116591440117983,0.0857695898590894,59.065913576594,1.34726556701362e-07,1718.24861373558,0.11556306655643,2.00143655824717,-0.00918922792882805,0
GFM-MWT,h_mp,h,mp,0.116591440117983,0.116591440117983,59.065913576594,1.83141405873055e-07,1718.2486122505,0.115661799480126,2.00208049371769,-0.00919412037534083,0
GFM-MWT,h_mp,h,mp,0.116591440117983,0.158489319246111,59.065913576594,2.48954440508015e-07,1718.24861115492,0.116015117752975,2.00295011744221,-0.00921820008348433,0
GFM-MWT,h_mp,h,mp,0.116591440117983,0.215443469003188,59.065913576594,3.38417809742158e-07,1718.2486103474,0.116891525746356,2.00411721885628,-0.00928242243019032,0
GFM-MWT,h_mp,h,mp,0.116591440117983,0.292864456462524,59.065913576594,4.60030412460116e-07,1718.24860975261,0.118785283339529,2.00566532496826,-0.0094255133103952,0
GFM-MWT,h_mp,h,mp,0.116591440117983,0.398107170553497,59.065913576594,6.25345281176143e-07,1718.24860931458,0.122560313277179,2.00767474159288,-0.00971529834925816,0
GFM-MWT,h_mp,h,mp,0.116591440117983,0.541169526546464,59.065913576594,8.50067104472518e-07,1718.24860899191,0.129605760982428,2.01018157551639,-0.0102609196319518,0
GFM-MWT,h_mp,h,mp,0.116591440117983,0.735642254459641,59.065913576594,1.15554415114032e-06,1718.2486087546,0.1418384259128,2.01309445889349,-0.0112130194920305,0
GFM-MWT,h_mp,h,mp,0.116591440117983,1,59.065913576594,1.5707963267949e-06,1718.24860857999,0.161167303169113,2.01608225851488,-0.0127219497244246,0
GFM-MWT,h_mp,h,mp,0.116591440117983,1.35935639087853,59.065913576594,2.13527202559716e-06,1718.24860845168,0.188088189126056,2.01854252931725,-0.0148284583066111,0
GFM-MWT,h_mp,h,mp,0.116591440117983,1.84784979742229,59.065913576594,2.90259567425963e-06,1718.24860835677,0.220176667408359,2.01982922756359,-0.0173464825585286,0
GFM-MWT,h_mp,h,mp,0.116591440117983,2.51188643150958,59.065913576594,3.94566197994119e-06,1718.24860828746,0.252550428440601,2.01967209402324,-0.0198976316750942,0
GFM-MWT,h_mp,h,mp,0.116591440117983,3.4145488738336,59.065913576594,5.36356082867947e-06,1718.24860823604,0.280606916030441,2.01834664845134,-0.0221215958784694,0
GFM-MWT,h_mp,h,mp,0.116591440117983,4.64158883361278,59.065913576594,7.29099069033116e-06,1718.24860819832,0.302198314117337,2.01641262762957,-0.0238456547642843,0
GFM-MWT,h_mp,h,mp,0.116591440117983,6.30957344480193,59.065913576594,9.9110547907375e-06,1718.24860817078,0.317526047697564,2.01436937278458,-0.025079781706033,0
GFM-MWT,h_mp,h,mp,0.116591440117983,8.57695898590894,59.065913576594,1.34726556701362e-05,1718.24860815018,0.327904478444774,2.01251253572894,-0.0259228600232847,0
GFM-MWT,h_mp,h,mp,0.116591440117983,11.6591440117983,59.065913576594,1.83141405873055e-05,1718.24860813512,0.334778027510342,2.01095933174813,-0.0264863066261648,0
GFM-MWT,h_mp,h,mp,0.116591440117983,15.8489319246111,59.065913576594,2.48954440508015e-05,1718.24860812417,0.339307740329896,2.00972138218899,-0.0268609466865567,0
GFM-MWT,h_mp,h,mp,0.116591440117983,21.5443469003188,59.065913576594,3.38417809742158e-05,1718.24860811613,0.342309736544736,2.00876289764619,-0.0271113434233927,0
GFM-MWT,h_mp,h,mp,0.116591440117983,29.2864456462524,59.065913576594,4.60030412460116e-05,1718.24860811043,0.344322098114539,2.00803387821761,-0.0272804999636867,0
GFM-MWT,h_mp,h,mp,0.116591440117983,39.8107170553497,59.065913576594,6.25345281176143e-05,1718.24860810569,0.345689821953266,2.00748554048509,-0.0273962585767255,0
GFM-MWT,h_mp,h,mp,0.116591440117983,54.1169526546464,59.065913576594,8.50067104472519e-05,1718.24860810272,0.346632519453819,2.0070760405232,-0.0274765125858695,0
GFM-MWT,h_mp,h,mp,0.116591440117983,73.5642254459641,59.065913576594,0.000115554415114032,1718.24860810039,0.34729071764667,2.00677165170965,-0.0275328188703667,0
GFM-MWT,h_mp,h,mp,0.116591440117983,100,59.065913576594,0.00015707963267949,1718.24860809872,0.347755453560581,2.00654609934465,-0.0275727313259466,0
GFM-MWT,h_mp,h,mp,0.158489319246111,0.01,80.2916271034217,1.5707963267949e-08,1718.2486174885,0.115913724209066,1.99984605390243,-0.0092244386733795,0
GFM-MWT,h_mp,h,mp,0.158489319246111,0.0135935639087853,80.2916271034217,2.13527202559716e-08,1718.24861104804,0.115881146329502,1.999921585346,-0.00922149808562474,0
GFM-MWT,h_mp,h,mp,0.158489319246111,0.0184784979742229,80.2916271034217,2.90259567425963e-08,1718.24860619515,0.115841352241742,2.00002427102174,-0.00921785840302273,0
GFM-MWT,h_mp,h,mp,0.158489319246111,0.0251188643150958,80.2916271034217,3.94566197994119e-08,1718.24860256652,0.115795553904332,2.00016386243885,-0.0092135713903203,0
GFM-MWT,h_mp,h,mp,0.158489319246111,0.034145488738336,80.2916271034217,5.36356082867947e-08,1718.24859986789,0.115748616265355,2.00035358521453,-0.00920896356366043,0
GFM-MWT,h_mp,h,mp,0.158489319246111,0.0464158883361278,80.2916271034217,7.29099069033116e-08,1718.24859786735,0.115713072523943,2.00061132491638,-0.00920495001183694,0
GFM-MWT,h_mp,h,mp,0.158489319246111,0.0630957344480193,80.2916271034217,9.9110547907375e-08,1718.24859638772,0.115716806071844,2.0009611307155,-0.00920363787488952,0
GFM-MWT,h_mp,h,mp,0.158489319246111,0.0857695898590894,80.2916271034217,1.34726556701362e-07,1718.24859529523,0.115817430950277,2.00143497854126,-0.0092094597760691,0
GFM-MWT,h_mp,h,mp,0.158489319246111,0.116591440117983,80.2916271034217,1.83141405873055e-07,1718.24859448951,0.116128527875627,2.00207445683277,-0.00923124595446491,0
GFM-MWT,h_mp,h,mp,0.158489319246111,0.158489319246111,80.2916271034217,2.48954440508015e-07,1718.2485938954,0.116865688352999,2.00293131082391,-0.00928586515089226,0
GFM-MWT,h_mp,h,mp,0.158489319246111,0.215443469003188,80.2916271034217,3.38417809742158e-07,1718.24859345802,0.118421880357192,2.00406408300458,-0.00940418739555457,0
GFM-MWT,h_mp,h,mp,0.158489319246111,0.292864456462524,80.2916271034217,4.60030412460116e-07,1718.24859313566,0.121474069668287,2.00552470128138,-0.00963952245901942,0
GFM-MWT,h_mp,h,mp,0.158489319246111,0.398107170553497,80.2916271034217,6.25345281176143e-07,1718.24859289841,0.127083878241048,2.00732417879495,-0.0100756026088708,0
GFM-MWT,h_mp,h,mp,0.158489319246111,0.541169526546464,80.2916271034217,8.50067104472518e-07,1718.24859272384,0.136646980047285,2.00936748009916,-0.0108226936234936,0
GFM-MWT,h_mp,h,mp,0.158489319246111,0.735642254459641,80.2916271034217,1.15554415114032e-06,1718.24859259515,0.151395634225959,2.0113766862407,-0.011978678556691,0
GFM-MWT,h_mp,h,mp,0.158489319246111,1,80.2916271034217,1.5707963267949e-06,1718.24859250088,0.171300855566138,2.01289676318514,-0.0135431076429243,0
GFM-MWT,h_mp,h,mp,0.158489319246111,1.35935639087853,80.2916271034217,2.13527202559716e-06,1718.24859243105,0.194150913730719,2.01350036473346,-0.0153446406655022,0
GFM-MWT,h_mp,h,mp,0.158489319246111,1.84784979742229,80.2916271034217,2.90259567425963e-06,1718.24859237991,0.216281644766322,2.013083689725,-0.0170967863148121,0
GFM-MWT,h_mp,h,mp,0.158489319246111,2.51188643150958,80.2916271034217,3.94566197994119e-06,1718.24859234197,0.234693663079641,2.01192260226564,-0.0185624540385035,0
GFM-MWT,h_mp,h,mp,0.158489319246111,3.4145488738336,80.2916271034217,5.36356082867947e-06,1718.24859231448,0.248328092885403,2.0104379525933,-0.0196549257270204,0
GFM-MWT,h_mp,h,mp,0.158489319246111,4.64158883361278,80.2916271034217,7.29099069033116e-06,1718.24859229418,0.257675113882466,2.00896151276035,-0.0204094133423646,0
GFM-MWT,h_mp,h,mp,0.158489319246111,6.30957344480193,80.2916271034217,9.9110547907375e-06,1718.24859227923,0.263810399503697,2.00766739737155,-0.0209086178797495,0
GFM-MWT,h_mp,h,mp,0.158489319246111,8.57695898590894,80.2916271034217,1.34726556701362e-05,1718.24859226821,0.267763543666483,2.00661017556603,-0.0212329651973285,0
GFM-MWT,h_mp,h,mp,0.158489319246111,11.6591440117983,80.2916271034217,1.83141405873055e-05,1718.24859226002,0.270306072022998,2.00578093589878,-0.0214433464847997,0
GFM-MWT,h_mp,h,mp,0.158489319246111,15.8489319246111,80.2916271034217,2.48954440508015e-05,1718.24859225425,0.271955316022879,2.00514596940931,-0.0215809487533582,0
GFM-MWT,h_mp,h,mp,0.158489319246111,21.5443469003188,80.2916271034217,3.38417809742158e-05,1718.24859225008,0.27304034776353,2.00466674751574,-0.021672187979743,0
GFM-MWT,h_mp,h,mp,0.158489319246111,29.2864456462524,80.2916271034217,4.60030412460116e-05,1718.24859224631,0.273766031060455,2.00430826800481,-0.0217336455236297,0
GFM-MWT,h_mp,h,mp,0.158489319246111,39.8107170553497,80.2916271034217,6.25345281176143e-05,1718.24859224404,0.274259484920908,2.00404159914265,-0.0217756969542687,0
GFM-MWT,h_mp,h,mp,0.158489319246111,54.1169526546464,80.2916271034217,8.50067104472519e-05,1718.24859224223,0.274600206561899,2.00384393472517,-0.021804886428594,0
GFM-MWT,h_mp,h,mp,0.158489319246111,73.5642254459641,80.2916271034217,0.000115554415114032,1718.24859224106,0.274838636272301,2.00369776163606,-0.0218254014745133,0
GFM-MWT,h_mp,h,mp,0.158489319246111,100,80.2916271034217,0.00015707963267949,1718.24859224001,0.275007361600972,2.00358983576533,-0.0218399696630331,0
GFM-MWT,h_mp,h,mp,0.215443469003188,0.01,109.144936437072,1.5707963267949e-08,1718.24859441105,0.115918453276963,1.9998460981176,-0.0092248147776408,0
GFM-MWT,h_mp,h,mp,0.215443469003188,0.0135935639087853,109.144936437072,2.13527202559716e-08,1718.24859084058,0.115889885936054,1.9999216570632,-0.00922219316928649,0
GFM-MWT,h_mp,h,mp,0.215443469003188,0.0184784979742229,109.144936437072,2.90259567425963e-08,1718.24858817159,0.115857502215195,2.00002437846686,-0.00921914290243464,0
GFM-MWT,h_mp,h,mp,0.215443469003188,0.0251188643150958,109.144936437072,3.94566197994119e-08,1718.24858618622,0.115825390989356,2.00016399803166,-0.00921594462849743,0
GFM-MWT,h_mp,h,mp,0.215443469003188,0.034145488738336,109.144936437072,5.36356082867947e-08,1718.24858471465,0.115803713108583,2.00035367789653,-0.00921334627139407,0
GFM-MWT,h_mp,h,mp,0.215443469003188,0.0464158883361278,109.144936437072,7.29099069033116e-08,1718.24858362666,0.115814709070186,2.00061110094707,-0.00921303552256109,0
GFM-MWT,h_mp,h,mp,0.215443469003188,0.0630957344480193,109.144936437072,9.9110547907375e-08,1718.24858282272,0.115903908117501,2.0009597308165,-0.00921852438577932,0
GFM-MWT,h_mp,h,mp,0.215443469003188,0.0857695898590894,109.144936437072,1.34726556701362e-07,1718.24858222984,0.116160487281215,2.00142994795238,-0.0092367594921117,0
GFM-MWT,h_mp,h,mp,0.215443469003188,0.116591440117983,109.144936437072,1.83141405873055e-07,1718.2485817925,0.116752730386199,2.00205917996306,-0.00928093137916333,0
GFM-MWT,h_mp,h,mp,0.215443469003188,0.158489319246111,109.144936437072,2.48954440508015e-07,1718.24858147112,0.117985199454332,2.00288878636684,-0.00937501004092173,0
GFM-MWT,h_mp,h,mp,0.215443469003188,0.215443469003188,109.144936437072,3.38417809742158e-07,1718.24858123375,0.120376822198776,2.00395284191161,-0.00955995090791161,0
GFM-MWT,h_mp,h,mp,0.215443469003188,0.292864456462524,109.144936437072,4.60030412460116e-07,1718.24858105931,0.124725618321211,2.00525070409585,-0.00989887501808397,0
GFM-MWT,h_mp,h,mp,0.215443469003188,0.398107170553497,109.144936437072,6.25345281176143e-07,1718.24858093099,0.132040312700964,2.00669751043542,-0.0104717906333542,0
GFM-MWT,h_mp,h,mp,0.215443469003188,0.541169526546464,109.144936437072,8.50067104472518e-07,1718.24858083649,0.143119424994053,2.00807220780212,-0.0113425695326197,0
GFM-MWT,h_mp,h,mp,0.215443469003188,0.735642254459641,109.144936437072,1.15554415114032e-06,1718.24858076677,0.157724706326579,2.00903872763063,-0.0124938892461684,0
GFM-MWT,h_mp,h,mp,0.215443469003188,1,109.144936437072,1.5707963267949e-06,1718.24858071572,0.174028325962042,2.00931405317963,-0.0137832297540818,0
GFM-MWT,h_mp,h,mp,0.215443469003188,1.35935639087853,109.144936437072,2.13527202559716e-06,1718.24858067762,0.189351737078581,2.00887254735095,-0.0149998936002177,0
GFM-MWT,h_mp,h,mp,0.215443469003188,1.84784979742229,109.144936437072,2.90259567425963e-06,1718.24858064991,0.201730515250075,2.00794883896083,-0.0159876111038446,0
GFM-MWT,h_mp,h,mp,0.215443469003188,2.51188643150958,109.144936437072,3.94566197994119e-06,1718.24858062979,0.210652944955177,2.00684897495293,-0.0167036884171967,0
GFM-MWT,h_mp,h,mp,0.215443469003188,3.4145488738336,109.144936437072,5.36356082867947e-06,1718.24858061493,0.216625406274994,2.00579415168992,-0.0171861664690113,0
GFM-MWT,h_mp,h,mp,0.215443469003188,4.64158883361278,109.144936437072,7.29099069033116e-06,1718.2485806037,0.220464645732407,2.00488983633159,-0.0174985503604935,0
GFM-MWT,h_mp,h,mp,0.215443469003188,6.30957344480193,109.144936437072,9.9110547907375e-06,1718.2485805958,0.2228931908591,2.00416162177394,-0.0176976730997764,0
GFM-MWT,h_mp,h,mp,0.215443469003188,8.57695898590894,109.144936437072,1.34726556701362e-05,1718.24858058946,0.224429587377577,2.00359591555585,-0.0178246537523303,0
GFM-MWT,h_mp,h,mp,0.215443469003188,11.6591440117983,109.144936437072,1.83141405873055e-05,1718.24858058518,0.22541148618785,2.00316557204272,-0.0179064580268762,0
GFM-MWT,h_mp,h,mp,0.215443469003188,15.8489319246111,109.144936437072,2.48954440508015e-05,1718.24858058221,0.226048927045417,2.00284224898916,-0.0179599772857799,0
GFM-MWT,h_mp,h,mp,0.215443469003188,21.5443469003188,109.144936437072,3.38417809742158e-05,1718.24858057979,0.226470278869273,2.00260115186705,-0.0179956091514422,0
GFM-MWT,h_mp,h,mp,0.215443469003188,29.2864456462524,109.144936437072,4.60030412460116e-05,1718.24858057805,0.22675390736408,2.00242220212816,-0.0180197490086986,0
GFM-MWT,h_mp,h,mp,0.215443469003188,39.8107170553497,109.144936437072,6.25345281176143e-05,1718.24858057629,0.226948090117039,2.0022897688835,-0.0180363678407154,0
GFM-MWT,h_mp,h,mp,0.215443469003188,54.1169526546464,109.144936437072,8.50067104472519e-05,1718.24858057573,0.22708303104707,2.00219194595981,-0.018047970038049,0
GFM-MWT,h_mp,h,mp,0.215443469003188,73.5642254459641,109.144936437072,0.000115554415114032,1718.248580575,0.227177990154394,2.0021197785366,-0.0180561652896384,0
GFM-MWT,h_mp,h,mp,0.215443469003188,100,109.144936437072,0.00015707963267949,1718.24858057421,0.22724550281,2.00206658291434,-0.0180620092074373,0
GFM-MWT,h_mp,h,mp,0.292864456462524,0.01,148.366866877764,1.5707963267949e-08,1718.24857954565,0.115924883549634,1.99984614957721,-0.00922532621917232,0
GFM-MWT,h_mp,h,mp,0.292864456462524,0.0135935639087853,148.366866877764,2.13527202559716e-08,1718.24857758218,0.115901768864086,1.9999217328406,-0.00922313834961013,0
GFM-MWT,h_mp,h,mp,0.292864456462524,0.0184784979742229,148.366866877764,2.90259567425963e-08,1718.24857612184,0.115879456420634,2.00002447001436,-0.00922088929649901,0
GFM-MWT,h_mp,h,mp,0.292864456462524,0.0251188643150958,148.366866877764,3.94566197994119e-08,1718.24857503888,0.115865930979626,2.00016404562522,-0.00921916980345264,0
GFM-MWT,h_mp,h,mp,0.292864456462524,0.034145488738336,148.366866877764,5.36356082867947e-08,1718.2485742383,0.115878490203792,2.00035346154541,-0.0092192960304775,0
GFM-MWT,h_mp,h,mp,0.292864456462524,0.0464158883361278,148.366866877764,7.29099069033116e-08,1718.24857364741,0.115952330567123,2.00060994234124,-0.00922398769392276,0
GFM-MWT,h_mp,h,mp,0.292864456462524,0.0630957344480193,148.366866877764,9.9110547907375e-08,1718.24857321088,0.116156090618045,2.00095571111715,-0.00923859880150845,0
GFM-MWT,h_mp,h,mp,0.292864456462524,0.0857695898590894,148.366866877764,1.34726556701362e-07,1718.24857288955,0.116618766157194,2.00141793135685,-0.00927325310054765,0
GFM-MWT,h_mp,h,mp,0.292864456462524,0.116591440117983,148.366866877764,1.83141405873055e-07,1718.2485726523,0.11757259963166,2.0020260521696,-0.00934625355372864,0
GFM-MWT,h_mp,h,mp,0.292864456462524,0.158489319246111,148.366866877764,2.48954440508015e-07,1718.24857247865,0.119410019647226,2.00280281071256,-0.00948862225814471,0
GFM-MWT,h_mp,h,mp,0.292864456462524,0.215443469003188,148.366866877764,3.38417809742158e-07,1718.24857235027,0.12272546401258,2.0037428932328,-0.00974747626935586,0
GFM-MWT,h_mp,h,mp,0.292864456462524,0.292864456462524,148.366866877764,4.60030412460116e-07,1718.24857225537,0.128247218615261,2.00477588952255,-0.0101807494165396,0
GFM-MWT,h_mp,h,mp,0.292864456462524,0.398107170553497,148.366866877764,6.25345281176143e-07,1718.24857218591,0.136499002233612,2.00573109966255,-0.0108305728236856,0
GFM-MWT,h_mp,h,mp,0.292864456462524,0.541169526546464,148.366866877764,8.50067104472518e-07,1718.24857213478,0.147188559188266,2.00636262437851,-0.0116749534216037,0
GFM-MWT,h_mp,h,mp,0.292864456462524,0.735642254459641,148.366866877764,1.15554415114032e-06,1718.24857209703,0.158877113024142,2.00648102036731,-0.0126012007859283,0
GFM-MWT,h_mp,h,mp,0.292864456462524,1,148.366866877764,1.5707963267949e-06,1718.24857206946,0.169624889585383,2.00609391084345,-0.0134560975924433,0
GFM-MWT,h_mp,h,mp,0.292864456462524,1.35935639087853,148.366866877764,2.13527202559716e-06,1718.24857204891,0.17812611694838,2.00538758386213,-0.0141353321694717,0
GFM-MWT,h_mp,h,mp,0.292864456462524,1.84784979742229,148.366866877764,2.90259567425963e-06,1718.24857203408,0.184138711058071,2.00458232262697,-0.014618234571082,0
GFM-MWT,h_mp,h,mp,0.292864456462524,2.51188643150958,148.366866877764,3.94566197994119e-06,1718.24857202304,0.188097827849385,2.00382774042427,-0.0149380898176222,0
GFM-MWT,h_mp,h,mp,0.292864456462524,3.4145488738336,148.366866877764,5.36356082867947e-06,1718.2485720151,0.190606867454506,2.00318996947112,-0.0151421221277246,0
GFM-MWT,h_mp,h,mp,0.292864456462524,4.64158883361278,148.366866877764,7.29099069033116e-06,1718.24857200863,0.192174111796621,2.00268108842161,-0.0152704760249199,0
GFM-MWT,h_mp,h,mp,0.292864456462524,6.30957344480193,148.366866877764,9.9110547907375e-06,1718.24857200431,0.193154351437935,2.00228816159996,-0.0153513604355919,0
GFM-MWT,h_mp,h,mp,0.292864456462524,8.57695898590894,148.366866877764,1.34726556701362e-05,1718.24857200146,0.193774273793991,2.0019904728009,-0.015402907913921,0
GFM-MWT,h_mp,h,mp,0.292864456462524,11.6591440117983,148.366866877764,1.83141405873055e-05,1718.24857199875,0.194172871462663,2.00176743813615,-0.0154363037664212,0
GFM-MWT,h_mp,h,mp,0.292864456462524,15.8489319246111,148.366866877764,2.48954440508015e-05,1718.24857199726,0.194434073480041,2.00160144560366,-0.0154583453235871,0
GFM-MWT,h_mp,h,mp,0.292864456462524,21.5443469003188,148.366866877764,3.38417809742158e-05,1718.24857199586,0.194608564321831,2.00147840762678,-0.0154731656808959,0
GFM-MWT,h_mp,h,mp,0.292864456462524,29.2864456462524,148.366866877764,4.60030412460116e-05,1718.24857199496,0.19472725147493,2.00138743971209,-0.0154833036897274,0
GFM-MWT,h_mp,h,mp,0.292864456462524,39.8107170553497,148.366866877764,6.25345281176143e-05,1718.24857199406,0.194809283473134,2.00132029158566,-0.0154903443052545,0
GFM-MWT,h_mp,h,mp,0.292864456462524,54.1169526546464,148.366866877764,8.50067104472519e-05,1718.24857199354,0.19486675663616,2.0012707784859,-0.0154952964765382,0
GFM-MWT,h_mp,h,mp,0.292864456462524,73.5642254459641,148.366866877764,0.000115554415114032,1718.24857199343,0.194907475514855,2.00123429471419,-0.015498816038187,0
GFM-MWT,h_mp,h,mp,0.292864456462524,100,148.366866877764,0.00015707963267949,1718.24857199302,0.19493658320981,2.00120742452378,-0.0155013381756456,0
GFM-MWT,h_mp,h,mp,0.398107170553497,0.01,201.683448684912,1.5707963267949e-08,1718.24856979194,0.115933626367563,1.99984620355508,-0.00922602166621363,0
GFM-MWT,h_mp,h,mp,0.398107170553497,0.0135935639087853,201.683448684912,2.13527202559716e-08,1718.24856871767,0.115917921811322,1.99992179574624,-0.00922442335644957,0
GFM-MWT,h_mp,h,mp,0.398107170553497,0.0184784979742229,201.683448684912,2.90259567425963e-08,1718.24856792127,0.115909283623361,2.00002449387707,-0.00922326242801302,0
GFM-MWT,h_mp,h,mp,0.398107170553497,0.0251188643150958,201.683448684912,3.94566197994119e-08,1718.24856733246,0.115920944041877,2.00016385852993,-0.00922354754916396,0
GFM-MWT,h_mp,h,mp,0.398107170553497,0.034145488738336,201.683448684912,5.36356082867947e-08,1718.24856689732,0.115979716969745,2.0003525395039,-0.00922735320237401,0
GFM-MWT,h_mp,h,mp,0.398107170553497,0.0464158883361278,201.683448684912,7.29099069033116e-08,1718.2485665765,0.116137735828723,2.00060681271885,-0.00923874984355638,0
GFM-MWT,h_mp,h,mp,0.398107170553497,0.0630957344480193,201.683448684912,9.9110547907375e-08,1718.24856633995,0.116492690413011,2.00094645095788,-0.00926541120637866,0
GFM-MWT,h_mp,h,mp,0.398107170553497,0.0857695898590894,201.683448684912,1.34726556701362e-07,1718.24856616557,0.117219784658136,2.00139256887037,-0.00932115866243834,0
GFM-MWT,h_mp,h,mp,0.398107170553497,0.116591440117983,201.683448684912,1.83141405873055e-07,1718.2485660372,0.118613220289853,2.00196059520926,-0.00942927704150676,0
GFM-MWT,h_mp,h,mp,0.398107170553497,0.158489319246111,201.683448684912,2.48954440508015e-07,1718.24856594261,0.121113532249928,2.00264396458689,-0.00962473851552752,0
GFM-MWT,h_mp,h,mp,0.398107170553497,0.215443469003188,201.683448684912,3.38417809742158e-07,1718.24856587338,0.125247435475704,2.00338662375245,-0.00994953323133311,0
GFM-MWT,h_mp,h,mp,0.398107170553497,0.292864456462524,201.683448684912,4.60030412460116e-07,1718.24856582203,0.131363844394528,2.00405901344685,-0.0104318622393275,0
GFM-MWT,h_mp,h,mp,0.398107170553497,0.398107170553497,201.683448684912,6.25345281176143e-07,1718.24856578477,0.139185187670402,2.00448176267806,-0.0110505660104083,0
GFM-MWT,h_mp,h,mp,0.398107170553497,0.541169526546464,201.683448684912,8.50067104472518e-07,1718.248565757,0.147608366392089,2.0045262409703,-0.0117189725169648,0
GFM-MWT,h_mp,h,mp,0.398107170553497,0.735642254459641,201.683448684912,1.15554415114032e-06,1718.24856573647,0.155231007867711,2.00421181539158,-0.0123259952793202,0
GFM-MWT,h_mp,h,mp,0.398107170553497,1,201.683448684912,1.5707963267949e-06,1718.24856572144,0.161169787588423,2.00368152432929,-0.0128008699792109,0
GFM-MWT,h_mp,h,mp,0.398107170553497,1.35935639087853,201.683448684912,2.13527202559716e-06,1718.24856571055,0.165314286897996,2.0030937917213,-0.0131338415981118,0
GFM-MWT,h_mp,h,mp,0.398107170553497,1.84784979742229,201.683448684912,2.90259567425963e-06,1718.24856570214,0.168012261949502,2.00255148541075,-0.0133517657919208,0
GFM-MWT,h_mp,h,mp,0.398107170553497,2.51188643150958,201.683448684912,3.94566197994119e-06,1718.2485656964,0.169705278639192,2.00209745390987,-0.0134893416151203,0
GFM-MWT,h_mp,h,mp,0.398107170553497,3.4145488738336,201.683448684912,5.36356082867947e-06,1718.24856569215,0.17075356810068,2.0017373726953,-0.0135750926192939,0
GFM-MWT,h_mp,h,mp,0.398107170553497,4.64158883361278,201.683448684912,7.29099069033116e-06,1718.24856568889,0.171403969855215,2.00146044414268,-0.0136286757728525,0
GFM-MWT,h_mp,h,mp,0.398107170553497,6.30957344480193,201.683448684912,9.9110547907375e-06,1718.24856568623,0.171812217455519,2.0012511940733,-0.0136625584491585,0
GFM-MWT,h_mp,h,mp,0.398107170553497,8.57695898590894,201.683448684912,1.34726556701362e-05,1718.24856568443,0.17207288001625,2.00109470153668,-0.0136843524149426,0
GFM-MWT,h_mp,h,mp,0.398107170553497,11.6591440117983,201.683448684912,1.83141405873055e-05,1718.24856568345,0.172242599561041,2.00097837695034,-0.0136986432428458,0
GFM-MWT,h_mp,h,mp,0.398107170553497,15.8489319246111,201.683448684912,2.48954440508015e-05,1718.24856568253,0.172355328842379,2.00089222867163,-0.0137081971116205,0
GFM-MWT,h_mp,h,mp,0.398107170553497,21.5443469003188,201.683448684912,3.38417809742158e-05,1718.24856568156,0.172431626110866,2.00082857395524,-0.0137147004626041,0
GFM-MWT,h_mp,h,mp,0.398107170553497,29.2864456462524,201.683448684912,4.60030412460116e-05,1718.24856568141,0.172484139635319,2.00078160753983,-0.0137191984234713,0
GFM-MWT,h_mp,h,mp,0.398107170553497,39.8107170553497,201.683448684912,6.25345281176143e-05,1718.24856568079,0.172520805735285,2.00074698666391,-0.0137223516579891,0
GFM-MWT,h_mp,h,mp,0.398107170553497,54.1169526546464,201.683448684912,8.50067104472519e-05,1718.24856568079,0.172546711967008,2.00072148199119,-0.0137245867808289,0
GFM-MWT,h_mp,h,mp,0.398107170553497,73.5642254459641,201.683448684912,0.000115554415114032,1718.24856568039,0.172565191092893,2.00070270094699,-0.013726185182579,0
GFM-MWT,h_mp,h,mp,0.398107170553497,100,201.683448684912,0.00015707963267949,1718.24856568024,0.172578471369564,2.0006888749979,-0.0137273361691851,0
GFM-MWT,h_mp,h,mp,0.541169526546464,0.01,274.159684904256,1.5707963267949e-08,1718.24856327116,0.115945510480892,1.99984624742689,-0.00922696712346622,0
GFM-MWT,h_mp,h,mp,0.541169526546464,0.0135935639087853,274.159684904256,2.13527202559716e-08,1718.2485626849,0.11593986616036,1.99992180726387,-0.00922616942448511,0
GFM-MWT,h_mp,h,mp,0.541169526546464,0.0184784979742229,274.159684904256,2.90259567425963e-08,1718.24856225171,0.11594975526184,2.00002434111511,-0.00922648331279794,0
GFM-MWT,h_mp,h,mp,0.541169526546464,0.0251188643150958,274.159684904256,3.94566197994119e-08,1718.2485619317,0.115995402141194,2.00016314249565,-0.0092294747982701,0
GFM-MWT,h_mp,h,mp,0.541169526546464,0.034145488738336,274.159684904256,5.36356082867947e-08,1718.24856169557,0.116116044490041,2.00035014387002,-0.00923820956569226,0
GFM-MWT,h_mp,h,mp,0.541169526546464,0.0464158883361278,274.159684904256,7.29099069033116e-08,1718.2485615218,0.116385051760469,2.00059977354285,-0.00925845469957257,0
GFM-MWT,h_mp,h,mp,0.541169526546464,0.0630957344480193,274.159684904256,9.9110547907375e-08,1718.24856139339,0.116933636666479,2.00092725886527,-0.00930056866233265,0
GFM-MWT,h_mp,h,mp,0.541169526546464,0.0857695898590894,274.159684904256,1.34726556701362e-07,1718.24856129917,0.117981101061415,2.00134323345774,-0.00938192345060828,0
GFM-MWT,h_mp,h,mp,0.541169526546464,0.116591440117983,274.159684904256,1.83141405873055e-07,1718.24856122975,0.119852970656148,2.00184141754603,-0.00952839051925145,0
GFM-MWT,h_mp,h,mp,0.541169526546464,0.158489319246111,274.159684904256,2.48954440508015e-07,1718.24856117849,0.122931201539863,2.00237830325044,-0.00977046868141277,0
GFM-MWT,h_mp,h,mp,0.541169526546464,0.215443469003188,274.159684904256,3.38417809742158e-07,1718.24856114113,0.127452116949772,2.00285658769236,-0.0101273322778086,0
GFM-MWT,h_mp,h,mp,0.541169526546464,0.292864456462524,274.159684904256,4.60030412460116e-07,1718.24856111312,0.133178117997215,2.00314545669326,-0.0105807440096567,0
GFM-MWT,h_mp,h,mp,0.541169526546464,0.398107170553497,274.159684904256,6.25345281176143e-07,1718.24856109292,0.139276150091527,2.00315628280927,-0.0110651030560635,0
GFM-MWT,h_mp,h,mp,0.541169526546464,0.541169526546464,274.159684904256,8.50067104472518e-07,1718.24856107759,0.144730855052397,2.00291048208349,-0.0114998189076238,0
GFM-MWT,h_mp,h,mp,0.541169526546464,0.735642254459641,274.159684904256,1.15554415114032e-06,1718.24856106669,0.148934543769663,2.00251596886306,-0.0118361145589945,0
GFM-MWT,h_mp,h,mp,0.541169526546464,1,274.159684904256,1.5707963267949e-06,1718.24856105873,0.151840402781988,2.00208698333996,-0.0120696006695233,0
GFM-MWT,h_mp,h,mp,0.541169526546464,1.35935639087853,274.159684904256,2.13527202559716e-06,1718.2485610528,0.153716843365748,2.00169531525991,-0.0122211248748681,0
GFM-MWT,h_mp,h,mp,0.541169526546464,1.84784979742229,274.159684904256,2.90259567425963e-06,1718.24856104827,0.154886190698939,2.0013695197679,-0.0123160830395549,0
GFM-MWT,h_mp,h,mp,0.541169526546464,2.51188643150958,274.159684904256,3.94566197994119e-06,1718.24856104494,0.155605760029828,2.001112203841,-0.012374883078329,0
GFM-MWT,h_mp,h,mp,0.541169526546464,3.4145488738336,274.159684904256,5.36356082867947e-06,1718.24856104292,0.156049654935011,2.00091484050591,-0.0124114032558872,0
GFM-MWT,h_mp,h,mp,0.541169526546464,4.64158883361278,274.159684904256,7.29099069033116e-06,1718.24856104079,0.156326772941608,2.00076597634074,-0.0124343653710957,0
GFM-MWT,h_mp,h,mp,0.541169526546464,6.30957344480193,274.159684904256,9.9110547907375e-06,1718.24856103978,0.156502805361007,2.00065477861819,-0.0124490567531144,0
GFM-MWT,h_mp,h,mp,0.541169526546464,8.57695898590894,274.159684904256,1.34726556701362e-05,1718.24856103882,0.156616876868453,2.00057219083403,-0.0124586434110158,0
GFM-MWT,h_mp,h,mp,0.541169526546464,11.6591440117983,274.159684904256,1.83141405873055e-05,1718.24856103807,0.156692318916259,2.00051106258039,-0.0124650245978085,0
GFM-MWT,h_mp,h,mp,0.541169526546464,15.8489319246111,274.159684904256,2.48954440508015e-05,1718.24856103749,0.156743187374386,2.00046591330094,-0.0124693519789549,0
GFM-MWT,h_mp,h,mp,0.541169526546464,21.5443469003188,274.159684904256,3.38417809742158e-05,1718.24856103723,0.156778086981651,2.00043261031694,-0.012472335509272,0
GFM-MWT,h_mp,h,mp,0.541169526546464,29.2864456462524,274.159684904256,4.60030412460116e-05,1718.24856103705,0.156802390421804,2.00040806636239,-0.0124744216750077,0
GFM-MWT,h_mp,h,mp,0.541169526546464,39.8107170553497,274.159684904256,6.25345281176143e-05,1718.24856103676,0.156819525421159,2.00038998788371,-0.0124758973706101,0
GFM-MWT,h_mp,h,mp,0.541169526546464,54.1169526546464,274.159684904256,8.50067104472519e-05,1718.24856103642,0.156831727386537,2.00037667674231,-0.012476950968309,0
GFM-MWT,h_mp,h,mp,0.541169526546464,73.5642254459641,274.159684904256,0.000115554415114032,1718.24856103619,0.156840485148347,2.00036687831201,-0.0124777087048597,0
GFM-MWT,h_mp,h,mp,0.541169526546464,100,274.159684904256,0.00015707963267949,1718.24856103652,0.156846809342465,2.00035966690881,-0.0124782567360391,0
GFM-MWT,h_mp,h,mp,0.735642254459641,0.01,372.680719795843,1.5707963267949e-08,1718.24855883306,0.115961654815734,1.99984625263162,-0.00922825175947184,0
GFM-MWT,h_mp,h,mp,0.735642254459641,0.0135935639087853,372.680719795843,2.13527202559716e-08,1718.24855851413,0.115969639575602,1.99992168669684,-0.0092285390639246,0
GFM-MWT,h_mp,h,mp,0.735642254459641,0.0184784979742229,372.680719795843,2.90259567425963e-08,1718.24855827874,0.116004524612269,2.00002379394198,-0.00923084363459073,0
GFM-MWT,h_mp,h,mp,0.735642254459641,0.0251188643150958,372.680719795843,3.94566197994119e-08,1718.24855810548,0.116095653793457,2.00016132966304,-0.00923745927202339,0
GFM-MWT,h_mp,h,mp,0.735642254459641,0.034145488738336,372.680719795843,5.36356082867947e-08,1718.2485579772,0.116297811810478,2.00034484287764,-0.00925269428115688,0
GFM-MWT,h_mp,h,mp,0.735642254459641,0.0464158883361278,372.680719795843,7.29099069033116e-08,1718.24855788286,0.116708769366327,2.00058536692811,-0.00928427113641625,0
GFM-MWT,h_mp,h,mp,0.735642254459641,0.0630957344480193,372.680719795843,9.9110547907375e-08,1718.24855781342,0.11749136514599,2.0008903311703,-0.00934509738503359,0
GFM-MWT,h_mp,h,mp,0.735642254459641,0.0857695898590894,372.680719795843,1.34726556701362e-07,1718.24855776226,0.118885731621711,2.00125432690649,-0.00945427372999334,0
GFM-MWT,h_mp,h,mp,0.735642254459641,0.116591440117983,372.680719795843,1.83141405873055e-07,1718.24855772481,0.121169620542093,2.00164413186284,-0.00963400475965333,0
GFM-MWT,h_mp,h,mp,0.735642254459641,0.158489319246111,372.680719795843,2.48954440508015e-07,1718.2485576972,0.124505618138599,2.00198715405631,-0.00989752303044936,0
GFM-MWT,h_mp,h,mp,0.735642254459641,0.215443469003188,372.680719795843,3.38417809742158e-07,1718.24855767692,0.128701088398739,2.00218790009574,-0.0102299801885404,0
GFM-MWT,h_mp,h,mp,0.735642254459641,0.292864456462524,372.680719795843,4.60030412460116e-07,1718.24855766158,0.133132590847135,2.002184481662,-0.0105822034347129,0
GFM-MWT,h_mp,h,mp,0.735642254459641,0.398107170553497,372.680719795843,6.25345281176143e-07,1718.24855765084,0.137063107711722,2.00199640962156,-0.0108956120655121,0
GFM-MWT,h_mp,h,mp,0.735642254459641,0.541169526546464,372.680719795843,8.50067104472518e-07,1718.24855764257,0.140068398201017,2.00170430824023,-0.0111361081286415,0
GFM-MWT,h_mp,h,mp,0.735642254459641,0.735642254459641,372.680719795843,1.15554415114032e-06,1718.24855763675,0.142131730446815,2.00139085209349,-0.0113019017145991,0
GFM-MWT,h_mp,h,mp,0.735642254459641,1,372.680719795843,1.5707963267949e-06,1718.24855763201,0.14345647399283,2.00110676682819,-0.0114088470291302,0
GFM-MWT,h_mp,h,mp,0.735642254459641,1.35935639087853,372.680719795843,2.13527202559716e-06,1718.24855762911,0.144277951560007,2.00087152536923,-0.0114755179873105,0
GFM-MWT,h_mp,h,mp,0.735642254459641,1.84784979742229,372.680719795843,2.90259567425963e-06,1718.24855762681,0.144781223933035,2.0006862613969,-0.0115166079512577,0
GFM-MWT,h_mp,h,mp,0.735642254459641,2.51188643150958,372.680719795843,3.94566197994119e-06,1718.24855762472,0.145090407571492,2.00054442614944,-0.0115420168030326,0
GFM-MWT,h_mp,h,mp,0.735642254459641,3.4145488738336,372.680719795843,5.36356082867947e-06,1718.24855762395,0.145282667367585,2.00043757596621,-0.0115579263602738,0
GFM-MWT,h_mp,h,mp,0.735642254459641,4.64158883361278,372.680719795843,7.29099069033116e-06,1718.24855762276,0.14540433683067,2.0003578273622,-0.0115680655553383,0
GFM-MWT,h_mp,h,mp,0.735642254459641,6.30957344480193,372.680719795843,9.9110547907375e-06,1718.2485576217,0.145482902636573,2.00029863053168,-0.0115746577341063,0
GFM-MWT,h_mp,h,mp,0.735642254459641,8.57695898590894,372.680719795843,1.34726556701362e-05,1718.24855762128,0.14553469580548,2.00025483245344,-0.0115790313576133,0
GFM-MWT,h_mp,h,mp,0.735642254459641,11.6591440117983,372.680719795843,1.83141405873055e-05,1718.24855762084,0.1455695194153,2.00022249209632,-0.0115819888558773,0
GFM-MWT,h_mp,h,mp,0.735642254459641,15.8489319246111,372.680719795843,2.48954440508015e-05,1718.24855762072,0.145593353128449,2.00019864186431,-0.0115840229968215,0
GFM-MWT,h_mp,h,mp,0.735642254459641,21.5443469003188,372.680719795843,3.38417809742158e-05,1718.24855762071,0.145609917098684,2.00018106693873,-0.0115854425023473,0
GFM-MWT,h_mp,h,mp,0.735642254459641,29.2864456462524,372.680719795843,4.60030412460116e-05,1718.24855762067,0.145621576361278,2.00016812297443,-0.0115864450166131,0
GFM-MWT,h_mp,h,mp,0.735642254459641,39.8107170553497,372.680719795843,6.25345281176143e-05,1718.24855762041,0.145629868372871,2.00015859305827,-0.0115871598858773,0
GFM-MWT,h_mp,h,mp,0.735642254459641,54.1169526546464,372.680719795843,8.50067104472519e-05,1718.24855761991,0.145635813826194,2.00015157838597,-0.0115876735104157,0
GFM-MWT,h_mp,h,mp,0.735642254459641,73.5642254459641,372.680719795843,0.000115554415114032,1718.24855762031,0.145640103904487,2.00014641595972,-0.0115880447143021,0
GFM-MWT,h_mp,h,mp,0.735642254459641,100,372.680719795843,0.00015707963267949,1718.24855762021,0.145643214541415,2.00014261712804,-0.0115883141894084,0
GFM-MWT,h_mp,h,mp,1,0.01,506.605918211689,1.5707963267949e-08,1718.24855576497,0.115983557751618,1.99984615950468,-0.00922999508080115,0
GFM-MWT,h_mp,h,mp,1,0.0135935639087853,506.605918211689,2.13527202559716e-08,1718.24855559167,0.116009927213939,1.99992127311685,-0.00923174667709255,0
GFM-MWT,h_mp,h,mp,1,0.0184784979742229,506.605918211689,2.90259567425963e-08,1718.24855546378,0.116078253434553,2.00002243302205,-0.00923671625230371,0
GFM-MWT,h_mp,h,mp,1,0.0251188643150958,506.605918211689,3.94566197994119e-08,1718.24855536951,0.116229275902674,2.00015736371289,-0.00924810869722518,0
GFM-MWT,h_mp,h,mp,1,0.034145488738336,506.605918211689,5.36356082867947e-08,1718.24855530056,0.116535587262816,2.00033408929834,-0.00927165999303566,0
GFM-MWT,h_mp,h,mp,1,0.0464158883361278,506.605918211689,7.29099069033116e-08,1718.24855524911,0.117117778156977,2.0005578602141,-0.00931693336710763,0
GFM-MWT,h_mp,h,mp,1,0.0630957344480193,506.605918211689,9.9110547907375e-08,1718.24855521208,0.118152809353771,2.00082426905238,-0.00939801335134524,0
GFM-MWT,h_mp,h,mp,1,0.0857695898590894,506.605918211689,1.34726556701362e-07,1718.24855518416,0.11984316145442,2.00110822403604,-0.00953110129181344,0
GFM-MWT,h_mp,h,mp,1,0.116591440117983,506.605918211689,1.83141405873055e-07,1718.24855516371,0.122302251985521,2.0013558030821,-0.0097254507969248,0
GFM-MWT,h_mp,h,mp,1,0.158489319246111,506.605918211689,2.48954440508015e-07,1718.24855514866,0.12537881596313,2.00149720518966,-0.00996937023591707,0
GFM-MWT,h_mp,h,mp,1,0.215443469003188,506.605918211689,3.38417809742158e-07,1718.24855513793,0.128608909995445,2.00148871546895,-0.0102262247590704,0
GFM-MWT,h_mp,h,mp,1,0.292864456462524,506.605918211689,4.60030412460116e-07,1718.24855512965,0.131456140665143,2.00134666728121,-0.0104533371484842,0
GFM-MWT,h_mp,h,mp,1,0.398107170553497,506.605918211689,6.25345281176143e-07,1718.24855512363,0.133620727096469,2.00113095628443,-0.0106265901131471,0
GFM-MWT,h_mp,h,mp,1,0.541169526546464,506.605918211689,8.50067104472518e-07,1718.24855511942,0.135099568715646,2.00090162006715,-0.0107454172556265,0
GFM-MWT,h_mp,h,mp,1,0.735642254459641,506.605918211689,1.15554415114032e-06,1718.24855511616,0.136045131832324,2.00069485538275,-0.0108217338952734,0
GFM-MWT,h_mp,h,mp,1,1,506.605918211689,1.5707963267949e-06,1718.24855511354,0.136629403870078,2.00052418645052,-0.0108691315190591,0
GFM-MWT,h_mp,h,mp,1,1.35935639087853,506.605918211689,2.13527202559716e-06,1718.24855511183,0.136986215521265,2.00039004766261,-0.010898243865088,0
GFM-MWT,h_mp,h,mp,1,1.84784979742229,506.605918211689,2.90259567425963e-06,1718.24855511073,0.137204766754965,2.00028748696926,-0.0109161887359076,0
GFM-MWT,h_mp,h,mp,1,2.51188643150958,506.605918211689,3.94566197994119e-06,1718.24855510981,0.13734027821716,2.00021029020464,-0.010927390585111,0
GFM-MWT,h_mp,h,mp,1,3.4145488738336,506.605918211689,5.36356082867947e-06,1718.24855510892,0.137425798295203,2.0001527068502,-0.0109345088737824,0
GFM-MWT,h_mp,h,mp,1,4.64158883361278,506.605918211689,7.29099069033116e-06,1718.24855510872,0.137480877223778,2.00010997989394,-0.0109391244466513,0
GFM-MWT,h_mp,h,mp,1,6.30957344480193,506.605918211689,9.9110547907375e-06,1718.24855510814,0.137517100120085,2.00007837599667,-0.0109421791746988,0
GFM-MWT,h_mp,h,mp,1,8.57695898590894,506.605918211689,1.34726556701362e-05,1718.24855510769,0.137541403140161,2.00005504422562,-0.0109442403783896,0
GFM-MWT,h_mp,h,mp,1,11.6591440117983,506.605918211689,1.83141405873055e-05,1718.24855510789,0.137558006059508,2.00003783993052,-0.0109456554652506,0
GFM-MWT,h_mp,h,mp,1,15.8489319246111,506.605918211689,2.48954440508015e-05,1718.24855510749,0.137569527161487,2.0000251635316,-0.0109466414756718,0
GFM-MWT,h_mp,h,mp,1,21.5443469003188,506.605918211689,3.38417809742158e-05,1718.24855510731,0.137577626823473,2.00001582799133,-0.0109473369952138,0
GFM-MWT,h_mp,h,mp,1,29.2864456462524,506.605918211689,4.60030412460116e-05,1718.24855510733,0.13758338156913,2.00000895510029,-0.0109478324741975,0
GFM-MWT,h_mp,h,mp,1,39.8107170553497,506.605918211689,6.25345281176143e-05,1718.24855510714,0.137587504638106,2.00000389636609,-0.0109481882056894,0
GFM-MWT,h_mp,h,mp,1,54.1169526546464,506.605918211689,8.50067104472519e-05,1718.24855510731,0.13759047797788,2.00000017350549,-0.0109484451508338,0
GFM-MWT,h_mp,h,mp,1,73.5642254459641,506.605918211689,0.000115554415114032,1718.2485551071,0.137592632924801,1.99999743404869,-0.0109486316000658,0
GFM-MWT,h_mp,h,mp,1,100,506.605918211689,0.00015707963267949,1718.2485551071,0.137594200669667,1.99999541838232,-0.0109487673681888,0
GFM-MWT,h_mp,h,mp,1.35935639087853,0.01,688.657992577943,1.5707963267949e-08,1718.24855361472,0.11601319332811,1.99984584927403,-0.00923235471706865,0
GFM-MWT,h_mp,h,mp,1.35935639087853,0.0135935639087853,688.657992577943,2.13527202559716e-08,1718.2485535208,0.116064153861172,1.99992025718293,-0.00923606620592365,0
GFM-MWT,h_mp,h,mp,1.35935639087853,0.0184784979742229,688.657992577943,2.90259567425963e-08,1718.24855345159,0.116176499929823,2.00001947964309,-0.00924454702094654,0
GFM-MWT,h_mp,h,mp,1.35935639087853,0.0251188643150958,688.657992577943,3.94566197994119e-08,1718.24855340054,0.116403993269316,2.00014936897418,-0.00926204640114741,0
GFM-MWT,h_mp,h,mp,1.35935639087853,0.034145488738336,688.657992577943,5.36356082867947e-08,1718.24855336307,0.116835770906866,2.00031367048011,-0.00929563565006455,0
GFM-MWT,h_mp,h,mp,1.35935639087853,0.0464158883361278,688.657992577943,7.29099069033116e-08,1718.24855333569,0.117602160348027,2.00050890941284,-0.00935569239069645,0
GFM-MWT,h_mp,h,mp,1.35935639087853,0.0630957344480193,688.657992577943,9.9110547907375e-08,1718.24855331501,0.118851078113755,2.00071627685274,-0.00945405974671054,0
GFM-MWT,h_mp,h,mp,1.35935639087853,0.0857695898590894,688.657992577943,1.34726556701362e-07,1718.24855330014,0.12066257540541,2.00089583483351,-0.00959728165053297,0
GFM-MWT,h_mp,h,mp,1.35935639087853,0.116591440117983,688.657992577943,1.83141405873055e-07,1718.24855328913,0.122920250789997,2.00099649607314,-0.00977634425267167,0
GFM-MWT,h_mp,h,mp,1.35935639087853,0.158489319246111,688.657992577943,2.48954440508015e-07,1718.248553281,0.125280103410075,2.00098709057371,-0.0099640612394156,0
GFM-MWT,h_mp,h,mp,1.35935639087853,0.215443469003188,688.657992577943,3.38417809742158e-07,1718.24855327494,0.127350831217036,2.00088068375675,-0.0101292768905832,0
GFM-MWT,h_mp,h,mp,1.35935639087853,0.292864456462524,688.657992577943,4.60030412460116e-07,1718.24855327065,0.12891854231302,2.00072162080629,-0.0102547721693582,0
GFM-MWT,h_mp,h,mp,1.35935639087853,0.398107170553497,688.657992577943,6.25345281176143e-07,1718.2485532674,0.129985788388333,2.00055362960816,-0.0103405249312412,0
GFM-MWT,h_mp,h,mp,1.35935639087853,0.541169526546464,688.657992577943,8.50067104472518e-07,1718.24855326499,0.130666145921136,2.00040273706722,-0.0103954263483565,0
GFM-MWT,h_mp,h,mp,1.35935639087853,0.735642254459641,688.657992577943,1.15554415114032e-06,1718.24855326313,0.131085470052198,2.00027847035744,-0.0104294307738731,0
GFM-MWT,h_mp,h,mp,1.35935639087853,1,688.657992577943,1.5707963267949e-06,1718.24855326203,0.131340958932029,2.00018094234756,-0.0104502652495836,0
GFM-MWT,h_mp,h,mp,1.35935639087853,1.35935639087853,688.657992577943,2.13527202559716e-06,1718.2485532609,0.131497108679541,2.00010644291042,-0.0104630777586527,0
GFM-MWT,h_mp,h,mp,1.35935639087853,1.84784979742229,688.657992577943,2.90259567425963e-06,1718.24855326039,0.131593725033494,2.00005040182565,-0.010471057928198,0
GFM-MWT,h_mp,h,mp,1.35935639087853,2.51188643150958,688.657992577943,3.94566197994119e-06,1718.2485532597,0.131654574877044,2.0000086161513,-0.0104761181324502,0
GFM-MWT,h_mp,h,mp,1.35935639087853,3.4145488738336,688.657992577943,5.36356082867947e-06,1718.24855325947,0.131693689415639,1.99997761969957,-0.0104793926360328,0
GFM-MWT,h_mp,h,mp,1.35935639087853,4.64158883361278,688.657992577943,7.29099069033116e-06,1718.24855325914,0.131719367501894,1.99995469691211,-0.0104815558408,0
GFM-MWT,h_mp,h,mp,1.35935639087853,6.30957344480193,688.657992577943,9.9110547907375e-06,1718.24855325908,0.131736568356283,1.99993777629508,-0.0104830131284954,0
GFM-MWT,h_mp,h,mp,1.35935639087853,8.57695898590894,688.657992577943,1.34726556701362e-05,1718.2485532589,0.131748303256595,1.99992530061906,-0.010484012229714,0
GFM-MWT,h_mp,h,mp,1.35935639087853,11.6591440117983,688.657992577943,1.83141405873055e-05,1718.24855325877,0.131756437038156,1.99991610896677,-0.0104847075953332,0
GFM-MWT,h_mp,h,mp,1.35935639087853,15.8489319246111,688.657992577943,2.48954440508015e-05,1718.24855325862,0.131762149987064,1.99990934010056,-0.010485197645501,0
GFM-MWT,h_mp,h,mp,1.35935639087853,21.5443469003188,688.657992577943,3.38417809742158e-05,1718.24855325848,0.131766205989154,1.9999043569895,-0.010485546496927,0
GFM-MWT,h_mp,h,mp,1.35935639087853,29.2864456462524,688.657992577943,4.60030412460116e-05,1718.24855325844,0.131769110291414,1.99990068930655,-0.0104857968149872,0
GFM-MWT,h_mp,h,mp,1.35935639087853,39.8107170553497,688.657992577943,6.25345281176143e-05,1718.24855325836,0.131771203782698,1.99989799020889,-0.0104859775410112,0
GFM-MWT,h_mp,h,mp,1.35935639087853,54.1169526546464,688.657992577943,8.50067104472519e-05,1718.24855325809,0.131772720541982,1.99989600411247,-0.0104861086397258,0
GFM-MWT,h_mp,h,mp,1.35935639087853,73.5642254459641,688.657992577943,0.000115554415114032,1718.24855325839,0.131773823719606,1.99989454277626,-0.0104862040793876,0
GFM-MWT,h_mp,h,mp,1.35935639087853,100,688.657992577943,0.00015707963267949,1718.2485532586,0.131774628433502,1.99989346760605,-0.0104862737462408,0
GFM-MWT,h_mp,h,mp,1.84784979742229,0.01,936.131643340403,1.5707963267949e-08,1718.24855209156,0.116053078465423,1.99984509391084,-0.00923553200219574,0
GFM-MWT,h_mp,h,mp,1.84784979742229,0.0135935639087853,936.131643340403,2.13527202559716e-08,1718.24855204039,0.116136399859376,1.99991806515931,-0.00924182498159577,0
GFM-MWT,h_mp,h,mp,1.84784979742229,0.0184784979742229,936.131643340403,2.90259567425963e-08,1718.24855200288,0.116304919884364,2.00001355301712,-0.00925479236747217,0
GFM-MWT,h_mp,h,mp,1.84784979742229,0.0251188643150958,936.131643340403,3.94566197994119e-08,1718.2485519757,0.116624438827691,2.00013424896826,-0.00927965547278672,0
GFM-MWT,h_mp,h,mp,1.84784979742229,0.034145488738336,936.131643340403,5.36356082867947e-08,1718.24855195525,0.117190903195273,2.00027747082784,-0.00932405679733416,0
GFM-MWT,h_mp,h,mp,1.84784979742229,0.0464158883361278,936.131643340403,7.29099069033116e-08,1718.24855194012,0.118112550481909,2.00042919341115,-0.00939666666462135,0
GFM-MWT,h_mp,h,mp,1.84784979742229,0.0630957344480193,936.131643340403,9.9110547907375e-08,1718.2485519289,0.119446425357564,2.00055989464093,-0.00950215528375698,0
GFM-MWT,h_mp,h,mp,1.84784979742229,0.0857695898590894,936.131643340403,1.34726556701362e-07,1718.248551921,0.121104144107529,2.00063214136339,-0.00963366945011021,0
GFM-MWT,h_mp,h,mp,1.84784979742229,0.116591440117983,936.131643340403,1.83141405873055e-07,1718.24855191496,0.122831250028123,2.00062354124597,-0.00977108734412233,0
GFM-MWT,h_mp,h,mp,1.84784979742229,0.158489319246111,936.131643340403,2.48954440508015e-07,1718.24855191061,0.124341727397557,2.00054426501898,-0.00989162435498418,0
GFM-MWT,h_mp,h,mp,1.84784979742229,0.215443469003188,936.131643340403,3.38417809742158e-07,1718.24855190746,0.125481810288848,2.00042707521946,-0.00998289588188862,0
GFM-MWT,h_mp,h,mp,1.84784979742229,0.292864456462524,936.131643340403,4.60030412460116e-07,1718.2485519048,0.126255930812965,2.00030389698522,-0.0100450944947175,0
GFM-MWT,h_mp,h,mp,1.84784979742229,0.398107170553497,936.131643340403,6.25345281176143e-07,1718.24855190312,0.126748355945772,2.0001935536987,-0.0100848247904934,0
GFM-MWT,h_mp,h,mp,1.84784979742229,0.541169526546464,936.131643340403,8.50067104472518e-07,1718.24855190197,0.127051288395983,2.00010283030048,-0.0101093838578498,0
GFM-MWT,h_mp,h,mp,1.84784979742229,0.735642254459641,936.131643340403,1.15554415114032e-06,1718.24855190087,0.127235551946406,2.00003170168553,-0.0101244040924682,0
GFM-MWT,h_mp,h,mp,1.84784979742229,1,936.131643340403,1.5707963267949e-06,1718.24855190042,0.12734799156025,1.99997740430941,-0.0101336253159263,0
GFM-MWT,h_mp,h,mp,1.84784979742229,1.35935639087853,936.131643340403,2.13527202559716e-06,1718.24855189987,0.127417455526221,1.99993657774454,-0.0101393592518939,0
GFM-MWT,h_mp,h,mp,1.84784979742229,1.84784979742229,936.131643340403,2.90259567425963e-06,1718.24855189935,0.127461139155244,1.99990614527929,-0.0101429893857236,0
GFM-MWT,h_mp,h,mp,1.84784979742229,2.51188643150958,936.131643340403,3.94566197994119e-06,1718.24855189911,0.12748917917427,1.99988357506604,-0.0101453349846053,0
GFM-MWT,h_mp,h,mp,1.84784979742229,3.4145488738336,936.131643340403,5.36356082867947e-06,1718.24855189889,0.127507562728588,1.99986688601237,-0.0101468824277826,0
GFM-MWT,h_mp,h,mp,1.84784979742229,4.64158883361278,936.131643340403,7.29099069033116e-06,1718.24855189884,0.127519862704646,1.99985456804907,-0.010147923641341,0
GFM-MWT,h_mp,h,mp,1.84784979742229,6.30957344480193,936.131643340403,9.9110547907375e-06,1718.2485518984,0.127528245527014,1.9998454865535,-0.0101486367516087,0
GFM-MWT,h_mp,h,mp,1.84784979742229,8.57695898590894,936.131643340403,1.34726556701362e-05,1718.248551899,0.127534050923587,1.99983879594123,-0.0101491326457855,0
GFM-MWT,h_mp,h,mp,1.84784979742229,11.6591440117983,936.131643340403,1.83141405873055e-05,1718.24855189851,0.127538125631554,1.99983386904857,-0.0101494818789199,0
GFM-MWT,h_mp,h,mp,1.84784979742229,15.8489319246111,936.131643340403,2.48954440508015e-05,1718.24855189833,0.127541016932468,1.99983024205491,-0.0101497303510315,0
GFM-MWT,h_mp,h,mp,1.84784979742229,21.5443469003188,936.131643340403,3.38417809742158e-05,1718.24855189869,0.12754308635366,1.99982757255403,-0.0101499085662165,0
GFM-MWT,h_mp,h,mp,1.84784979742229,29.2864456462524,936.131643340403,4.60030412460116e-05,1718.24855189861,0.12754457754084,1.99982560805826,-0.0101500371926996,0
GFM-MWT,h_mp,h,mp,1.84784979742229,39.8107170553497,936.131643340403,6.25345281176143e-05,1718.24855189868,0.127545657652129,1.9998241625234,-0.0101501304755043,0
GFM-MWT,h_mp,h,mp,1.84784979742229,54.1169526546464,936.131643340403,8.50067104472519e-05,1718.24855189857,0.127546443089456,1.99982309893068,-0.0101501983722138,0
GFM-MWT,h_mp,h,mp,1.84784979742229,73.5642254459641,936.131643340403,0.000115554415114032,1718.24855189836,0.127547015944762,1.99982231640225,-0.0101502479269486,0
GFM-MWT,h_mp,h,mp,1.84784979742229,100,936.131643340403,0.00015707963267949,1718.24855189844,0.127547434687425,1.99982174068524,-0.0101502841690458,0
GFM-MWT,h_mp,h,mp,2.51188643150958,0.01,1272.53653207839,1.5707963267949e-08,1718.24855100263,0.116106210228007,1.99984347087555,-0.0092397673779688,0
GFM-MWT,h_mp,h,mp,2.51188643150958,0.0135935639087853,1272.53653207839,2.13527202559716e-08,1718.24855097506,0.1162308112867,1.99991368076573,-0.00924935762422975,0
GFM-MWT,h_mp,h,mp,2.51188643150958,0.0184784979742229,1272.53653207839,2.90259567425963e-08,1718.24855095463,0.116466880871431,2.00000237663853,-0.0092677308528833,0
GFM-MWT,h_mp,h,mp,2.51188643150958,0.0251188643150958,1272.53653207839,3.94566197994119e-08,1718.24855093972,0.11688503717035,2.00010751709294,-0.00930051344464806,0
GFM-MWT,h_mp,h,mp,2.51188643150958,0.034145488738336,1272.53653207839,5.36356082867947e-08,1718.24855092868,0.117564586490674,2.00021868300303,-0.00935406044477184,0
GFM-MWT,h_mp,h,mp,2.51188643150958,0.0464158883361278,1272.53653207839,7.29099069033116e-08,1718.24855092053,0.118546490058086,2.00031408159495,-0.00943172916772839,0
GFM-MWT,h_mp,h,mp,2.51188643150958,0.0630957344480193,1272.53653207839,9.9110547907375e-08,1718.2485509145,0.119764246753508,2.00036625891509,-0.00952835836849391,0
GFM-MWT,h_mp,h,mp,2.51188643150958,0.0857695898590894,1272.53653207839,1.34726556701362e-07,1718.24855091024,0.121029939777183,2.00035903414045,-0.00962908149272466,0
GFM-MWT,h_mp,h,mp,2.51188643150958,0.116591440117983,1272.53653207839,1.83141405873055e-07,1718.24855090713,0.122134184789857,2.00030018831863,-0.00971721224668034,0
GFM-MWT,h_mp,h,mp,2.51188643150958,0.158489319246111,1272.53653207839,2.48954440508015e-07,1718.2485509048,0.122965798364496,2.00021389378346,-0.00978379262553651,0
GFM-MWT,h_mp,h,mp,2.51188643150958,0.215443469003188,1272.53653207839,3.38417809742158e-07,1718.24855090297,0.123529399562416,2.00012350237269,-0.00982907546091845,0
GFM-MWT,h_mp,h,mp,2.51188643150958,0.292864456462524,1272.53653207839,4.60030412460116e-07,1718.24855090142,0.123887345999845,2.00004268740901,-0.00985795230677015,0
GFM-MWT,h_mp,h,mp,2.51188643150958,0.398107170553497,1272.53653207839,6.25345281176143e-07,1718.2485509006,0.124107251330347,1.99997632098843,-0.00987577655917427,0
GFM-MWT,h_mp,h,mp,2.51188643150958,0.541169526546464,1272.53653207839,8.50067104472518e-07,1718.24855089991,0.124240848724477,1.99992432757616,-0.00988666346949864,0
GFM-MWT,h_mp,h,mp,2.51188643150958,0.735642254459641,1272.53653207839,1.15554415114032e-06,1718.24855089932,0.124322276718768,1.99988465650064,-0.00989333882578904,0
GFM-MWT,h_mp,h,mp,2.51188643150958,1,1272.53653207839,1.5707963267949e-06,1718.24855089889,0.124372525243098,1.99985483694117,-0.00989748468297024,0
GFM-MWT,h_mp,h,mp,2.51188643150958,1.35935639087853,1272.53653207839,2.13527202559716e-06,1718.24855089881,0.124404090151093,1.99983261385877,-0.00990010635430346,0
GFM-MWT,h_mp,h,mp,2.51188643150958,1.84784979742229,1272.53653207839,2.90259567425963e-06,1718.24855089879,0.124424330002121,1.99981613447835,-0.00990179847501878,0
GFM-MWT,h_mp,h,mp,2.51188643150958,2.51188643150958,1272.53653207839,3.94566197994119e-06,1718.2485508983,0.12443758667502,1.99980395035754,-0.00990291367812495,0
GFM-MWT,h_mp,h,mp,2.51188643150958,3.4145488738336,1272.53653207839,5.36356082867947e-06,1718.24855089825,0.124446448616475,1.99979495804267,-0.0099036633828284,0
GFM-MWT,h_mp,h,mp,2.51188643150958,4.64158883361278,1272.53653207839,7.29099069033116e-06,1718.24855089815,0.124452483732045,1.99978832872498,-0.00990417644975261,0
GFM-MWT,h_mp,h,mp,2.51188643150958,6.30957344480193,1272.53653207839,9.9110547907375e-06,1718.24855089799,0.124456660600715,1.99978344487606,-0.00990453300697841,0
GFM-MWT,h_mp,h,mp,2.51188643150958,8.57695898590894,1272.53653207839,1.34726556701362e-05,1718.24855089795,0.124459590750761,1.99977984855381,-0.0099047839824241,0
GFM-MWT,h_mp,h,mp,2.51188643150958,11.6591440117983,1272.53653207839,1.83141405873055e-05,1718.24855089832,0.124461669041456,1.99977720112401,-0.00990496247291293,0
GFM-MWT,h_mp,h,mp,2.51188643150958,15.8489319246111,1272.53653207839,2.48954440508015e-05,1718.24855089812,0.124463156079105,1.99977525261685,-0.00990509045357495,0
GFM-MWT,h_mp,h,mp,2.51188643150958,21.5443469003188,1272.53653207839,3.38417809742158e-05,1718.24855089798,0.124464227345624,1.99977381871683,-0.0099051828009119,0
GFM-MWT,h_mp,h,mp,2.51188643150958,29.2864456462524,1272.53653207839,4.60030412460116e-05,1718.24855089799,0.12446500314073,1.99977276361745,-0.00990524976021063,0
GFM-MWT,h_mp,h,mp,2.51188643150958,39.8107170553497,1272.53653207839,6.25345281176143e-05,1718.24855089802,0.124465567206263,1.99977198730263,-0.00990529849048812,0
GFM-MWT,h_mp,h,mp,2.51188643150958,54.1169526546464,1272.53653207839,8.50067104472519e-05,1718.24855089825,0.124465978558907,1.99977141613829,-0.00990533405263752,0
GFM-MWT,h_mp,h,mp,2.51188643150958,73.5642254459641,1272.53653207839,0.000115554415114032,1718.2485508982,0.124466279225951,1.99977099592599,-0.00990536005938463,0
GFM-MWT,h_mp,h,mp,2.51188643150958,100,1272.53653207839,0.00015707963267949,1718.2485508982,0.124466499353193,1.99977068677864,-0.00990537910711753,0
GFM-MWT,h_mp,h,mp,3.4145488738336,0.01,1729.83066750716,1.5707963267949e-08,1718.24855021851,0.116175630768578,1.99984023227435,-0.00924530638436833,0
GFM-MWT,h_mp,h,mp,3.4145488738336,0.0135935639087853,1729.83066750716,2.13527202559716e-08,1718.24855020366,0.116349843534801,1.99990543007479,-0.00925886729599278,0
GFM-MWT,h_mp,h,mp,3.4145488738336,0.0184784979742229,1729.83066750716,2.90259567425963e-08,1718.24855019255,0.116658234120369,1.999982656647,-0.00928304780030428,0
GFM-MWT,h_mp,h,mp,3.4145488738336,0.0251188643150958,1729.83066750716,3.94566197994119e-08,1718.24855018465,0.117158969263438,2.00006419242886,-0.00932251018028483,0
GFM-MWT,h_mp,h,mp,3.4145488738336,0.034145488738336,1729.83066750716,5.36356082867947e-08,1718.2485501789,0.117881636852694,2.00013396580875,-0.00937968166442386,0
GFM-MWT,h_mp,h,mp,3.4145488738336,0.0464158883361278,1729.83066750716,7.29099069033116e-08,1718.24855017435,0.118776516952229,2.00017182681974,-0.00945070084342183,0
GFM-MWT,h_mp,h,mp,3.4145488738336,0.0630957344480193,1729.83066750716,9.9110547907375e-08,1718.24855017114,0.119704987095304,2.00016603050249,-0.00952459742636661,0
GFM-MWT,h_mp,h,mp,3.4145488738336,0.0857695898590894,1729.83066750716,1.34726556701362e-07,1718.24855016858,0.120513577067637,2.00012246128844,-0.00958913767542951,0
GFM-MWT,h_mp,h,mp,3.4145488738336,0.116591440117983,1729.83066750716,1.83141405873055e-07,1718.24855016694,0.121121539605263,2.00005893767694,-0.0096378141959197,0
GFM-MWT,h_mp,h,mp,3.4145488738336,0.158489319246111,1729.83066750716,2.48954440508015e-07,1718.24855016566,0.121532998326565,1.99999256511304,-0.00967087239919616,0
GFM-MWT,h_mp,h,mp,3.4145488738336,0.215443469003188,1729.83066750716,3.38417809742158e-07,1718.24855016453,0.121794017113941,1.9999333085112,-0.00969192790081844,0
GFM-MWT,h_mp,h,mp,3.4145488738336,0.292864456462524,1729.83066750716,4.60030412460116e-07,1718.24855016427,0.121954216238821,1.99988468821894,-0.00970491068206664,0
GFM-MWT,h_mp,h,mp,3.4145488738336,0.398107170553497,1729.83066750716,6.25345281176143e-07,1718.24855016374,0.122051453760537,1.99984661835851,-0.00971283282655351,0
GFM-MWT,h_mp,h,mp,3.4145488738336,0.541169526546464,1729.83066750716,8.50067104472518e-07,1718.24855016307,0.122110669940934,1.99981758111673,-0.00971768587958737,0
GFM-MWT,h_mp,h,mp,3.4145488738336,0.735642254459641,1729.83066750716,1.15554415114032e-06,1718.24855016277,0.122147181445126,1.99979575967437,-0.00972069728556128,0
GFM-MWT,h_mp,h,mp,3.4145488738336,1,1729.83066750716,1.5707963267949e-06,1718.24855016214,0.122170098533471,1.99977949967877,-0.00972259994252327,0
GFM-MWT,h_mp,h,mp,3.4145488738336,1.35935639087853,1729.83066750716,2.13527202559716e-06,1718.24855016244,0.122184781889899,1.99976744343115,-0.00972382698737766,0
GFM-MWT,h_mp,h,mp,3.4145488738336,1.84784979742229,1729.83066750716,2.90259567425963e-06,1718.24855016246,0.122194392244205,1.99975853021274,-0.00972463507536436,0
GFM-MWT,h_mp,h,mp,3.4145488738336,2.51188643150958,1729.83066750716,3.94566197994119e-06,1718.24855016221,0.122200812502672,1.99975195226776,-0.00972517795918664,0
GFM-MWT,h_mp,h,mp,3.4145488738336,3.4145488738336,1729.83066750716,5.36356082867947e-06,1718.24855016224,0.122205182335831,1.99974710304343,-0.00972554927463313,0
GFM-MWT,h_mp,h,mp,3.4145488738336,4.64158883361278,1729.83066750716,7.29099069033116e-06,1718.24855016202,0.122208205244285,1.99974353068726,-0.00972580719890927,0
GFM-MWT,h_mp,h,mp,3.4145488738336,6.30957344480193,1729.83066750716,9.9110547907375e-06,1718.24855016197,0.122210325052986,1.99974090015717,-0.00972598867830607,0
GFM-MWT,h_mp,h,mp,3.4145488738336,8.57695898590894,1729.83066750716,1.34726556701362e-05,1718.24855016191,0.122211828122832,1.99973896371977,-0.00972611770466594,0
GFM-MWT,h_mp,h,mp,3.4145488738336,11.6591440117983,1729.83066750716,1.83141405873055e-05,1718.24855016221,0.122212903323829,1.99973753851621,-0.00972621019663295,0
GFM-MWT,h_mp,h,mp,3.4145488738336,15.8489319246111,1729.83066750716,2.48954440508015e-05,1718.24855016206,0.122213677756229,1.99973648972079,-0.00972627692397201,0
GFM-MWT,h_mp,h,mp,3.4145488738336,21.5443469003188,1729.83066750716,3.38417809742158e-05,1718.24855016222,0.122214238512315,1.99973571799496,-0.00972632530023846,0
GFM-MWT,h_mp,h,mp,3.4145488738336,29.2864456462524,1729.83066750716,4.60030412460116e-05,1718.24855016203,0.122214646182275,1.99973515018111,-0.00972636050275132,0
GFM-MWT,h_mp,h,mp,3.4145488738336,39.8107170553497,1729.83066750716,6.25345281176143e-05,1718.24855016233,0.122214943458184,1.99973473242004,-0.0097263861907219,0
GFM-MWT,h_mp,h,mp,3.4145488738336,54.1169526546464,1729.83066750716,8.50067104472519e-05,1718.24855016189,0.122215160726974,1.99973442506886,-0.00972640497503049,0
GFM-MWT,h_mp,h,mp,3.4145488738336,73.5642254459641,1729.83066750716,0.000115554415114032,1718.24855016208,0.122215319792248,1.99973419895305,-0.00972641873261796,0
GFM-MWT,h_mp,h,mp,3.4145488738336,100,1729.83066750716,0.00015707963267949,1718.24855016212,0.122215436390445,1.99973403260446,-0.00972642882014397,0
GFM-MWT,h_mp,h,mp,4.64158883361278,0.01,2351.45637301352,1.5707963267949e-08,1718.24854965142,0.11626313451968,1.99983414711467,-0.00925229752510892,0
GFM-MWT,h_mp,h,mp,4.64158883361278,0.0135935639087853,2351.45637301352,2.13527202559716e-08,1718.24854964331,0.116490419122955,1.99989089360457,-0.00927012040938861,0
GFM-MWT,h_mp,h,mp,4.64158883361278,0.0184784979742229,2351.45637301352,2.90259567425963e-08,1718.24854963724,0.116859227391594,1.99995074338303,-0.00929918877648492,0
GFM-MWT,h_mp,h,mp,4.64158883361278,0.0251188643150958,2351.45637301352,3.94566197994119e-08,1718.24854963288,0.11739102975014,2.00000185216961,-0.00934126509601942,0
GFM-MWT,h_mp,h,mp,4.64158883361278,0.034145488738336,2351.45637301352,5.36356082867947e-08,1718.24854962954,0.118048819110334,2.00002942232208,-0.00939347389372282,0
GFM-MWT,h_mp,h,mp,4.64158883361278,0.0464158883361278,2351.45637301352,7.29099069033116e-08,1718.24854962695,0.118730416030776,2.00002489957504,-0.00944772699774628,0
GFM-MWT,h_mp,h,mp,4.64158883361278,0.0630957344480193,2351.45637301352,9.9110547907375e-08,1718.2485496255,0.119323228972288,1.99999269896228,-0.00949504747538049,0
GFM-MWT,h_mp,h,mp,4.64158883361278,0.0857695898590894,2351.45637301352,1.34726556701362e-07,1718.24854962431,0.11976842083099,1.99994594737474,-0.00953069280649572,0
GFM-MWT,h_mp,h,mp,4.64158883361278,0.116591440117983,2351.45637301352,1.83141405873055e-07,1718.24854962317,0.120069413988545,1.99989718839228,-0.0095548753845688,0
GFM-MWT,h_mp,h,mp,4.64158883361278,0.158489319246111,2351.45637301352,2.48954440508015e-07,1718.24854962276,0.120260195281377,1.99985370204281,-0.00957026405508478,0
GFM-MWT,h_mp,h,mp,4.64158883361278,0.215443469003188,2351.45637301352,3.38417809742158e-07,1718.24854962229,0.120377201785526,1.99981804382207,-0.00957974533263012,0
GFM-MWT,h_mp,h,mp,4.64158883361278,0.292864456462524,2351.45637301352,4.60030412460116e-07,1718.24854962168,0.120448175779885,1.99979013437612,-0.00958552676279113,0
GFM-MWT,h_mp,h,mp,4.64158883361278,0.398107170553497,2351.45637301352,6.25345281176143e-07,1718.24854962115,0.120491370928176,1.99976885225628,-0.00958906604939856,0
GFM-MWT,h_mp,h,mp,4.64158883361278,0.541169526546464,2351.45637301352,8.50067104472518e-07,1718.2485496211,0.120517987971351,1.99975286143415,-0.00959126080686971,0
GFM-MWT,h_mp,h,mp,4.64158883361278,0.735642254459641,2351.45637301352,1.15554415114032e-06,1718.24854962121,0.120534684676406,1.9997409473769,-0.00959264661473277,0
GFM-MWT,h_mp,h,mp,4.64158883361278,1,2351.45637301352,1.5707963267949e-06,1718.24854962075,0.120545376420944,1.99973211416196,-0.00959353980197547,0
GFM-MWT,h_mp,h,mp,4.64158883361278,1.35935639087853,2351.45637301352,2.13527202559716e-06,1718.24854962093,0.120552370515798,1.99972558407878,-0.00959412769860716,0
GFM-MWT,h_mp,h,mp,4.64158883361278,1.84784979742229,2351.45637301352,2.90259567425963e-06,1718.24854962107,0.120557040730852,1.99972076505928,-0.00959452246133061,0
GFM-MWT,h_mp,h,mp,4.64158883361278,2.51188643150958,2351.45637301352,3.94566197994119e-06,1718.24854962067,0.120560218106284,1.99971721259575,-0.00959479235260728,0
GFM-MWT,h_mp,h,mp,4.64158883361278,3.4145488738336,2351.45637301352,5.36356082867947e-06,1718.24854962071,0.120562415343659,1.99971459559306,-0.00959497975944317,0
GFM-MWT,h_mp,h,mp,4.64158883361278,4.64158883361278,2351.45637301352,7.29099069033116e-06,1718.24854962083,0.120563955709879,1.99971266856959,-0.00959511158392798,0
GFM-MWT,h_mp,h,mp,4.64158883361278,6.30957344480193,2351.45637301352,9.9110547907375e-06,1718.24854962058,0.120565047671463,1.99971125002472,-0.0095952052859196,0
GFM-MWT,h_mp,h,mp,4.64158883361278,8.57695898590894,2351.45637301352,1.34726556701362e-05,1718.24854962078,0.120565828651983,1.9997102059934,-0.00959527244390929,0
GFM-MWT,h_mp,h,mp,4.64158883361278,11.6591440117983,2351.45637301352,1.83141405873055e-05,1718.24854962064,0.120566391087888,1.99970943770335,-0.00959532088763025,0
GFM-MWT,h_mp,h,mp,4.64158883361278,15.8489319246111,2351.45637301352,2.48954440508015e-05,1718.24854962087,0.120566798299778,1.99970887238139,-0.00959535600513256,0
GFM-MWT,h_mp,h,mp,4.64158883361278,21.5443469003188,2351.45637301352,3.38417809742158e-05,1718.24854962055,0.120567094316124,1.99970845643467,-0.0095953815572312,0
GFM-MWT,h_mp,h,mp,4.64158883361278,29.2864456462524,2351.45637301352,4.60030412460116e-05,1718.2485496206,0.120567310161523,1.99970815040833,-0.0095954002020955,0
GFM-MWT,h_mp,h,mp,4.64158883361278,39.8107170553497,2351.45637301352,6.25345281176143e-05,1718.24854962049,0.120567467911292,1.99970792526192,-0.00959541383576605,0
GFM-MWT,h_mp,h,mp,4.64158883361278,54.1169526546464,2351.45637301352,8.50067104472519e-05,1718.24854962052,0.120567583396862,1.99970775962367,-0.00959542382061611,0
GFM-MWT,h_mp,h,mp,4.64158883361278,73.5642254459641,2351.45637301352,0.000115554415114032,1718.2485496208,0.120567668046153,1.99970763776717,-0.00959543114151113,0
GFM-MWT,h_mp,h,mp,4.64158883361278,100,2351.45637301352,0.00015707963267949,1718.24854962081,0.120567730155986,1.99970754812125,-0.00959543651421364,0
GFM-MWT,h_mp,h,mp,6.30957344480193,0.01,3196.46724852797,1.5707963267949e-08,1718.24854923891,0.116366443818333,1.99982343748659,-0.00926056783151035,0
GFM-MWT,h_mp,h,mp,6.30957344480193,0.0135935639087853,3196.46724852797,2.13527202559716e-08,1718.24854923465,0.116637995190684,1.99986739436118,-0.00928197232086198,0
GFM-MWT,h_mp,h,mp,6.30957344480193,0.0184784979742229,3196.46724852797,2.90259567425963e-08,1718.24854923144,0.117029305461554,1.99990487345073,-0.00931293531304868,0
GFM-MWT,h_mp,h,mp,6.30957344480193,0.0251188643150958,3196.46724852797,3.94566197994119e-08,1718.24854922899,0.117512917941887,1.99992500297917,-0.0093513226593297,0
GFM-MWT,h_mp,h,mp,6.30957344480193,0.034145488738336,3196.46724852797,5.36356082867947e-08,1718.24854922722,0.118013557042776,1.99992153656337,-0.00939117477498191,0
GFM-MWT,h_mp,h,mp,6.30957344480193,0.0464158883361278,3196.46724852797,7.29099069033116e-08,1718.24854922605,0.118448563583837,1.99989776850129,-0.00942590026941836,0
GFM-MWT,h_mp,h,mp,6.30957344480193,0.0630957344480193,3196.46724852797,9.9110547907375e-08,1718.24854922499,0.118774959316854,1.99986336537213,-0.00945203445667272,0
GFM-MWT,h_mp,h,mp,6.30957344480193,0.0857695898590894,3196.46724852797,1.34726556701362e-07,1718.24854922456,0.118995470818905,1.99982753304276,-0.00946975070526394,0
GFM-MWT,h_mp,h,mp,6.30957344480193,0.116591440117983,3196.46724852797,1.83141405873055e-07,1718.24854922392,0.119135153310593,1.99979559969728,-0.00948101712607876,0
GFM-MWT,h_mp,h,mp,6.30957344480193,0.158489319246111,3196.46724852797,2.48954440508015e-07,1718.24854922324,0.119220775437216,1.99976942686362,-0.00948795466024607,0
GFM-MWT,h_mp,h,mp,6.30957344480193,0.215443469003188,3196.46724852797,3.38417809742158e-07,1718.24854922331,0.119272687303534,1.99974894749842,-0.00949218279289005,0
GFM-MWT,h_mp,h,mp,6.30957344480193,0.292864456462524,3196.46724852797,4.60030412460116e-07,1718.24854922298,0.119304266689083,1.99973333402518,-0.00949476990205979,0
GFM-MWT,h_mp,h,mp,6.30957344480193,0.398107170553497,3196.46724852797,6.25345281176143e-07,1718.24854922268,0.119323717335801,1.9997216038972,-0.0094963734316273,0
GFM-MWT,h_mp,h,mp,6.30957344480193,0.541169526546464,3196.46724852797,8.50067104472518e-07,1718.24854922242,0.119335913263391,1.99971286500172,-0.00949738545687181,0
GFM-MWT,h_mp,h,mp,6.30957344480193,0.735642254459641,3196.46724852797,1.15554415114032e-06,1718.24854922246,0.119343719644679,1.99970638624188,-0.00949803744348304,0
GFM-MWT,h_mp,h,mp,6.30957344480193,1,3196.46724852797,1.5707963267949e-06,1718.24854922259,0.119348824251772,1.99970159690483,-0.00949846640684058,0
GFM-MWT,h_mp,h,mp,6.30957344480193,1.35935639087853,3196.46724852797,2.13527202559716e-06,1718.24854922229,0.119352231582234,1.99969806260066,-0.00949875434407828,0
GFM-MWT,h_mp,h,mp,6.30957344480193,1.84784979742229,3196.46724852797,2.90259567425963e-06,1718.24854922251,0.119354549045495,1.99969545724653,-0.00949895113964532,0
GFM-MWT,h_mp,h,mp,6.30957344480193,2.51188643150958,3196.46724852797,3.94566197994119e-06,1718.24854922246,0.119356151215782,1.99969353797889,-0.00949908775467573,0
GFM-MWT,h_mp,h,mp,6.30957344480193,3.4145488738336,3196.46724852797,5.36356082867947e-06,1718.24854922244,0.119357274173868,1.99969212474439,-0.00949918383114938,0
GFM-MWT,h_mp,h,mp,6.30957344480193,4.64158883361278,3196.46724852797,7.29099069033116e-06,1718.24854922224,0.119358070101518,1.99969108442359,-0.00949925211168638,0
GFM-MWT,h_mp,h,mp,6.30957344480193,6.30957344480193,3196.46724852797,9.9110547907375e-06,1718.24854922255,0.119358639282079,1.99969031876431,-0.00949930104334938,0
GFM-MWT,h_mp,h,mp,6.30957344480193,8.57695898590894,3196.46724852797,1.34726556701362e-05,1718.24854922248,0.119359049143271,1.99968975532688,-0.00949933633601615,0
GFM-MWT,h_mp,h,mp,6.30957344480193,11.6591440117983,3196.46724852797,1.83141405873055e-05,1718.24854922245,0.119359345863901,1.99968934074034,-0.00949936191804214,0
GFM-MWT,h_mp,h,mp,6.30957344480193,15.8489319246111,3196.46724852797,2.48954440508015e-05,1718.24854922229,0.119359561551165,1.99968903570085,-0.0094993805311696,0
GFM-MWT,h_mp,h,mp,6.30957344480193,21.5443469003188,3196.46724852797,3.38417809742158e-05,1718.24854922227,0.119359718814801,1.99968881127305,-0.00949939411209764,0
GFM-MWT,h_mp,h,mp,6.30957344480193,29.2864456462524,3196.46724852797,4.60030412460116e-05,1718.24854922241,0.119359833745108,1.99968864615961,-0.00949940404243695,0
GFM-MWT,h_mp,h,mp,6.30957344480193,39.8107170553497,3196.46724852797,6.25345281176143e-05,1718.24854922235,0.119359917882569,1.99968852468721,-0.00949941131501532,0
GFM-MWT,h_mp,h,mp,6.30957344480193,54.1169526546464,3196.46724852797,8.50067104472519e-05,1718.24854922241,0.119359979554359,1.99968843532264,-0.00949941664728396,0
GFM-MWT,h_mp,h,mp,6.30957344480193,73.5642254459641,3196.46724852797,0.000115554415114032,1718.24854922244,0.119360024801323,1.99968836957998,-0.00949942056027553,0
GFM-MWT,h_mp,h,mp,6.30957344480193,100,3196.46724852797,0.00015707963267949,1718.24854922266,0.119360058022898,1.99968832121565,-0.00949942343375024,0
GFM-MWT,h_mp,h,mp,8.57695898590894,0.01,4345.1381825204,1.5707963267949e-08,1718.24854893843,0.116474853748766,1.99980613832633,-0.00926927464599681,0
GFM-MWT,h_mp,h,mp,8.57695898590894,0.0135935639087853,4345.1381825204,2.13527202559716e-08,1718.2485489359,0.11676276814524,1.9998336453238,-0.00929205760673749,0
GFM-MWT,h_mp,h,mp,8.57695898590894,0.0184784979742229,4345.1381825204,2.90259567425963e-08,1718.24854893413,0.117118378590674,1.99984837121617,-0.00932028623987719,0
GFM-MWT,h_mp,h,mp,8.57695898590894,0.0251188643150958,4345.1381825204,3.94566197994119e-08,1718.24854893288,0.11748625138018,1.99984574608225,-0.00934957129100145,0
GFM-MWT,h_mp,h,mp,8.57695898590894,0.034145488738336,4345.1381825204,5.36356082867947e-08,1718.24854893207,0.117805670361834,1.99982821836942,-0.00937507062524248,0
GFM-MWT,h_mp,h,mp,8.57695898590894,0.0464158883361278,4345.1381825204,7.29099069033116e-08,1718.2485489311,0.118045183710991,1.99980290444547,-0.00939424851345771,0
GFM-MWT,h_mp,h,mp,8.57695898590894,0.0630957344480193,4345.1381825204,9.9110547907375e-08,1718.24854893082,0.11820690967017,1.99977656473122,-0.00940724171192264,0
GFM-MWT,h_mp,h,mp,8.57695898590894,0.0857695898590894,4345.1381825204,1.34726556701362e-07,1718.24854893042,0.11830930816365,1.99975310410989,-0.00941550060214848,0
GFM-MWT,h_mp,h,mp,8.57695898590894,0.116591440117983,4345.1381825204,1.83141405873055e-07,1718.24854892986,0.118372051664097,1.9997338820864,-0.00942058406783247,0
GFM-MWT,h_mp,h,mp,8.57695898590894,0.158489319246111,4345.1381825204,2.48954440508015e-07,1718.24854892987,0.118410079035309,1.99971884468617,-0.00942368104654222,0
GFM-MWT,h_mp,h,mp,8.57695898590894,0.215443469003188,4345.1381825204,3.38417809742158e-07,1718.24854892987,0.118433204335819,1.99970738172581,-0.0094255753382994,0
GFM-MWT,h_mp,h,mp,8.57695898590894,0.292864456462524,4345.1381825204,4.60030412460116e-07,1718.24854892952,0.11844744318515,1.99969877056943,-0.00942674903463462,0
GFM-MWT,h_mp,h,mp,8.57695898590894,0.398107170553497,4345.1381825204,6.25345281176143e-07,1718.24854892935,0.118456368339671,1.99969235567344,-0.00942748952821177,0
GFM-MWT,h_mp,h,mp,8.57695898590894,0.541169526546464,4345.1381825204,8.50067104472518e-07,1718.24854892945,0.118462079390653,1.99968760004884,-0.0094279664279185,0
GFM-MWT,h_mp,h,mp,8.57695898590894,0.735642254459641,4345.1381825204,1.15554415114032e-06,1718.24854892931,0.118465812777528,1.99968408461361,-0.00942828010157114,0
GFM-MWT,h_mp,h,mp,8.57695898590894,1,4345.1381825204,1.5707963267949e-06,1718.2485489295,0.118468304168091,1.99968149043862,-0.00942849059543651,0
GFM-MWT,h_mp,h,mp,8.57695898590894,1.35935639087853,4345.1381825204,2.13527202559716e-06,1718.24854892923,0.118469998278889,1.99967957813795,-0.00942863442781041,0
GFM-MWT,h_mp,h,mp,8.57695898590894,1.84784979742229,4345.1381825204,2.90259567425963e-06,1718.24854892931,0.11847116927369,1.99967816943073,-0.00942873425675619,0
GFM-MWT,h_mp,h,mp,8.57695898590894,2.51188643150958,4345.1381825204,3.94566197994119e-06,1718.24854892911,0.118471989892872,1.99967713214976,-0.00942880445186815,0
GFM-MWT,h_mp,h,mp,8.57695898590894,3.4145488738336,4345.1381825204,5.36356082867947e-06,1718.24854892916,0.118472571458743,1.99967636858259,-0.00942885433275252,0
GFM-MWT,h_mp,h,mp,8.57695898590894,4.64158883361278,4345.1381825204,7.29099069033116e-06,1718.24854892948,0.118472987302424,1.99967580661154,-0.00942889007505808,0
GFM-MWT,h_mp,h,mp,8.57695898590894,6.30957344480193,4345.1381825204,9.9110547907375e-06,1718.2485489292,0.118473286726908,1.9996753930664,-0.00942891585297035,0
GFM-MWT,h_mp,h,mp,8.57695898590894,8.57695898590894,4345.1381825204,1.34726556701362e-05,1718.24854892928,0.118473503483426,1.99967508877369,-0.00942893453708874,0
GFM-MWT,h_mp,h,mp,8.57695898590894,11.6591440117983,4345.1381825204,1.83141405873055e-05,1718.24854892932,0.118473661037559,1.99967486488515,-0.00942894813080755,0
GFM-MWT,h_mp,h,mp,8.57695898590894,15.8489319246111,4345.1381825204,2.48954440508015e-05,1718.24854892928,0.118473775911632,1.99967470016304,-0.00942895804909908,0
GFM-MWT,h_mp,h,mp,8.57695898590894,21.5443469003188,4345.1381825204,3.38417809742158e-05,1718.24854892893,0.118473859859695,1.99967457897565,-0.00942896530104733,0
GFM-MWT,h_mp,h,mp,8.57695898590894,29.2864456462524,4345.1381825204,4.60030412460116e-05,1718.24854892924,0.118473921314784,1.99967448981928,-0.00942897061198902,0
GFM-MWT,h_mp,h,mp,8.57695898590894,39.8107170553497,4345.1381825204,6.25345281176143e-05,1718.24854892932,0.118473966360287,1.99967442422895,-0.00942897450594923,0
GFM-MWT,h_mp,h,mp,8.57695898590894,54.1169526546464,4345.1381825204,8.50067104472519e-05,1718.24854892909,0.118473999409915,1.99967437597623,-0.00942897736353619,0
GFM-MWT,h_mp,h,mp,8.57695898590894,73.5642254459641,4345.1381825204,0.000115554415114032,1718.24854892935,0.11847402367416,1.9996743404786,-0.00942897946184596,0
GFM-MWT,h_mp,h,mp,8.57695898590894,100,4345.1381825204,0.00015707963267949,1718.24854892926,0.11847404149845,1.99967431436457,-0.00942898100342313,0
GFM-MWT,h_mp,h,mp,11.6591440117983,0.01,5906.5913576594,1.5707963267949e-08,1718.24854871849,0.11656645611244,1.99978130835762,-0.00927667906793539,0
GFM-MWT,h_mp,h,mp,11.6591440117983,0.0135935639087853,5906.5913576594,2.13527202559716e-08,1718.24854871743,0.116827973723353,1.9997920969003,-0.00929743940730489,0
GFM-MWT,h_mp,h,mp,11.6591440117983,0.0184784979742229,5906.5913576594,2.90259567425963e-08,1718.24854871636,0.117098369826207,1.99979012521814,-0.00931896547294575,0
GFM-MWT,h_mp,h,mp,11.6591440117983,0.0251188643150958,5906.5913576594,3.94566197994119e-08,1718.24854871595,0.117333028758079,1.99977720799638,-0.00933769886922837,0
GFM-MWT,h_mp,h,mp,11.6591440117983,0.034145488738336,5906.5913576594,5.36356082867947e-08,1718.2485487154,0.117508902340931,1.99975858311309,-0.00935178126011546,0
GFM-MWT,h_mp,h,mp,11.6591440117983,0.0464158883361278,5906.5913576594,7.29099069033116e-08,1718.24854871478,0.117627609460214,1.99973921741233,-0.00936131821957369,0
GFM-MWT,h_mp,h,mp,11.6591440117983,0.0630957344480193,5906.5913576594,9.9110547907375e-08,1718.2485487143,0.117702745112142,1.99972197551701,-0.00936737807707311,0
GFM-MWT,h_mp,h,mp,11.6591440117983,0.0857695898590894,5906.5913576594,1.34726556701362e-07,1718.24854871472,0.117748770481404,1.99970785218991,-0.00937110686547252,0
GFM-MWT,h_mp,h,mp,11.6591440117983,0.116591440117983,5906.5913576594,1.83141405873055e-07,1718.24854871422,0.117776658164539,1.99969680521992,-0.00937337790529247,0
GFM-MWT,h_mp,h,mp,11.6591440117983,0.158489319246111,5906.5913576594,2.48954440508015e-07,1718.24854871428,0.117793613106438,1.99968838498954,-0.00937476663476808,0
GFM-MWT,h_mp,h,mp,11.6591440117983,0.215443469003188,5906.5913576594,3.38417809742158e-07,1718.24854871409,0.117804050180593,1.99968205999106,-0.00937562686307722,0
GFM-MWT,h_mp,h,mp,11.6591440117983,0.292864456462524,5906.5913576594,4.60030412460116e-07,1718.2485487137,0.117810590765742,1.99967734837625,-0.00937616945043858,0
GFM-MWT,h_mp,h,mp,11.6591440117983,0.398107170553497,5906.5913576594,6.25345281176143e-07,1718.24854871405,0.117814775018098,1.99967385556603,-0.00937651880887332,0
GFM-MWT,h_mp,h,mp,11.6591440117983,0.541169526546464,5906.5913576594,8.50067104472518e-07,1718.24854871379,0.117817509734659,1.99967127367586,-0.00937674854326939,0
GFM-MWT,h_mp,h,mp,11.6591440117983,0.735642254459641,5906.5913576594,1.15554415114032e-06,1718.24854871388,0.117819334335559,1.99966936842665,-0.00937690267846336,0
GFM-MWT,h_mp,h,mp,11.6591440117983,1,5906.5913576594,1.5707963267949e-06,1718.24854871382,0.117820574831322,1.99966796398276,-0.00937700798253046,0
GFM-MWT,h_mp,h,mp,11.6591440117983,1.35935639087853,5906.5913576594,2.13527202559716e-06,1718.24854871399,0.117821432159155,1.99966692939854,-0.00937708105990931,0
GFM-MWT,h_mp,h,mp,11.6591440117983,1.84784979742229,5906.5913576594,2.90259567425963e-06,1718.24854871371,0.117822032895549,1.99966616760147,-0.00937713243866583,0
GFM-MWT,h_mp,h,mp,11.6591440117983,2.51188643150958,5906.5913576594,3.94566197994119e-06,1718.2485487137,0.117822458593184,1.99966560682657,-0.00937716894524205,0
GFM-MWT,h_mp,h,mp,11.6591440117983,3.4145488738336,5906.5913576594,5.36356082867947e-06,1718.24854871387,0.117822762962129,1.99966519410794,-0.00937719510223329,0
GFM-MWT,h_mp,h,mp,11.6591440117983,4.64158883361278,5906.5913576594,7.29099069033116e-06,1718.2485487137,0.117822982108498,1.99966489039581,-0.00937721396606658,0
GFM-MWT,h_mp,h,mp,11.6591440117983,6.30957344480193,5906.5913576594,9.9110547907375e-06,1718.2485487141,0.117823140743733,1.99966466692016,-0.00937722763818215,0
GFM-MWT,h_mp,h,mp,11.6591440117983,8.57695898590894,5906.5913576594,1.34726556701362e-05,1718.24854871383,0.117823256047382,1.99966450249432,-0.00937723758507478,0
GFM-MWT,h_mp,h,mp,11.6591440117983,11.6591440117983,5906.5913576594,1.83141405873055e-05,1718.24854871374,0.117823340114074,1.99966438152097,-0.00937724484237315,0
GFM-MWT,h_mp,h,mp,11.6591440117983,15.8489319246111,5906.5913576594,2.48954440508015e-05,1718.24854871392,0.117823401548541,1.9996642925199,-0.00937725014867427,0
GFM-MWT,h_mp,h,mp,11.6591440117983,21.5443469003188,5906.5913576594,3.38417809742158e-05,1718.24854871382,0.117823446520931,1.99966422704276,-0.0093772540346145,0
GFM-MWT,h_mp,h,mp,11.6591440117983,29.2864456462524,5906.5913576594,4.60030412460116e-05,1718.24854871367,0.117823479484542,1.99966417887268,-0.00937725688373939,0
GFM-MWT,h_mp,h,mp,11.6591440117983,39.8107170553497,5906.5913576594,6.25345281176143e-05,1718.24854871376,0.117823503669415,1.99966414343551,-0.00937725897454483,0
GFM-MWT,h_mp,h,mp,11.6591440117983,54.1169526546464,5906.5913576594,8.50067104472519e-05,1718.24854871364,0.117823521426064,1.99966411736576,-0.00937726050986613,0
GFM-MWT,h_mp,h,mp,11.6591440117983,73.5642254459641,5906.5913576594,0.000115554415114032,1718.24854871377,0.117823534468753,1.99966409818743,-0.00937726163773509,0
GFM-MWT,h_mp,h,mp,11.6591440117983,100,5906.5913576594,0.00015707963267949,1718.24854871366,0.117823544054189,1.99966408407881,-0.00937726246670282,0
GFM-MWT,h_mp,h,mp,15.8489319246111,0.01,8029.16271034217,1.5707963267949e-08,1718.24854855764,0.116614250919074,1.99975075281801,-0.00928062417305715,0
GFM-MWT,h_mp,h,mp,15.8489319246111,0.0135935639087853,8029.16271034217,2.13527202559716e-08,1718.24854855722,0.1168130429773,1.99974928048131,-0.00929645031066068,0
GFM-MWT,h_mp,h,mp,15.8489319246111,0.0184784979742229,8029.16271034217,2.90259567425963e-08,1718.24854855676,0.116985495374048,1.99973976558129,-0.00931021786968487,0
GFM-MWT,h_mp,h,mp,15.8489319246111,0.0251188643150958,8029.16271034217,3.94566197994119e-08,1718.24854855623,0.11711470109294,1.99972606280531,-0.00932056359521208,0
GFM-MWT,h_mp,h,mp,15.8489319246111,0.034145488738336,8029.16271034217,5.36356082867947e-08,1718.24854855612,0.117201883763111,1.99971182249912,-0.00932756783424991,0
GFM-MWT,h_mp,h,mp,15.8489319246111,0.0464158883361278,8029.16271034217,7.29099069033116e-08,1718.2485485559,0.117257052532598,1.99969914768898,-0.00933201722896438,0
GFM-MWT,h_mp,h,mp,15.8489319246111,0.0630957344480193,8029.16271034217,9.9110547907375e-08,1718.24854855559,0.117290839832242,1.99968876727843,-0.00933475444233993,0
GFM-MWT,h_mp,h,mp,15.8489319246111,0.0857695898590894,8029.16271034217,1.34726556701362e-07,1718.2485485554,0.117311308334135,1.9996806488649,-0.00933642121557341,0
GFM-MWT,h_mp,h,mp,15.8489319246111,0.116591440117983,8029.16271034217,1.83141405873055e-07,1718.24854855508,0.1173237503606,1.99967446129304,-0.00933744023934585,0
GFM-MWT,h_mp,h,mp,15.8489319246111,0.158489319246111,8029.16271034217,2.48954440508015e-07,1718.24854855528,0.117331408024992,1.99966981361532,-0.00933807133822163,0
GFM-MWT,h_mp,h,mp,15.8489319246111,0.215443469003188,8029.16271034217,3.38417809742158e-07,1718.24854855529,0.117336206004669,1.99966635157937,-0.00933846932872535,0
GFM-MWT,h_mp,h,mp,15.8489319246111,0.292864456462524,8029.16271034217,4.60030412460116e-07,1718.24854855537,0.11733927493308,1.99966378516098,-0.00933872553957779,0
GFM-MWT,h_mp,h,mp,15.8489319246111,0.398107170553497,8029.16271034217,6.25345281176143e-07,1718.2485485556,0.117341280389349,1.99966188808908,-0.00933889399366248,0
GFM-MWT,h_mp,h,mp,15.8489319246111,0.541169526546464,8029.16271034217,8.50067104472518e-07,1718.24854855524,0.11734261823845,1.99966048820094,-0.00933900699770016,0
GFM-MWT,h_mp,h,mp,15.8489319246111,0.735642254459641,8029.16271034217,1.15554415114032e-06,1718.24854855509,0.117343527693672,1.9996594562887,-0.00933908419162072,0
GFM-MWT,h_mp,h,mp,15.8489319246111,1,8029.16271034217,1.5707963267949e-06,1718.24854855533,0.11734415616837,1.99965869613403,-0.0093391377559107,0
GFM-MWT,h_mp,h,mp,15.8489319246111,1.35935639087853,8029.16271034217,2.13527202559716e-06,1718.24854855516,0.117344596508351,1.99965813641024,-0.00933917541234618,0
GFM-MWT,h_mp,h,mp,15.8489319246111,1.84784979742229,8029.16271034217,2.90259567425963e-06,1718.24854855504,0.117344908522946,1.99965772438684,-0.00933920216682072,0
GFM-MWT,h_mp,h,mp,15.8489319246111,2.51188643150958,8029.16271034217,3.94566197994119e-06,1718.2485485554,0.1173451315989,1.99965742114683,-0.00933922133548836,0
GFM-MWT,h_mp,h,mp,15.8489319246111,3.4145488738336,8029.16271034217,5.36356082867947e-06,1718.24854855538,0.117345292206746,1.99965719799831,-0.00933923515887778,0
GFM-MWT,h_mp,h,mp,15.8489319246111,4.64158883361278,8029.16271034217,7.29099069033116e-06,1718.24854855507,0.117345408463862,1.99965703380268,-0.0093392451774967,0
GFM-MWT,h_mp,h,mp,15.8489319246111,6.30957344480193,8029.16271034217,9.9110547907375e-06,1718.2485485553,0.117345492962907,1.99965691299316,-0.00933925246617329,0
GFM-MWT,h_mp,h,mp,15.8489319246111,8.57695898590894,8029.16271034217,1.34726556701362e-05,1718.24854855524,0.117345554569422,1.99965682410979,-0.00933925778395096,0
GFM-MWT,h_mp,h,mp,15.8489319246111,11.6591440117983,8029.16271034217,1.83141405873055e-05,1718.24854855508,0.117345599589686,1.99965675871765,-0.00933926167207869,0
GFM-MWT,h_mp,h,mp,15.8489319246111,15.8489319246111,8029.16271034217,2.48954440508015e-05,1718.24854855525,0.1173456325459,1.99965671060929,-0.00933926451942519,0
GFM-MWT,h_mp,h,mp,15.8489319246111,21.5443469003188,8029.16271034217,3.38417809742158e-05,1718.24854855486,0.117345656701747,1.99965667521709,-0.00933926660704749,0
GFM-MWT,h_mp,h,mp,15.8489319246111,29.2864456462524,8029.16271034217,4.60030412460116e-05,1718.24854855545,0.117345674424377,1.99965664918019,-0.00933926813902022,0
GFM-MWT,h_mp,h,mp,15.8489319246111,39.8107170553497,8029.16271034217,6.25345281176143e-05,1718.2485485552,0.117345687436322,1.99965663002584,-0.00933926926397153,0
GFM-MWT,h_mp,h,mp,15.8489319246111,54.1169526546464,8029.16271034217,8.50067104472519e-05,1718.24854855528,0.117345696994079,1.99965661593487,-0.00933927009038997,0
GFM-MWT,h_mp,h,mp,15.8489319246111,73.5642254459641,8029.16271034217,0.000115554415114032,1718.24854855529,0.117345704017877,1.99965660556878,-0.00933927069775886,0
GFM-MWT,h_mp,h,mp,15.8489319246111,100,8029.16271034217,0.00015707963267949,1718.24854855513,0.117345709181052,1.99965659794299,-0.0093392711442608,0
GFM-MWT,h_mp,h,mp,21.5443469003188,0.01,10914.4936437072,1.5707963267949e-08,1718.24854843994,0.116603153010376,1.99971927246673,-0.00927988710624652,0
GFM-MWT,h_mp,h,mp,21.5443469003188,0.0135935639087853,10914.4936437072,2.13527202559716e-08,1718.2485484396,0.116729922896502,1.99971226618977,-0.00929000779070066,0
GFM-MWT,h_mp,h,mp,21.5443469003188,0.0184784979742229,10914.4936437072,2.90259567425963e-08,1718.24854843925,0.116824877841069,1.9997021850394,-0.00929761104122986,0
GFM-MWT,h_mp,h,mp,21.5443469003188,0.0251188643150958,10914.4936437072,3.94566197994119e-08,1718.24854843902,0.116888935660044,1.99969171248078,-0.00930275741311014,0
GFM-MWT,h_mp,h,mp,21.5443469003188,0.034145488738336,10914.4936437072,5.36356082867947e-08,1718.24854843913,0.116929463855995,1.99968239325734,-0.0093060259882166,0
GFM-MWT,h_mp,h,mp,21.5443469003188,0.0464158883361278,10914.4936437072,7.29099069033116e-08,1718.24854843886,0.116954280929031,1.99967476202236,-0.00930803644364459,0
GFM-MWT,h_mp,h,mp,21.5443469003188,0.0630957344480193,10914.4936437072,9.9110547907375e-08,1718.24854843892,0.116969313125559,1.99966879421078,-0.00930926048696063,0
GFM-MWT,h_mp,h,mp,21.5443469003188,0.0857695898590894,10914.4936437072,1.34726556701362e-07,1718.24854843883,0.116978449409105,1.99966424599652,-0.00931000872882162,0
GFM-MWT,h_mp,h,mp,21.5443469003188,0.116591440117983,10914.4936437072,1.83141405873055e-07,1718.24854843864,0.116984071760284,1.99966082981086,-0.00931047206269607,0
GFM-MWT,h_mp,h,mp,21.5443469003188,0.158489319246111,10914.4936437072,2.48954440508015e-07,1718.24854843881,0.116987594044059,1.9996582851675,-0.00931076421549164,0
GFM-MWT,h_mp,h,mp,21.5443469003188,0.215443469003188,10914.4936437072,3.38417809742158e-07,1718.24854843835,0.116989846721525,1.99965639884496,-0.00931095226765658,0
GFM-MWT,h_mp,h,mp,21.5443469003188,0.292864456462524,10914.4936437072,4.60030412460116e-07,1718.24854843863,0.116991318611526,1.99965500450852,-0.00931107589377225,0
GFM-MWT,h_mp,h,mp,21.5443469003188,0.398107170553497,10914.4936437072,6.25345281176143e-07,1718.24854843856,0.116992300413619,1.99965397560696,-0.00931115881696192,0
GFM-MWT,h_mp,h,mp,21.5443469003188,0.541169526546464,10914.4936437072,8.50067104472518e-07,1718.24854843857,0.116992967771376,1.99965321716749,-0.0093112154571886,0
GFM-MWT,h_mp,h,mp,21.5443469003188,0.735642254459641,10914.4936437072,1.15554415114032e-06,1718.24854843874,0.116993428910866,1.99965265846777,-0.00931125475641744,0
GFM-MWT,h_mp,h,mp,21.5443469003188,1,10914.4936437072,1.5707963267949e-06,1718.24854843866,0.116993751987211,1.99965224708215,-0.00931128238256827,0
GFM-MWT,h_mp,h,mp,21.5443469003188,1.35935639087853,10914.4936437072,2.13527202559716e-06,1718.24854843859,0.116993980900398,1.99965194425398,-0.00931130200968457,0
GFM-MWT,h_mp,h,mp,21.5443469003188,1.84784979742229,10914.4936437072,2.90259567425963e-06,1718.24854843865,0.116994144555858,1.9996517213795,-0.00931131607126316,0
GFM-MWT,h_mp,h,mp,21.5443469003188,2.51188643150958,10914.4936437072,3.94566197994119e-06,1718.24854843845,0.116994262379333,1.99965155737061,-0.00931132621140776,0
GFM-MWT,h_mp,h,mp,21.5443469003188,3.4145488738336,10914.4936437072,5.36356082867947e-06,1718.24854843831,0.116994347664731,1.99965143669081,-0.00931133356039809,0
GFM-MWT,h_mp,h,mp,21.5443469003188,4.64158883361278,10914.4936437072,7.29099069033116e-06,1718.24854843837,0.116994409651692,1.9996513478988,-0.0093113389068044,0
GFM-MWT,h_mp,h,mp,21.5443469003188,6.30957344480193,10914.4936437072,9.9110547907375e-06,1718.2485484388,0.116994454844296,1.99965128257171,-0.00931134280744496,0
GFM-MWT,h_mp,h,mp,21.5443469003188,8.57695898590894,10914.4936437072,1.34726556701362e-05,1718.24854843871,0.116994487869455,1.99965123451012,-0.0093113456593987,0
GFM-MWT,h_mp,h,mp,21.5443469003188,11.6591440117983,10914.4936437072,1.83141405873055e-05,1718.24854843858,0.116994512044866,1.99965119915171,-0.00931134774793372,0
GFM-MWT,h_mp,h,mp,21.5443469003188,15.8489319246111,10914.4936437072,2.48954440508015e-05,1718.24854843848,0.116994529764344,1.99965117313934,-0.00931134927918335,0
GFM-MWT,h_mp,h,mp,21.5443469003188,21.5443469003188,10914.4936437072,3.38417809742158e-05,1718.24854843865,0.116994542764919,1.9996511540029,-0.00931135040288301,0
GFM-MWT,h_mp,h,mp,21.5443469003188,29.2864456462524,10914.4936437072,4.60030412460116e-05,1718.2485484386,0.116994552309679,1.99965113992494,-0.0093113512280127,0
GFM-MWT,h_mp,h,mp,21.5443469003188,39.8107170553497,10914.4936437072,6.25345281176143e-05,1718.24854843846,0.116994559320836,1.99965112956843,-0.00931135183418843,0
GFM-MWT,h_mp,h,mp,21.5443469003188,54.1169526546464,10914.4936437072,8.50067104472519e-05,1718.24854843831,0.116994564473056,1.99965112194962,-0.00931135227968108,0
GFM-MWT,h_mp,h,mp,21.5443469003188,73.5642254459641,10914.4936437072,0.000115554415114032,1718.24854843876,0.116994568260189,1.99965111634486,-0.00931135260716117,0
GFM-MWT,h_mp,h,mp,21.5443469003188,100,10914.4936437072,0.00015707963267949,1718.24854843857,0.116994571044794,1.99965111222174,-0.00931135284796049,0
GFM-MWT,h_mp,h,mp,29.2864456462524,0.01,14836.6866877764,1.5707963267949e-08,1718.24854835354,0.116541960569987,1.99969206070879,-0.00927514371506552,0
GFM-MWT,h_mp,h,mp,29.2864456462524,0.0135935639087853,14836.6866877764,2.13527202559716e-08,1718.24854835341,0.11661176247659,1.99968464415688,-0.00928073293022533,0
GFM-MWT,h_mp,h,mp,29.2864456462524,0.0184784979742229,14836.6866877764,2.90259567425963e-08,1718.24854835312,0.116658844253471,1.99967694184172,-0.00928451544420962,0
GFM-MWT,h_mp,h,mp,29.2864456462524,0.0251188643150958,14836.6866877764,3.94566197994119e-08,1718.24854835263,0.116688628089579,1.99967008888074,-0.00928691746673713,0
GFM-MWT,h_mp,h,mp,29.2864456462524,0.034145488738336,14836.6866877764,5.36356082867947e-08,1718.24854835296,0.116706863886623,1.99966447774503,-0.00928839473825313,0
GFM-MWT,h_mp,h,mp,29.2864456462524,0.0464158883361278,14836.6866877764,7.29099069033116e-08,1718.24854835309,0.116717908538248,1.99966008997005,-0.00928929405873334,0
GFM-MWT,h_mp,h,mp,29.2864456462524,0.0630957344480193,14836.6866877764,9.9110547907375e-08,1718.24854835292,0.116724620609318,1.99965674607181,-0.00928984374346683,0
GFM-MWT,h_mp,h,mp,29.2864456462524,0.0857695898590894,14836.6866877764,1.34726556701362e-07,1718.24854835303,0.11672875073432,1.99965423451824,-0.00929018408962808,0
GFM-MWT,h_mp,h,mp,29.2864456462524,0.116591440117983,14836.6866877764,1.83141405873055e-07,1718.24854835307,0.116731337925418,1.9996523637479,-0.00929039867154883,0
GFM-MWT,h_mp,h,mp,29.2864456462524,0.158489319246111,14836.6866877764,2.48954440508015e-07,1718.24854835255,0.116732992414136,1.99965097697775,-0.00929053677990146,0
GFM-MWT,h_mp,h,mp,29.2864456462524,0.215443469003188,14836.6866877764,3.38417809742158e-07,1718.24854835292,0.11673407335782,1.99964995190982,-0.00929062756472402,0
GFM-MWT,h_mp,h,mp,29.2864456462524,0.292864456462524,14836.6866877764,4.60030412460116e-07,1718.24854835265,0.116734794330055,1.99964919550124,-0.00929068845457554,0
GFM-MWT,h_mp,h,mp,29.2864456462524,0.398107170553497,14836.6866877764,6.25345281176143e-07,1718.24854835293,0.116735284361831,1.99964863792805,-0.00929073004221831,0
GFM-MWT,h_mp,h,mp,29.2864456462524,0.541169526546464,14836.6866877764,8.50067104472518e-07,1718.24854835274,0.116735622951176,1.9996482271964,-0.0092907588957224,0
GFM-MWT,h_mp,h,mp,29.2864456462524,0.735642254459641,14836.6866877764,1.15554415114032e-06,1718.24854835273,0.116735860157586,1.99964792476428,-0.00929077917792587,0
GFM-MWT,h_mp,h,mp,29.2864456462524,1,14836.6866877764,1.5707963267949e-06,1718.24854835291,0.116736028222068,1.99964770213902,-0.00929079358697068,0
GFM-MWT,h_mp,h,mp,29.2864456462524,1.35935639087853,14836.6866877764,2.13527202559716e-06,1718.24854835279,0.116736148371521,1.99964753829214,-0.00929080390980972,0
GFM-MWT,h_mp,h,mp,29.2864456462524,1.84784979742229,14836.6866877764,2.90259567425963e-06,1718.24854835279,0.116736234871444,1.9996474177206,-0.00929081135373092,0
GFM-MWT,h_mp,h,mp,29.2864456462524,2.51188643150958,14836.6866877764,3.94566197994119e-06,1718.24854835262,0.116736297482273,1.99964732900259,-0.00929081674854407,0
GFM-MWT,h_mp,h,mp,29.2864456462524,3.4145488738336,14836.6866877764,5.36356082867947e-06,1718.24854835262,0.116736342988243,1.99964726372698,-0.00929082067322311,0
GFM-MWT,h_mp,h,mp,29.2864456462524,4.64158883361278,14836.6866877764,7.29099069033116e-06,1718.24854835263,0.116736376165284,1.9996472157017,-0.00929082353660927,0
GFM-MWT,h_mp,h,mp,29.2864456462524,6.30957344480193,14836.6866877764,9.9110547907375e-06,1718.24854835276,0.116736400409142,1.99964718036916,-0.00929082563011374,0
GFM-MWT,h_mp,h,mp,29.2864456462524,8.57695898590894,14836.6866877764,1.34726556701362e-05,1718.24854835269,0.116736418156426,1.99964715437538,-0.00929082716322681,0
GFM-MWT,h_mp,h,mp,29.2864456462524,11.6591440117983,14836.6866877764,1.83141405873055e-05,1718.24854835285,0.116736431164795,1.99964713525234,-0.0092908282872909,0
GFM-MWT,h_mp,h,mp,29.2864456462524,15.8489319246111,14836.6866877764,2.48954440508015e-05,1718.24854835268,0.116736440708348,1.99964712118416,-0.00929082911213686,0
GFM-MWT,h_mp,h,mp,29.2864456462524,21.5443469003188,14836.6866877764,3.38417809742158e-05,1718.24854835268,0.1167364477152,1.99964711083475,-0.00929082971783222,0
GFM-MWT,h_mp,h,mp,29.2864456462524,29.2864456462524,14836.6866877764,4.60030412460116e-05,1718.24854835254,0.116736452862165,1.99964710322115,-0.00929083016280545,0
GFM-MWT,h_mp,h,mp,29.2864456462524,39.8107170553497,14836.6866877764,6.25345281176143e-05,1718.24854835269,0.116736456644349,1.99964709762018,-0.00929083048981746,0
GFM-MWT,h_mp,h,mp,29.2864456462524,54.1169526546464,14836.6866877764,8.50067104472519e-05,1718.24854835263,0.116736459424494,1.99964709349983,-0.00929083073020719,0
GFM-MWT,h_mp,h,mp,29.2864456462524,73.5642254459641,14836.6866877764,0.000115554415114032,1718.24854835291,0.116736461468702,1.99964709046871,-0.00929083090696985,0
GFM-MWT,h_mp,h,mp,29.2864456462524,100,14836.6866877764,0.00015707963267949,1718.24854835278,0.116736462971763,1.99964708823886,-0.00929083103694474,0
GFM-MWT,h_mp,h,mp,39.8107170553497,0.01,20168.3448684912,1.5707963267949e-08,1718.24854828993,0.116455034996572,1.99967175364641,-0.00926832033716599,0
GFM-MWT,h_mp,h,mp,39.8107170553497,0.0135935639087853,20168.3448684912,2.13527202559716e-08,1718.24854828999,0.116489647704973,1.99966608844154,-0.00927110108944756,0
GFM-MWT,h_mp,h,mp,39.8107170553497,0.0184784979742229,20168.3448684912,2.90259567425963e-08,1718.24854828956,0.116511541508506,1.99966104855009,-0.00927286677821283,0
GFM-MWT,h_mp,h,mp,39.8107170553497,0.0251188643150958,20168.3448684912,3.94566197994119e-08,1718.24854828987,0.116524945347158,1.99965692223491,-0.00927395260021476,0
GFM-MWT,h_mp,h,mp,39.8107170553497,0.034145488738336,20168.3448684912,5.36356082867947e-08,1718.24854828985,0.116533062872277,1.9996536957002,-0.00927461356352368,0
GFM-MWT,h_mp,h,mp,39.8107170553497,0.0464158883361278,20168.3448684912,7.29099069033116e-08,1718.24854828969,0.116537995710493,1.99965123684762,-0.00927501752758321,0
GFM-MWT,h_mp,h,mp,39.8107170553497,0.0630957344480193,20168.3448684912,9.9110547907375e-08,1718.24854828986,0.11654103080875,1.99964939007391,-0.0092752676293986,0
GFM-MWT,h_mp,h,mp,39.8107170553497,0.0857695898590894,20168.3448684912,1.34726556701362e-07,1718.2485482897,0.116542931921735,1.99964801449261,-0.00927542530228313,0
GFM-MWT,h_mp,h,mp,39.8107170553497,0.116591440117983,20168.3448684912,1.83141405873055e-07,1718.24854828966,0.116544147587445,1.99964699480637,-0.00927552677591779,0
GFM-MWT,h_mp,h,mp,39.8107170553497,0.158489319246111,20168.3448684912,2.48954440508015e-07,1718.24854828939,0.116544941781059,1.99964624108266,-0.0092755934747706,0
GFM-MWT,h_mp,h,mp,39.8107170553497,0.215443469003188,20168.3448684912,3.38417809742158e-07,1718.24854828944,0.116545471465612,1.99964568490411,-0.00927563820743419,0
GFM-MWT,h_mp,h,mp,39.8107170553497,0.292864456462524,20168.3448684912,4.60030412460116e-07,1718.24854828953,0.11654583146497,1.99964527492822,-0.00927566875822468,0
GFM-MWT,h_mp,h,mp,39.8107170553497,0.398107170553497,20168.3448684912,6.25345281176143e-07,1718.24854828984,0.11654608019738,1.99964497292343,-0.00927568995345667,0
GFM-MWT,h_mp,h,mp,39.8107170553497,0.541169526546464,20168.3448684912,8.50067104472518e-07,1718.24854828969,0.116546254446687,1.99964475054999,-0.00927570485187762,0
GFM-MWT,h_mp,h,mp,39.8107170553497,0.735642254459641,20168.3448684912,1.15554415114032e-06,1718.2485482897,0.116546377901494,1.99964458685741,-0.00927571543582864,0
GFM-MWT,h_mp,h,mp,39.8107170553497,1,20168.3448684912,1.5707963267949e-06,1718.24854828961,0.116546466158088,1.99964446638371,-0.00927572301819858,0
GFM-MWT,h_mp,h,mp,39.8107170553497,1.35935639087853,20168.3448684912,2.13527202559716e-06,1718.24854828961,0.116546529695675,1.99964437772964,-0.00927572848580866,0
GFM-MWT,h_mp,h,mp,39.8107170553497,1.84784979742229,20168.3448684912,2.90259567425963e-06,1718.24854828961,0.116546575685274,1.99964431249691,-0.00927573244829156,0
GFM-MWT,h_mp,h,mp,39.8107170553497,2.51188643150958,20168.3448684912,3.94566197994119e-06,1718.24854828989,0.116546609110764,1.99964426450097,-0.00927573533095658,0
GFM-MWT,h_mp,h,mp,39.8107170553497,3.4145488738336,20168.3448684912,5.36356082867947e-06,1718.24854828967,0.116546633479776,1.99964422918885,-0.00927573743406365,0
GFM-MWT,h_mp,h,mp,39.8107170553497,4.64158883361278,20168.3448684912,7.29099069033116e-06,1718.24854828974,0.116546651287551,1.99964420320951,-0.00927573897173047,0
GFM-MWT,h_mp,h,mp,39.8107170553497,6.30957344480193,20168.3448684912,9.9110547907375e-06,1718.24854828957,0.116546664323253,1.99964418409677,-0.00927574009777984,0
GFM-MWT,h_mp,h,mp,39.8107170553497,8.57695898590894,20168.3448684912,1.34726556701362e-05,1718.24854828955,0.116546673877561,1.99964417003599,-0.00927574092334276,0
GFM-MWT,h_mp,h,mp,39.8107170553497,11.6591440117983,20168.3448684912,1.83141405873055e-05,1718.24854828963,0.116546680887476,1.99964415969193,-0.00927574152918017,0
GFM-MWT,h_mp,h,mp,39.8107170553497,15.8489319246111,20168.3448684912,2.48954440508015e-05,1718.24854828969,0.116546686034044,1.99964415208219,-0.00927574197404724,0
GFM-MWT,h_mp,h,mp,39.8107170553497,21.5443469003188,20168.3448684912,3.38417809742158e-05,1718.24854828979,0.116546689814469,1.99964414648404,-0.00927574230086452,0
GFM-MWT,h_mp,h,mp,39.8107170553497,29.2864456462524,20168.3448684912,4.60030412460116e-05,1718.24854828953,0.116546692592656,1.99964414236578,-0.00927574254105809,0
GFM-MWT,h_mp,h,mp,39.8107170553497,39.8107170553497,20168.3448684912,6.25345281176143e-05,1718.24854828952,0.116546694634916,1.99964413933615,-0.00927574271763632,0
GFM-MWT,h_mp,h,mp,39.8107170553497,54.1169526546464,20168.3448684912,8.50067104472519e-05,1718.24854828988,0.116546696136161,1.99964413710743,-0.00927574284744492,0
GFM-MWT,h_mp,h,mp,39.8107170553497,73.5642254459641,20168.3448684912,0.000115554415114032,1718.24854828957,0.116546697240223,1.99964413546789,-0.00927574294291229,0
GFM-MWT,h_mp,h,mp,39.8107170553497,100,20168.3448684912,0.00015707963267949,1718.24854828971,0.11654669805222,1.99964413426175,-0.00927574301312661,0
GFM-MWT,h_mp,h,mp,54.1169526546464,0.01,27415.9684904256,1.5707963267949e-08,1718.24854824346,0.116365216591835,1.99965811098299,-0.0092612357416623,0
GFM-MWT,h_mp,h,mp,54.1169526546464,0.0135935639087853,27415.9684904256,2.13527202559716e-08,1718.24854824325,0.116381313705955,1.9996544042032,-0.00926253393201249,0
GFM-MWT,h_mp,h,mp,54.1169526546464,0.0184784979742229,27415.9684904256,2.90259567425963e-08,1718.24854824333,0.116391168088404,1.99965136950859,-0.00926333221035349,0
GFM-MWT,h_mp,h,mp,54.1169526546464,0.0251188643150958,27415.9684904256,3.94566197994119e-08,1718.24854824286,0.116397135688949,1.99964899663548,-0.0092638181104787,0
GFM-MWT,h_mp,h,mp,54.1169526546464,0.034145488738336,27415.9684904256,5.36356082867947e-08,1718.24854824354,0.116400761873655,1.9996471883732,-0.00926411506331449,0
GFM-MWT,h_mp,h,mp,54.1169526546464,0.0464158883361278,27415.9684904256,7.29099069033116e-08,1718.2485482434,0.116402992892731,1.99964583025806,-0.00926429890219857,0
GFM-MWT,h_mp,h,mp,54.1169526546464,0.0630957344480193,27415.9684904256,9.9110547907375e-08,1718.24854824324,0.116404390277922,1.99964481866659,-0.00926441479428499,0
GFM-MWT,h_mp,h,mp,54.1169526546464,0.0857695898590894,27415.9684904256,1.34726556701362e-07,1718.24854824326,0.116405283791257,1.99964406880217,-0.0092644893751652,0
GFM-MWT,h_mp,h,mp,54.1169526546464,0.116591440117983,27415.9684904256,1.83141405873055e-07,1718.24854824321,0.11640586749634,1.99964351452562,-0.00926453839502135,0
GFM-MWT,h_mp,h,mp,54.1169526546464,0.158489319246111,27415.9684904256,2.48954440508015e-07,1718.24854824325,0.116406256779794,1.99964310552192,-0.009264571269545,0
GFM-MWT,h_mp,h,mp,54.1169526546464,0.215443469003188,27415.9684904256,3.38417809742158e-07,1718.24854824327,0.116406521346451,1.99964280403365,-0.00926459372084975,0
GFM-MWT,h_mp,h,mp,54.1169526546464,0.292864456462524,27415.9684904256,4.60030412460116e-07,1718.24854824321,0.116406704136346,1.99964258194557,-0.00926460929640775,0
GFM-MWT,h_mp,h,mp,54.1169526546464,0.398107170553497,27415.9684904256,6.25345281176143e-07,1718.24854824326,0.116406832186496,1.99964241841693,-0.00926462024440988,0
GFM-MWT,h_mp,h,mp,54.1169526546464,0.541169526546464,27415.9684904256,8.50067104472518e-07,1718.24854824328,0.116406922907623,1.99964229804101,-0.00926462802180004,0
GFM-MWT,h_mp,h,mp,54.1169526546464,0.735642254459641,27415.9684904256,1.15554415114032e-06,1718.24854824321,0.116406987762218,1.99964220944736,-0.00926463359345541,0
GFM-MWT,h_mp,h,mp,54.1169526546464,1,27415.9684904256,1.5707963267949e-06,1718.24854824334,0.116407034451691,1.99964214425316,-0.00926463761110038,0
GFM-MWT,h_mp,h,mp,54.1169526546464,1.35935639087853,27415.9684904256,2.13527202559716e-06,1718.24854824308,0.116407068246188,1.99964209628253,-0.00926464052275203,0
GFM-MWT,h_mp,h,mp,54.1169526546464,1.84784979742229,27415.9684904256,2.90259567425963e-06,1718.24854824341,0.116407092807721,1.99964206098741,-0.00926464264090838,0
GFM-MWT,h_mp,h,mp,54.1169526546464,2.51188643150958,27415.9684904256,3.94566197994119e-06,1718.24854824341,0.116407110714586,1.99964203501972,-0.00926464418626495,0
GFM-MWT,h_mp,h,mp,54.1169526546464,3.4145488738336,27415.9684904256,5.36356082867947e-06,1718.24854824294,0.116407123799894,1.99964201591512,-0.00926464531611991,0
GFM-MWT,h_mp,h,mp,54.1169526546464,4.64158883361278,27415.9684904256,7.29099069033116e-06,1718.24854824326,0.11640713337859,1.99964200186005,-0.00926464614352027,0
GFM-MWT,h_mp,h,mp,54.1169526546464,6.30957344480193,27415.9684904256,9.9110547907375e-06,1718.24854824332,0.116407140399411,1.99964199152008,-0.00926464675015009,0
GFM-MWT,h_mp,h,mp,54.1169526546464,8.57695898590894,27415.9684904256,1.34726556701362e-05,1718.24854824334,0.116407145550443,1.99964198391328,-0.00926464719531728,0
GFM-MWT,h_mp,h,mp,54.1169526546464,11.6591440117983,27415.9684904256,1.83141405873055e-05,1718.24854824326,0.11640714933222,1.9996419783173,-0.00926464752220141,0
GFM-MWT,h_mp,h,mp,54.1169526546464,15.8489319246111,27415.9684904256,2.48954440508015e-05,1718.2485482432,0.116407152110013,1.99964197420053,-0.00926464776233429,0
GFM-MWT,h_mp,h,mp,54.1169526546464,21.5443469003188,27415.9684904256,3.38417809742158e-05,1718.24854824312,0.116407154151456,1.99964197117204,-0.00926464793882557,0
GFM-MWT,h_mp,h,mp,54.1169526546464,29.2864456462524,27415.9684904256,4.60030412460116e-05,1718.24854824317,0.116407155651995,1.99964196894414,-0.00926464806856197,0
GFM-MWT,h_mp,h,mp,54.1169526546464,39.8107170553497,27415.9684904256,6.25345281176143e-05,1718.24854824321,0.116407156755101,1.99964196730518,-0.00926464816394168,0
GFM-MWT,h_mp,h,mp,54.1169526546464,54.1169526546464,27415.9684904256,8.50067104472519e-05,1718.24854824304,0.116407157566324,1.9996419660995,-0.00926464823408565,0
GFM-MWT,h_mp,h,mp,54.1169526546464,73.5642254459641,27415.9684904256,0.000115554415114032,1718.24854824337,0.116407158162953,1.99964196521252,-0.00926464828567539,0
GFM-MWT,h_mp,h,mp,54.1169526546464,100,27415.9684904256,0.00015707963267949,1718.24854824301,0.116407158601731,1.99964196456005,-0.00926464832361681,0
GFM-MWT,h_mp,h,mp,73.5642254459641,0.01,37268.0719795843,1.5707963267949e-08,1718.24854820895,0.116285536744993,1.99964951964057,-0.00925493451170144,0
GFM-MWT,h_mp,h,mp,73.5642254459641,0.0135935639087853,37268.0719795843,2.13527202559716e-08,1718.24854820921,0.11629278277432,1.99964728762236,-0.00925552148952984,0
GFM-MWT,h_mp,h,mp,73.5642254459641,0.0184784979742229,37268.0719795843,2.90259567425963e-08,1718.2485482092,0.116297170633533,1.99964554241652,-0.00925587875842434,0
GFM-MWT,h_mp,h,mp,73.5642254459641,0.0251188643150958,37268.0719795843,3.94566197994119e-08,1718.24854820909,0.116299836791714,1.9996442124927,-0.0092560970904056,0
GFM-MWT,h_mp,h,mp,73.5642254459641,0.034145488738336,37268.0719795843,5.36356082867947e-08,1718.24854820909,0.116301477089251,1.99964321364902,-0.00925623225077411,0
GFM-MWT,h_mp,h,mp,73.5642254459641,0.0464158883361278,37268.0719795843,7.29099069033116e-08,1718.24854820915,0.116302504441239,1.99964246966587,-0.00925631745251758,0
GFM-MWT,h_mp,h,mp,73.5642254459641,0.0630957344480193,37268.0719795843,9.9110547907375e-08,1718.24854820908,0.116303161324665,1.99964191817447,-0.00925637228090932,0
GFM-MWT,h_mp,h,mp,73.5642254459641,0.0857695898590894,37268.0719795843,1.34726556701362e-07,1718.24854820887,0.116303590431964,1.99964151053045,-0.00925640831674465,0
GFM-MWT,h_mp,h,mp,73.5642254459641,0.116591440117983,37268.0719795843,1.83141405873055e-07,1718.2485482091,0.116303876602914,1.99964120972833,-0.00925643248296815,0
GFM-MWT,h_mp,h,mp,73.5642254459641,0.158489319246111,37268.0719795843,2.48954440508015e-07,1718.24854820892,0.116304071086326,1.99964098799885,-0.00925644898656383,0
GFM-MWT,h_mp,h,mp,73.5642254459641,0.215443469003188,37268.0719795843,3.38417809742158e-07,1718.24854820902,0.116304205452778,1.99964082466444,-0.00925646043567183,0
GFM-MWT,h_mp,h,mp,73.5642254459641,0.292864456462524,37268.0719795843,4.60030412460116e-07,1718.24854820912,0.116304299578796,1.9996407043976,-0.00925646848304029,0
GFM-MWT,h_mp,h,mp,73.5642254459641,0.398107170553497,37268.0719795843,6.25345281176143e-07,1718.2485482091,0.116304366264522,1.99964061586738,-0.00925647419977045,0
GFM-MWT,h_mp,h,mp,73.5642254459641,0.541169526546464,37268.0719795843,8.50067104472518e-07,1718.24854820915,0.11630441393601,1.99964055071139,-0.00925647829512695,0
GFM-MWT,h_mp,h,mp,73.5642254459641,0.735642254459641,37268.0719795843,1.15554415114032e-06,1718.24854820896,0.116304448254876,1.9996405027645,-0.00925648124820603,0
GFM-MWT,h_mp,h,mp,73.5642254459641,1,37268.0719795843,1.5707963267949e-06,1718.24854820921,0.116304473095311,1.99964046748463,-0.00925648338834543,0
GFM-MWT,h_mp,h,mp,73.5642254459641,1.35935639087853,37268.0719795843,2.13527202559716e-06,1718.24854820889,0.11630449114902,1.99964044152694,-0.00925648494523739,0
GFM-MWT,h_mp,h,mp,73.5642254459641,1.84784979742229,37268.0719795843,2.90259567425963e-06,1718.24854820916,0.116304504310998,1.9996404224291,-0.00925648608108581,0
GFM-MWT,h_mp,h,mp,73.5642254459641,2.51188643150958,37268.0719795843,3.94566197994119e-06,1718.24854820917,0.116304513929143,1.99964040837867,-0.00925648691154762,0
GFM-MWT,h_mp,h,mp,73.5642254459641,3.4145488738336,37268.0719795843,5.36356082867947e-06,1718.24854820894,0.116304520969824,1.99964039804192,-0.00925648751970147,0
GFM-MWT,h_mp,h,mp,73.5642254459641,4.64158883361278,37268.0719795843,7.29099069033116e-06,1718.24854820899,0.116304526130383,1.99964039043741,-0.00925648796558555,0
GFM-MWT,h_mp,h,mp,73.5642254459641,6.30957344480193,37268.0719795843,9.9110547907375e-06,1718.24854820915,0.116304529916498,1.999640384843,-0.00925648829278521,0
GFM-MWT,h_mp,h,mp,73.5642254459641,8.57695898590894,37268.0719795843,1.34726556701362e-05,1718.24854820933,0.116304532696114,1.99964038072747,-0.00925648853304086,0
GFM-MWT,h_mp,h,mp,73.5642254459641,11.6591440117983,37268.0719795843,1.83141405873055e-05,1718.24854820912,0.116304534738043,1.99964037769981,-0.00925648870955482,0
GFM-MWT,h_mp,h,mp,73.5642254459641,15.8489319246111,37268.0719795843,2.48954440508015e-05,1718.24854820918,0.116304536238463,1.99964037547252,-0.00925648883926999,0
GFM-MWT,h_mp,h,mp,73.5642254459641,21.5443469003188,37268.0719795843,3.38417809742158e-05,1718.24854820901,0.11630453734138,1.99964037383401,-0.00925648893462598,0
GFM-MWT,h_mp,h,mp,73.5642254459641,29.2864456462524,37268.0719795843,4.60030412460116e-05,1718.24854820897,0.116304538152293,1.99964037262865,-0.00925648900473891,0
GFM-MWT,h_mp,h,mp,73.5642254459641,39.8107170553497,37268.0719795843,6.25345281176143e-05,1718.2485482089,0.116304538748615,1.99964037174193,-0.0092564890562995,0
GFM-MWT,h_mp,h,mp,73.5642254459641,54.1169526546464,37268.0719795843,8.50067104472519e-05,1718.24854820901,0.116304539187136,1.99964037108962,-0.009256489094217,0
GFM-MWT,h_mp,h,mp,73.5642254459641,73.5642254459641,37268.0719795843,0.000115554415114032,1718.24854820888,0.116304539509568,1.99964037060975,-0.00925648912209783,0
GFM-MWT,h_mp,h,mp,73.5642254459641,100,37268.0719795843,0.00015707963267949,1718.24854820935,0.116304539746781,1.99964037025673,-0.00925648914260964,0
GFM-MWT,h_mp,h,mp,100,0.01,50660.5918211689,1.5707963267949e-08,1718.24854818388,0.116220420928593,1.99964428640101,-0.00924977672226899,0
GFM-MWT,h_mp,h,mp,100,0.0135935639087853,50660.5918211689,2.13527202559716e-08,1718.24854818387,0.116223647654999,1.99964300275944,-0.00925003944713071,0
GFM-MWT,h_mp,h,mp,100,0.0184784979742229,50660.5918211689,2.90259567425963e-08,1718.24854818392,0.116225608227395,1.99964202457916,-0.00925019999695322,0
GFM-MWT,h_mp,h,mp,100,0.0251188643150958,50660.5918211689,3.94566197994119e-08,1718.24854818377,0.116226814394207,1.99964128991916,-0.00925029938374982,0
GFM-MWT,h_mp,h,mp,100,0.034145488738336,50660.5918211689,5.36356082867947e-08,1718.24854818411,0.116227569820346,1.99964074271444,-0.00925036203287686,0
GFM-MWT,h_mp,h,mp,100,0.0464158883361278,50660.5918211689,7.29099069033116e-08,1718.24854818413,0.116228052822999,1.99964033709014,-0.00925040234724843,0
GFM-MWT,h_mp,h,mp,100,0.0630957344480193,50660.5918211689,9.9110547907375e-08,1718.24854818403,0.116228368335266,1.9996400372669,-0.00925042884308723,0
GFM-MWT,h_mp,h,mp,100,0.0857695898590894,50660.5918211689,1.34726556701362e-07,1718.24854818419,0.116228578745237,1.9996398160265,-0.00925044661122818,0
GFM-MWT,h_mp,h,mp,100,0.116591440117983,50660.5918211689,1.83141405873055e-07,1718.24854818393,0.116228721738176,1.99963965294435,-0.00925045874519719,0
GFM-MWT,h_mp,h,mp,100,0.158489319246111,50660.5918211689,2.48954440508015e-07,1718.24854818402,0.116228820528775,1.99963953281189,-0.00925046716280403,0
GFM-MWT,h_mp,h,mp,100,0.215443469003188,50660.5918211689,3.38417809742158e-07,1718.24854818399,0.116228889732367,1.99963944435568,-0.00925047307930622,0
GFM-MWT,h_mp,h,mp,100,0.292864456462524,50660.5918211689,4.60030412460116e-07,1718.24854818385,0.116228938760669,1.99963937924175,-0.00925047728225317,0
GFM-MWT,h_mp,h,mp,100,0.398107170553497,50660.5918211689,6.25345281176143e-07,1718.24854818394,0.116228973809167,1.99963933131963,-0.00925048029314128,0
GFM-MWT,h_mp,h,mp,100,0.541169526546464,50660.5918211689,8.50067104472518e-07,1718.2485481837,0.116228999040684,1.99963929605472,-0.00925048246423014,0
GFM-MWT,h_mp,h,mp,100,0.735642254459641,50660.5918211689,1.15554415114032e-06,1718.24854818409,0.116229017303252,1.99963927010642,-0.00925048403762328,0
GFM-MWT,h_mp,h,mp,100,1,50660.5918211689,1.5707963267949e-06,1718.24854818367,0.116229030576292,1.99963925101458,-0.00925048518222595,0
GFM-MWT,h_mp,h,mp,100,1.35935639087853,50660.5918211689,2.13527202559716e-06,1718.24854818381,0.116229040253027,1.99963923696814,-0.00925048601729053,0
GFM-MWT,h_mp,h,mp,100,1.84784979742229,50660.5918211689,2.90259567425963e-06,1718.24854818384,0.116229047324231,1.99963922663407,-0.00925048662783043,0
GFM-MWT,h_mp,h,mp,100,2.51188643150958,50660.5918211689,3.94566197994119e-06,1718.2485481838,0.116229052500449,1.99963921903139,-0.00925048707492973,0
GFM-MWT,h_mp,h,mp,100,3.4145488738336,50660.5918211689,5.36356082867947e-06,1718.24854818367,0.116229056294416,1.99963921343829,-0.0092504874027317,0
GFM-MWT,h_mp,h,mp,100,4.64158883361278,50660.5918211689,7.29099069033116e-06,1718.24854818393,0.116229059077898,1.99963920932362,-0.00925048764327884,0
GFM-MWT,h_mp,h,mp,100,6.30957344480193,50660.5918211689,9.9110547907375e-06,1718.24854818391,0.116229061121575,1.99963920629665,-0.00925048781991976,0
GFM-MWT,h_mp,h,mp,100,8.57695898590894,50660.5918211689,1.34726556701362e-05,1718.24854818404,0.116229062622667,1.99963920406981,-0.00925048794967973,0
GFM-MWT,h_mp,h,mp,100,11.6591440117983,50660.5918211689,1.83141405873055e-05,1718.24854818382,0.116229063725768,1.99963920243165,-0.00925048804504388,0
GFM-MWT,h_mp,h,mp,100,15.8489319246111,50660.5918211689,2.48954440508015e-05,1718.24854818388,0.116229064536637,1.99963920122654,-0.00925048811514865,0
GFM-MWT,h_mp,h,mp,100,21.5443469003188,50660.5918211689,3.38417809742158e-05,1718.24854818416,0.116229065132738,1.99963920033997,-0.00925048816668828,0
GFM-MWT,h_mp,h,mp,100,29.2864456462524,50660.5918211689,4.60030412460116e-05,1718.24854818382,0.116229065571186,1.99963919968779,-0.00925048820459749,0
GFM-MWT,h_mp,h,mp,100,39.8107170553497,50660.5918211689,6.25345281176143e-05,1718.24854818383,0.116229065893543,1.99963919920803,-0.00925048823247039,0
GFM-MWT,h_mp,h,mp,100,54.1169526546464,50660.5918211689,8.50067104472519e-05,1718.2485481842,0.116229066130665,1.99963919885508,-0.00925048825297358,0
GFM-MWT,h_mp,h,mp,100,73.5642254459641,50660.5918211689,0.000115554415114032,1718.24854818401,0.11622906630496,1.99963919859543,-0.0092504882680453,0
GFM-MWT,h_mp,h,mp,100,100,50660.5918211689,0.00015707963267949,1718.24854818402,0.116229066433376,1.99963919840444,-0.00925048827914831,0
GFM-MWT+AD,h_mp,h,mp,0.01,0.01,5.06605918211689,1.5707963267949e-08,1718.25082629128,0.120837144121755,1.99865185070175,-0.00962195517340062,0
GFM-MWT+AD,h_mp,h,mp,0.01,0.0135935639087853,5.06605918211689,2.13527202559716e-08,1718.25102376908,0.122574684020339,1.99830068900211,-0.0097620129951205,0
GFM-MWT+AD,h_mp,h,mp,0.01,0.0184784979742229,5.06605918211689,2.90259567425963e-08,1718.25104940076,0.124941667952681,1.9978254312659,-0.00995287116309575,0
GFM-MWT+AD,h_mp,h,mp,0.01,0.0251188643150958,5.06605918211689,3.94566197994119e-08,1718.25091482308,0.128168319671823,1.99718325247479,-0.0102131628100409,0
GFM-MWT+AD,h_mp,h,mp,0.01,0.034145488738336,5.06605918211689,5.36356082867947e-08,1718.25068102313,0.132570640746638,1.99631742574449,-0.0105685068690001,0
GFM-MWT+AD,h_mp,h,mp,0.01,0.0464158883361278,5.06605918211689,7.29099069033116e-08,1718.25041601967,0.138583278690098,1.99515356516958,-0.011054219880198,0
GFM-MWT+AD,h_mp,h,mp,0.01,0.0630957344480193,5.06605918211689,9.9110547907375e-08,1718.25016624657,0.146805176883777,1.99359552727938,-0.0117191099035889,0
GFM-MWT+AD,h_mp,h,mp,0.01,0.0857695898590894,5.06605918211689,1.34726556701362e-07,1718.2499531318,0.158062398447892,1.9915216269587,-0.0126307467293856,0
GFM-MWT+AD,h_mp,h,mp,0.01,0.116591440117983,5.06605918211689,1.83141405873055e-07,1718.2497814143,0.173492681732677,1.98878257808158,-0.0138826421971516,0
GFM-MWT+AD,h_mp,h,mp,0.01,0.158489319246111,5.06605918211689,2.48954440508015e-07,1718.24964766061,0.194654133457388,1.98520378941779,-0.015603635276469,0
GFM-MWT+AD,h_mp,h,mp,0.01,0.215443469003188,5.06605918211689,3.38417809742158e-07,1718.24954558769,0.223652793502397,1.98059630054556,-0.0179691845395514,0
GFM-MWT+AD,h_mp,h,mp,0.01,0.292864456462524,5.06605918211689,4.60030412460116e-07,1718.24946866808,0.263265995874716,1.9747821658564,-0.0212127986042162,0
GFM-MWT+AD,h_mp,h,mp,0.01,0.398107170553497,5.06605918211689,6.25345281176143e-07,1718.24941116264,0.317007813312502,1.96763988025389,-0.0256331368790062,0
GFM-MWT+AD,h_mp,h,mp,0.01,0.541169526546464,5.06605918211689,8.50067104472518e-07,1718.24936839158,0.389047463186951,1.95917098553327,-0.0315888335540648,0
GFM-MWT+AD,h_mp,h,mp,0.01,0.735642254459641,5.06605918211689,1.15554415114032e-06,1718.24933668573,0.483877609205488,1.9495792169225,-0.0394708249936922,0
GFM-MWT+AD,h_mp,h,mp,0.01,1,5.06605918211689,1.5707963267949e-06,1718.24931323684,0.60566413143472,1.93934231694749,-0.0496434207057091,0
GFM-MWT+AD,h_mp,h,mp,0.01,1.35935639087853,5.06605918211689,2.13527202559716e-06,1718.249295921,0.757277751188497,1.92924996100005,-0.0623506522953471,0
GFM-MWT+AD,h_mp,h,mp,0.01,1.84784979742229,5.06605918211689,2.90259567425963e-06,1718.24928314801,0.939077101304678,1.92037574868402,-0.0775932311993936,0
GFM-MWT+AD,h_mp,h,mp,0.01,2.51188643150958,5.06605918211689,3.94566197994119e-06,1718.24927373325,1.14765747227801,1.91394001700601,-0.0950025669064933,0
GFM-MWT+AD,h_mp,h,mp,0.01,3.4145488738336,5.06605918211689,5.36356082867947e-06,1718.24926679777,1.37512907542452,1.91103173153013,-0.113780064558367,0
GFM-MWT+AD,h_mp,h,mp,0.01,4.64158883361278,5.06605918211689,7.29099069033116e-06,1718.24926168986,1.609768327696,1.91224915559316,-0.132793154847828,0
GFM-MWT+AD,h_mp,h,mp,0.01,6.30957344480193,5.06605918211689,9.9110547907375e-06,1718.24925792977,1.83836139910725,1.91744990324559,-0.150844314953013,0
GFM-MWT+AD,h_mp,h,mp,0.01,8.57695898590894,5.06605918211689,1.34726556701362e-05,1718.24925516225,2.04927935544951,1.92579024386581,-0.166982720458003,0
GFM-MWT+AD,h_mp,h,mp,0.01,11.6591440117983,5.06605918211689,1.83141405873055e-05,1718.24925312524,2.23470335797257,1.93603050212324,-0.180684273049821,0
GFM-MWT+AD,h_mp,h,mp,0.01,15.8489319246111,5.06605918211689,2.48954440508015e-05,1718.24925162675,2.39120052531913,1.94691059725518,-0.191843662632081,0
GFM-MWT+AD,h_mp,h,mp,0.01,21.5443469003188,5.06605918211689,3.38417809742158e-05,1718.24925052347,2.51898408721906,1.95741869936733,-0.20064971664981,0
GFM-MWT+AD,h_mp,h,mp,0.01,29.2864456462524,5.06605918211689,4.60030412460116e-05,1718.24924971188,2.62063546165143,1.96689777637098,-0.207440597198938,0
GFM-MWT+AD,h_mp,h,mp,0.01,39.8107170553497,5.06605918211689,6.25345281176143e-05,1718.24924911541,2.69988895761068,1.97502616697056,-0.212593646830047,0
GFM-MWT+AD,h_mp,h,mp,0.01,54.1169526546464,5.06605918211689,8.50067104472519e-05,1718.24924867584,2.7607460943028,1.98173529874755,-0.216461330860386,0
GFM-MWT+AD,h_mp,h,mp,0.01,73.5642254459641,5.06605918211689,0.000115554415114032,1718.24924835277,2.80694868807175,1.98711533399106,-0.219343396799463,0
GFM-MWT+AD,h_mp,h,mp,0.01,100,5.06605918211689,0.00015707963267949,1718.24924811531,2.84173180209292,1.99133640654711,-0.221481036721193,0
GFM-MWT+AD,h_mp,h,mp,0.0135935639087853,0.01,6.88657992577943,1.5707963267949e-08,1718.25036930678,0.120835745414869,1.99865167940036,-0.00962184463282878,0
GFM-MWT+AD,h_mp,h,mp,0.0135935639087853,0.0135935639087853,6.88657992577943,2.13527202559716e-08,1718.2503881601,0.122572108932327,1.99830037200539,-0.00976180947958361,0
GFM-MWT+AD,h_mp,h,mp,0.0135935639087853,0.0184784979742229,6.88657992577943,2.90259567425963e-08,1718.25028915752,0.124936933409631,1.99782484438638,-0.00995249696942454,0
GFM-MWT+AD,h_mp,h,mp,0.0135935639087853,0.0251188643150958,6.88657992577943,3.94566197994119e-08,1718.25011716372,0.128159630613515,1.99718216530705,-0.0102124760484687,0
GFM-MWT+AD,h_mp,h,mp,0.0135935639087853,0.034145488738336,6.88657992577943,5.36356082867947e-08,1718.2499222159,0.132554733831715,1.99631541038754,-0.0105672495811496,0
GFM-MWT+AD,h_mp,h,mp,0.0135935639087853,0.0464158883361278,6.88657992577943,7.29099069033116e-08,1718.2497384719,0.138554257181862,1.99514982609976,-0.0110519259458958,0
GFM-MWT+AD,h_mp,h,mp,0.0135935639087853,0.0630957344480193,6.88657992577943,9.9110547907375e-08,1718.24958169657,0.146752474602344,1.99358858425976,-0.0117149441762395,0
GFM-MWT+AD,h_mp,h,mp,0.0135935639087853,0.0857695898590894,6.88657992577943,1.34726556701362e-07,1718.24945537427,0.157967301445844,1.99150872501826,-0.0126232305166798,0
GFM-MWT+AD,h_mp,h,mp,0.0135935639087853,0.116591440117983,6.88657992577943,1.83141405873055e-07,1718.24935697944,0.173322577513029,1.98875859564992,-0.013869200528863,0
GFM-MWT+AD,h_mp,h,mp,0.0135935639087853,0.158489319246111,6.88657992577943,2.48954440508015e-07,1718.24928189072,0.194353451586769,1.98515924098275,-0.0155798877569401,0
GFM-MWT+AD,h_mp,h,mp,0.0135935639087853,0.215443469003188,6.88657992577943,3.38417809742158e-07,1718.2492253056,0.223129739118004,1.98051375996183,-0.0179279206215792,0
GFM-MWT+AD,h_mp,h,mp,0.0135935639087853,0.292864456462524,6.88657992577943,4.60030412460116e-07,1718.24918300235,0.262375241757346,1.97463008208794,-0.0211426852795978,0
GFM-MWT+AD,h_mp,h,mp,0.0135935639087853,0.398107170553497,6.88657992577943,6.25345281176143e-07,1718.24915153826,0.315532099463288,1.96736243121744,-0.0255174848258276,0
GFM-MWT+AD,h_mp,h,mp,0.0135935639087853,0.541169526546464,6.88657992577943,8.50067104472518e-07,1718.24912821449,0.386686017934634,1.95867258404158,-0.031405266276483,0
GFM-MWT+AD,h_mp,h,mp,0.0135935639087853,0.735642254459641,6.88657992577943,1.15554415114032e-06,1718.2491109643,0.480255917033699,1.94870290271728,-0.0391934417022396,0
GFM-MWT+AD,h_mp,h,mp,0.0135935639087853,1,6.88657992577943,1.5707963267949e-06,1718.24909822566,0.600386821258929,1.93784289478597,-0.0492499025518313,0
GFM-MWT+AD,h_mp,h,mp,0.0135935639087853,1.35935639087853,6.88657992577943,2.13527202559716e-06,1718.24908883026,0.75005310510925,1.92676607389028,-0.0618374000022752,0
GFM-MWT+AD,h_mp,h,mp,0.0135935639087853,1.84784979742229,6.88657992577943,2.90259567425963e-06,1718.24908190393,0.929938633093102,1.91641143969521,-0.0770006422985522,0
GFM-MWT+AD,h_mp,h,mp,0.0135935639087853,2.51188643150958,6.88657992577943,3.94566197994119e-06,1718.24907680177,1.13726554742058,1.90787468696308,-0.0944466347165846,0
GFM-MWT+AD,h_mp,h,mp,0.0135935639087853,3.4145488738336,6.88657992577943,5.36356082867947e-06,1718.24907304462,1.3650321857501,1.9021779288655,-0.113474335219452,0
GFM-MWT+AD,h_mp,h,mp,0.0135935639087853,4.64158883361278,6.88657992577943,7.29099069033116e-06,1718.24907027806,1.60241537459007,1.89995658496412,-0.133037434035394,0
GFM-MWT+AD,h_mp,h,mp,0.0135935639087853,6.30957344480193,6.88657992577943,9.9110547907375e-06,1718.24906824233,1.83674151511442,1.90122021384283,-0.15197139474268,0
GFM-MWT+AD,h_mp,h,mp,0.0135935639087853,8.57695898590894,6.88657992577943,1.34726556701362e-05,1718.24906674378,2.05631199542184,1.90535647449265,-0.169285241609167,0
GFM-MWT+AD,h_mp,h,mp,0.0135935639087853,11.6591440117983,6.88657992577943,1.83141405873055e-05,1718.24906564116,2.25265598926334,1.91137925908459,-0.184356949461593,0
GFM-MWT+AD,h_mp,h,mp,0.0135935639087853,15.8489319246111,6.88657992577943,2.48954440508015e-05,1718.24906482981,2.42134521525773,1.91825400749328,-0.196960480257639,0
GFM-MWT+AD,h_mp,h,mp,0.0135935639087853,21.5443469003188,6.88657992577943,3.38417809742158e-05,1718.24906423315,2.56154564568734,1.92513544219161,-0.207173803048767,0
GFM-MWT+AD,h_mp,h,mp,0.0135935639087853,29.2864456462524,6.88657992577943,4.60030412460116e-05,1718.24906379371,2.67496578024116,1.93146308603257,-0.215253434831504,0
GFM-MWT+AD,h_mp,h,mp,0.0135935639087853,39.8107170553497,6.88657992577943,6.25345281176143e-05,1718.24906347088,2.76475464244171,1.93694692505074,-0.22152974223672,0
GFM-MWT+AD,h_mp,h,mp,0.0135935639087853,54.1169526546464,6.88657992577943,8.50067104472519e-05,1718.24906323331,2.8346244929992,1.94150027918937,-0.226338722731801,0
GFM-MWT+AD,h_mp,h,mp,0.0135935639087853,73.5642254459641,6.88657992577943,0.000115554415114032,1718.24906305824,2.8882659817359,1.94516391080192,-0.229985552755213,0
GFM-MWT+AD,h_mp,h,mp,0.0135935639087853,100,6.88657992577943,0.00015707963267949,1718.24906292982,2.92901975955093,1.94804382165661,-0.232729712568537,0
GFM-MWT+AD,h_mp,h,mp,0.0184784979742229,0.01,9.36131643340403,1.5707963267949e-08,1718.24990172674,0.120833843305756,1.99865144670268,-0.00962169430683973,0
GFM-MWT+AD,h_mp,h,mp,0.0184784979742229,0.0135935639087853,9.36131643340403,2.13527202559716e-08,1718.24982889545,0.12256860653279,1.9982999414983,-0.00976153267309122,0
GFM-MWT+AD,h_mp,h,mp,0.0184784979742229,0.0184784979742229,9.36131643340403,2.90259567425963e-08,1718.24970236899,0.124930492605282,1.99782404761349,-0.00995198791335299,0
GFM-MWT+AD,h_mp,h,mp,0.0184784979742229,0.0251188643150958,9.36131643340403,3.94566197994119e-08,1718.24955895719,0.128147806814653,1.99718068996001,-0.0102115415029321,0
GFM-MWT+AD,h_mp,h,mp,0.0184784979742229,0.034145488738336,9.36131643340403,5.36356082867947e-08,1718.24942378738,0.132533079742532,1.99631267699167,-0.0105655379770688,0
GFM-MWT+AD,h_mp,h,mp,0.0184784979742229,0.0464158883361278,9.36131643340403,7.29099069033116e-08,1718.24930845657,0.138514728639362,1.99514475864201,-0.0110488013544172,0
GFM-MWT+AD,h_mp,h,mp,0.0184784979742229,0.0630957344480193,9.36131643340403,9.9110547907375e-08,1718.24921552869,0.146680636917419,1.99357918359949,-0.011709265516871,0
GFM-MWT+AD,h_mp,h,mp,0.0184784979742229,0.0857695898590894,9.36131643340403,1.34726556701362e-07,1718.24914314585,0.157837535607619,1.99149127731816,-0.012612973012004,0
GFM-MWT+AD,h_mp,h,mp,0.0184784979742229,0.116591440117983,9.36131643340403,1.83141405873055e-07,1718.24908790714,0.173090099685353,1.98872621191791,-0.0138508268161184,0
GFM-MWT+AD,h_mp,h,mp,0.0184784979742229,0.158489319246111,9.36131643340403,2.48954440508015e-07,1718.24904628111,0.193941596700673,1.98509919408588,-0.0155473505272615,0
GFM-MWT+AD,h_mp,h,mp,0.0184784979742229,0.215443469003188,9.36131643340403,3.38417809742158e-07,1718.2490151611,0.22241096061051,1.98040273088255,-0.0178711885776214,0
GFM-MWT+AD,h_mp,h,mp,0.0184784979742229,0.292864456462524,9.36131643340403,4.60030412460116e-07,1718.24899201457,0.261145337072248,1.97442596298039,-0.0210457958203121,0
GFM-MWT+AD,h_mp,h,mp,0.0184784979742229,0.398107170553497,9.36131643340403,6.25345281176143e-07,1718.24897485692,0.313480216998324,1.96699090454149,-0.0253564388228818,0
GFM-MWT+AD,h_mp,h,mp,0.0184784979742229,0.541169526546464,9.36131643340403,8.50067104472518e-07,1718.2489621668,0.383368510243923,1.95800664923758,-0.0311466717890687,0
GFM-MWT+AD,h_mp,h,mp,0.0184784979742229,0.735642254459641,9.36131643340403,1.15554415114032e-06,1718.24895279628,0.475089246085456,1.94753431108732,-0.0387956594819007,0
GFM-MWT+AD,h_mp,h,mp,0.0184784979742229,1,9.36131643340403,1.5707963267949e-06,1718.24894588369,0.592682243968901,1.93584648233256,-0.0486694193564656,0
GFM-MWT+AD,h_mp,h,mp,0.0184784979742229,1.35935639087853,9.36131643340403,2.13527202559716e-06,1718.24894078904,0.739123632980596,1.92346200830591,-0.0610439918406725,0
GFM-MWT+AD,h_mp,h,mp,0.0184784979742229,1.84784979742229,9.36131643340403,2.90259567425963e-06,1718.24893703551,0.915309487567938,1.91113813402678,-0.0760042708343367,0
GFM-MWT+AD,h_mp,h,mp,0.0184784979742229,2.51188643150958,9.36131643340403,3.94566197994119e-06,1718.24893427144,1.11898116593529,1.89979611692117,-0.0933331746848091,0
GFM-MWT+AD,h_mp,h,mp,0.0184784979742229,3.4145488738336,9.36131643340403,5.36356082867947e-06,1718.24893223709,1.34394338104678,1.89035242324042,-0.112433519469692,0
GFM-MWT+AD,h_mp,h,mp,0.0184784979742229,4.64158883361278,9.36131643340403,7.29099069033116e-06,1718.24893073885,1.5802210837366,1.88347107954659,-0.132355302545069,0
GFM-MWT+AD,h_mp,h,mp,0.0184784979742229,6.30957344480193,9.36131643340403,9.9110547907375e-06,1718.24892963661,1.81564083343204,1.87934915140487,-0.151973736397248,0
GFM-MWT+AD,h_mp,h,mp,0.0184784979742229,8.57695898590894,9.36131643340403,1.34726556701362e-05,1718.24892882555,2.03841209826212,1.87768219143778,-0.170256040089362,0
GFM-MWT+AD,h_mp,h,mp,0.0184784979742229,11.6591440117983,9.36131643340403,1.83141405873055e-05,1718.24892822886,2.23946808555676,1.87783630470031,-0.186475584387289,0
GFM-MWT+AD,h_mp,h,mp,0.0184784979742229,15.8489319246111,9.36131643340403,2.48954440508015e-05,1718.24892778965,2.41358446376923,1.8791003544879,-0.200282363624857,0
GFM-MWT+AD,h_mp,h,mp,0.0184784979742229,21.5443469003188,9.36131643340403,3.38417809742158e-05,1718.24892746675,2.55921740619531,1.88087502403188,-0.211648710299975,0
GFM-MWT+AD,h_mp,h,mp,0.0184784979742229,29.2864456462524,9.36131643340403,4.60030412460116e-05,1718.24892722901,2.67759603754515,1.88274790950303,-0.220761640656534,0
GFM-MWT+AD,h_mp,h,mp,0.0184784979742229,39.8107170553497,9.36131643340403,6.25345281176143e-05,1718.24892705426,2.77163093531653,1.88448330599738,-0.227918501779983,0
GFM-MWT+AD,h_mp,h,mp,0.0184784979742229,54.1169526546464,9.36131643340403,8.50067104472519e-05,1718.24892692554,2.84497738376697,1.88597540250062,-0.233450033594799,0
GFM-MWT+AD,h_mp,h,mp,0.0184784979742229,73.5642254459641,9.36131643340403,0.000115554415114032,1718.24892683084,2.90137710908111,1.88719879530405,-0.237673218198373,0
GFM-MWT+AD,h_mp,h,mp,0.0184784979742229,100,9.36131643340403,0.00015707963267949,1718.24892676114,2.9442712777933,1.88817053077691,-0.24086751625723,0
GFM-MWT+AD,h_mp,h,mp,0.0251188643150958,0.01,12.7253653207839,1.5707963267949e-08,1718.24949030885,0.120831256239382,1.99865113068172,-0.00962148984551817,0
GFM-MWT+AD,h_mp,h,mp,0.0251188643150958,0.0135935639087853,12.7253653207839,2.13527202559716e-08,1718.2493972302,0.12256384195101,1.99829935703073,-0.00976115610608453,0
GFM-MWT+AD,h_mp,h,mp,0.0251188643150958,0.0184784979742229,12.7253653207839,2.90259567425963e-08,1718.24929173038,0.124921728269067,1.99782296637691,-0.00995129519890438,0
GFM-MWT+AD,h_mp,h,mp,0.0251188643150958,0.0251188643150958,12.7253653207839,3.94566197994119e-08,1718.249192294,0.128131711446274,1.99717868906669,-0.0102102692949118,0
GFM-MWT+AD,h_mp,h,mp,0.0251188643150958,0.034145488738336,12.7253653207839,5.36356082867947e-08,1718.24910745185,0.132503587225435,1.99630897281252,-0.0105632066937403,0
GFM-MWT+AD,h_mp,h,mp,0.0251188643150958,0.0464158883361278,12.7253653207839,7.29099069033116e-08,1718.24903909023,0.138460852048348,1.99513789847998,-0.0110445423159999,0
GFM-MWT+AD,h_mp,h,mp,0.0251188643150958,0.0630957344480193,12.7253653207839,9.9110547907375e-08,1718.24898584236,0.146582623375775,1.99356647416228,-0.0117015169235242,0
GFM-MWT+AD,h_mp,h,mp,0.0251188643150958,0.0857695898590894,12.7253653207839,1.34726556701362e-07,1718.24894520659,0.157660230954777,1.99146772830271,-0.0125989556069187,0
GFM-MWT+AD,h_mp,h,mp,0.0251188643150958,0.116591440117983,12.7253653207839,1.83141405873055e-07,1718.24891458468,0.172771804391258,1.98868259565374,-0.0138256645739799,0
GFM-MWT+AD,h_mp,h,mp,0.0251188643150958,0.158489319246111,12.7253653207839,2.48954440508015e-07,1718.24889169155,0.193376055204865,1.98501852502854,-0.0155026545732829,0
GFM-MWT+AD,h_mp,h,mp,0.0251188643150958,0.215443469003188,12.7253653207839,3.38417809742158e-07,1718.24887466432,0.221419797352919,1.98025401375105,-0.017792907515583,0
GFM-MWT+AD,h_mp,h,mp,0.0251188643150958,0.292864456462524,12.7253653207839,4.60030412460116e-07,1718.24886204228,0.259439002365236,1.97415346893801,-0.0209112267449326,0
GFM-MWT+AD,h_mp,h,mp,0.0251188643150958,0.398107170553497,12.7253653207839,6.25345281176143e-07,1718.24885270721,0.310608357003779,1.96649670531999,-0.0251306003028674,0
GFM-MWT+AD,h_mp,h,mp,0.0251188643150958,0.541169526546464,12.7253653207839,8.50067104472518e-07,1718.24884581359,0.37866603480069,1.95712412796745,-0.0307788439227472,0
GFM-MWT+AD,h_mp,h,mp,0.0251188643150958,0.735642254459641,12.7253653207839,1.15554415114032e-06,1718.2488407284,0.467631014571034,1.94599148415343,-0.0382177492754019,0
GFM-MWT+AD,h_mp,h,mp,0.0251188643150958,1,12.7253653207839,1.5707963267949e-06,1718.24883698016,0.581265906969741,1.93322069340615,-0.0477987851011891,0
GFM-MWT+AD,h_mp,h,mp,0.0251188643150958,1.35935639087853,12.7253653207839,2.13527202559716e-06,1718.24883421933,0.722309164687263,1.91913264232399,-0.0597943971346625,0
GFM-MWT+AD,h_mp,h,mp,0.0251188643150958,1.84784979742229,12.7253653207839,2.90259567425963e-06,1718.24883218594,0.891554687552602,1.90425340434964,-0.0743089301493483,0
GFM-MWT+AD,h_mp,h,mp,0.0251188643150958,2.51188643150958,12.7253653207839,3.94566197994119e-06,1718.24883068894,1.08689735450782,1.88928390224834,-0.0911797892678273,0
GFM-MWT+AD,h_mp,h,mp,0.0251188643150958,3.4145488738336,12.7253653207839,5.36356082867947e-06,1718.24882958726,1.30260794573965,1.87501188937652,-0.109898365652751,0
GFM-MWT+AD,h_mp,h,mp,0.0251188643150958,4.64158883361278,12.7253653207839,7.29099069033116e-06,1718.24882877591,1.52935988552386,1.86215630760248,-0.12960894184845,0
GFM-MWT+AD,h_mp,h,mp,0.0251188643150958,6.30957344480193,12.7253653207839,9.9110547907375e-06,1718.24882818005,1.75551892026519,1.85119405937099,-0.149239111609397,0
GFM-MWT+AD,h_mp,h,mp,0.0251188643150958,8.57695898590894,12.7253653207839,1.34726556701362e-05,1718.24882774025,1.96952283205166,1.84227078956307,-0.167737611225201,0
GFM-MWT+AD,h_mp,h,mp,0.0251188643150958,11.6591440117983,12.7253653207839,1.83141405873055e-05,1718.24882741771,2.16229537123657,1.83524903636827,-0.184304471047342,0
GFM-MWT+AD,h_mp,h,mp,0.0251188643150958,15.8489319246111,12.7253653207839,2.48954440508015e-05,1718.24882718001,2.3285813632093,1.82983896997041,-0.198503928617108,0
GFM-MWT+AD,h_mp,h,mp,0.0251188643150958,21.5443469003188,12.7253653207839,3.38417809742158e-05,1718.24882700493,2.46690987382419,1.82571889164264,-0.210243459072033,0
GFM-MWT+AD,h_mp,h,mp,0.0251188643150958,29.2864456462524,12.7253653207839,4.60030412460116e-05,1718.24882687621,2.57866113436173,1.82260109921786,-0.219675945910565,0
GFM-MWT+AD,h_mp,h,mp,0.0251188643150958,39.8107170553497,12.7253653207839,6.25345281176143e-05,1718.24882678183,2.66688819392717,1.82025161482221,-0.227089095785997,0
GFM-MWT+AD,h_mp,h,mp,0.0251188643150958,54.1169526546464,12.7253653207839,8.50067104472519e-05,1718.24882671215,2.73531864474564,1.81848737671633,-0.232817948425047,0
GFM-MWT+AD,h_mp,h,mp,0.0251188643150958,73.5642254459641,12.7253653207839,0.000115554415114032,1718.24882666088,2.78768358159242,1.81716706484706,-0.237189364135698,0
GFM-MWT+AD,h_mp,h,mp,0.0251188643150958,100,12.7253653207839,0.00015707963267949,1718.24882662348,2.82734984954765,1.81618210980998,-0.240493468577687,0
GFM-MWT+AD,h_mp,h,mp,0.034145488738336,0.01,17.2983066750716,1.5707963267949e-08,1718.24917275849,0.120827736872753,1.99865070164908,-0.00962121169823141,0
GFM-MWT+AD,h_mp,h,mp,0.034145488738336,0.0135935639087853,17.2983066750716,2.13527202559716e-08,1718.24909514818,0.12255735859959,1.99829856391296,-0.0097606436856815,0
GFM-MWT+AD,h_mp,h,mp,0.034145488738336,0.0184784979742229,17.2983066750716,2.90259567425963e-08,1718.24902199818,0.124909797856058,1.99782150003716,-0.00995035221593404,0
GFM-MWT+AD,h_mp,h,mp,0.034145488738336,0.0251188643150958,17.2983066750716,3.94566197994119e-08,1718.24895958533,0.128109790494348,1.99717597771761,-0.0102085365474127,0
GFM-MWT+AD,h_mp,h,mp,0.034145488738336,0.034145488738336,17.2983066750716,5.36356082867947e-08,1718.24890929557,0.132463391775467,1.99630395879634,-0.0105600291836401,0
GFM-MWT+AD,h_mp,h,mp,0.034145488738336,0.0464158883361278,17.2983066750716,7.29099069033116e-08,1718.24887012448,0.138387351770743,1.99512862565144,-0.011038731466778,0
GFM-MWT+AD,h_mp,h,mp,0.034145488738336,0.0630957344480193,17.2983066750716,9.9110547907375e-08,1718.24884023096,0.146448728261097,1.9935493266107,-0.0116909302420623,0
GFM-MWT+AD,h_mp,h,mp,0.034145488738336,0.0857695898590894,17.2983066750716,1.34726556701362e-07,1718.24881770409,0.157417556434256,1.9914360312466,-0.0125797662477884,0
GFM-MWT+AD,h_mp,h,mp,0.034145488738336,0.116591440117983,17.2983066750716,1.83141405873055e-07,1718.2488008633,0.172334991407336,1.98862406318261,-0.0137911221141532,0
GFM-MWT+AD,h_mp,h,mp,0.034145488738336,0.158489319246111,17.2983066750716,2.48954440508015e-07,1718.24878833686,0.19259699379762,1.98491066590446,-0.0154410521777326,0
GFM-MWT+AD,h_mp,h,mp,0.034145488738336,0.215443469003188,17.2983066750716,3.38417809742158e-07,1718.24877905208,0.22004708151283,1.98005604572935,-0.017684400445692,0
GFM-MWT+AD,h_mp,h,mp,0.034145488738336,0.292864456462524,17.2983066750716,4.60030412460116e-07,1718.24877218479,0.257057784970334,1.97379258998964,-0.0207231659382731,0
GFM-MWT+AD,h_mp,h,mp,0.034145488738336,0.398107170553497,17.2983066750716,6.25345281176143e-07,1718.24876711363,0.306557489600483,1.96584600589469,-0.024811261807877,0
GFM-MWT+AD,h_mp,h,mp,0.034145488738336,0.541169526546464,17.2983066750716,8.50067104472518e-07,1718.24876337282,0.371933273958193,1.95596965156154,-0.0302499220136598,0
GFM-MWT+AD,h_mp,h,mp,0.034145488738336,0.735642254459641,17.2983066750716,1.15554415114032e-06,1718.24876061586,0.456731772278595,1.94398783961606,-0.037366670651679,0
GFM-MWT+AD,h_mp,h,mp,0.034145488738336,1,17.2983066750716,1.5707963267949e-06,1718.24875858372,0.56411627312335,1.92983884492365,-0.0464727350281348,0
GFM-MWT+AD,h_mp,h,mp,0.034145488738336,1.35935639087853,17.2983066750716,2.13527202559716e-06,1718.2487570881,0.696118472543146,1.91361053284935,-0.0577993673318436,0
GFM-MWT+AD,h_mp,h,mp,0.034145488738336,1.84784979742229,17.2983066750716,2.90259567425963e-06,1718.24875598687,0.85280144117867,1.89557103834884,-0.0714196210713985,0
GFM-MWT+AD,h_mp,h,mp,0.034145488738336,2.51188643150958,17.2983066750716,3.94566197994119e-06,1718.24875517652,1.03150111901634,1.8761984599186,-0.0871675492172154,0
GFM-MWT+AD,h_mp,h,mp,0.034145488738336,3.4145488738336,17.2983066750716,5.36356082867947e-06,1718.24875458009,1.2263933457265,1.85619224912249,-0.104577691598006,0
GFM-MWT+AD,h_mp,h,mp,0.034145488738336,4.64158883361278,17.2983066750716,7.29099069033116e-06,1718.24875414087,1.42875297153622,1.83642230877115,-0.122885488760768,0
GFM-MWT+AD,h_mp,h,mp,0.034145488738336,6.30957344480193,17.2983066750716,9.9110547907375e-06,1718.24875381839,1.62821129345785,1.81778759396879,-0.141129903131327,0
GFM-MWT+AD,h_mp,h,mp,0.034145488738336,8.57695898590894,17.2983066750716,1.34726556701362e-05,1718.24875358038,1.81482204953556,1.80102779314273,-0.158350484032309,0
GFM-MWT+AD,h_mp,h,mp,0.034145488738336,11.6591440117983,17.2983066750716,1.83141405873055e-05,1718.2487534061,1.98108621927262,1.78658639709727,-0.173795871203528,0
GFM-MWT+AD,h_mp,h,mp,0.034145488738336,15.8489319246111,17.2983066750716,2.48954440508015e-05,1718.2487532771,2.1230071274118,1.77458768382694,-0.187042864649324,0
GFM-MWT+AD,h_mp,h,mp,0.034145488738336,21.5443469003188,17.2983066750716,3.38417809742158e-05,1718.24875318264,2.23992147776708,1.76490704188924,-0.197991893241036,0
GFM-MWT+AD,h_mp,h,mp,0.034145488738336,29.2864456462524,17.2983066750716,4.60030412460116e-05,1718.24875311286,2.33355774470065,1.75727353974691,-0.206780757956308,0
GFM-MWT+AD,h_mp,h,mp,0.034145488738336,39.8107170553497,17.2983066750716,6.25345281176143e-05,1718.24875306164,2.40693916787245,1.75135883911494,-0.213679056648933,0
GFM-MWT+AD,h_mp,h,mp,0.034145488738336,54.1169526546464,17.2983066750716,8.50067104472519e-05,1718.24875302398,2.46351072575638,1.74683626082481,-0.219002710355998,0
GFM-MWT+AD,h_mp,h,mp,0.034145488738336,73.5642254459641,17.2983066750716,0.000115554415114032,1718.24875299611,2.50659159517061,1.74341238383971,-0.223059760067314,0
GFM-MWT+AD,h_mp,h,mp,0.034145488738336,100,17.2983066750716,0.00015707963267949,1718.24875297568,2.53910184283878,1.74083949646591,-0.226122887091016,0
GFM-MWT+AD,h_mp,h,mp,0.0464158883361278,0.01,23.5145637301352,1.5707963267949e-08,1718.24895053486,0.120822947966611,1.99865011946304,-0.00962083320705004,0
GFM-MWT+AD,h_mp,h,mp,0.0464158883361278,0.0135935639087853,23.5145637301352,2.13527202559716e-08,1718.24889672281,0.122548533276001,1.99829748833798,-0.00975994614396263,0
GFM-MWT+AD,h_mp,h,mp,0.0464158883361278,0.0184784979742229,23.5145637301352,2.90259567425963e-08,1718.24885080885,0.124893549710786,1.99781951313954,-0.00994906790558947,0
GFM-MWT+AD,h_mp,h,mp,0.0464158883361278,0.0251188643150958,23.5145637301352,3.94566197994119e-08,1718.24881381361,0.128079915659354,1.99717230792948,-0.0102061749458086,0
GFM-MWT+AD,h_mp,h,mp,0.0464158883361278,0.034145488738336,23.5145637301352,5.36356082867947e-08,1718.24878499779,0.132408560083701,1.99629718246639,-0.0105556942952784,0
GFM-MWT+AD,h_mp,h,mp,0.0464158883361278,0.0464158883361278,23.5145637301352,7.29099069033116e-08,1718.24876300694,0.138286958101819,1.99511611833025,-0.0110307934916091,0
GFM-MWT+AD,h_mp,h,mp,0.0464158883361278,0.0630957344480193,23.5145637301352,9.9110547907375e-08,1718.24874643553,0.146265514252182,1.99352625760809,-0.0116764414520674,0
GFM-MWT+AD,h_mp,h,mp,0.0464158883361278,0.0857695898590894,23.5145637301352,1.34726556701362e-07,1718.24873404653,0.157084672002537,1.99139353171928,-0.0125534363924607,0
GFM-MWT+AD,h_mp,h,mp,0.0464158883361278,0.116591440117983,23.5145637301352,1.83141405873055e-07,1718.2487248316,0.171733737403201,1.98854592012624,-0.0137435557671553,0
GFM-MWT+AD,h_mp,h,mp,0.0464158883361278,0.158489319246111,23.5145637301352,2.48954440508015e-07,1718.24871800097,0.19151951197008,1.9847674491454,-0.0153557955015477,0
GFM-MWT+AD,h_mp,h,mp,0.0464158883361278,0.215443469003188,23.5145637301352,3.38417809742158e-07,1718.24871294904,0.218135909885247,1.97979493741383,-0.0175331651708136,0
GFM-MWT+AD,h_mp,h,mp,0.0464158883361278,0.292864456462524,23.5145637301352,4.60030412460116e-07,1718.24870921843,0.253712070689757,1.97332046509487,-0.020458450420165,0
GFM-MWT+AD,h_mp,h,mp,0.0464158883361278,0.398107170553497,23.5145637301352,6.25345281176143e-07,1718.24870646694,0.300794689460254,1.96500295959515,-0.0243555666801759,0
GFM-MWT+AD,h_mp,h,mp,0.0464158883361278,0.541169526546464,23.5145637301352,8.50067104472518e-07,1718.24870443845,0.362195968854722,1.95449119269756,-0.0294809324767911,0
GFM-MWT+AD,h_mp,h,mp,0.0464158883361278,0.735642254459641,23.5145637301352,1.15554415114032e-06,1718.24870294414,0.440631938262144,1.94145776609373,-0.0360981556293764,0
GFM-MWT+AD,h_mp,h,mp,0.0464158883361278,1,23.5145637301352,1.5707963267949e-06,1718.24870184439,0.538119160917321,1.9256422123662,-0.0444317969690997,0
GFM-MWT+AD,h_mp,h,mp,0.0464158883361278,1.35935639087853,23.5145637301352,2.13527202559716e-06,1718.24870103359,0.655207968777942,1.90690605536563,-0.0546036407221283,0
GFM-MWT+AD,h_mp,h,mp,0.0464158883361278,1.84784979742229,23.5145637301352,2.90259567425963e-06,1718.24870043757,0.790274533843708,1.88531081913064,-0.0665657518728341,0
GFM-MWT+AD,h_mp,h,mp,0.0464158883361278,2.51188643150958,23.5145637301352,3.94566197994119e-06,1718.24869999852,0.939193744948947,1.8612219748043,-0.0800536368783927,0
GFM-MWT+AD,h_mp,h,mp,0.0464158883361278,3.4145488738336,23.5145637301352,5.36356082867947e-06,1718.24869967552,1.09567297220434,1.83539963520724,-0.0945843006503892,0
GFM-MWT+AD,h_mp,h,mp,0.0464158883361278,4.64158883361278,23.5145637301352,7.29099069033116e-06,1718.2486994379,1.25226927235338,1.80898833688243,-0.109512103657171,0
GFM-MWT+AD,h_mp,h,mp,0.0464158883361278,6.30957344480193,23.5145637301352,9.9110547907375e-06,1718.24869926312,1.40174064129345,1.78333814842504,-0.124131529858099,0
GFM-MWT+AD,h_mp,h,mp,0.0464158883361278,8.57695898590894,23.5145637301352,1.34726556701362e-05,1718.24869913464,1.53821995002276,1.75970264804741,-0.137795966023591,0
GFM-MWT+AD,h_mp,h,mp,0.0464158883361278,11.6591440117983,23.5145637301352,1.83141405873055e-05,1718.24869904001,1.65789067947122,1.73896501752626,-0.150017658385627,0
GFM-MWT+AD,h_mp,h,mp,0.0464158883361278,15.8489319246111,23.5145637301352,2.48954440508015e-05,1718.24869897032,1.75911974304234,1.72152356200055,-0.160521765825833,0
GFM-MWT+AD,h_mp,h,mp,0.0464158883361278,21.5443469003188,23.5145637301352,3.38417809742158e-05,1718.24869891942,1.8421520693158,1.70734858605457,-0.169243790991352,0
GFM-MWT+AD,h_mp,h,mp,0.0464158883361278,29.2864456462524,23.5145637301352,4.60030412460116e-05,1718.24869888166,1.90854773415529,1.69612936086797,-0.176282480088181,0
GFM-MWT+AD,h_mp,h,mp,0.0464158883361278,39.8107170553497,23.5145637301352,6.25345281176143e-05,1718.24869885381,1.96057180138843,1.68742375991997,-0.181835046561221,0
GFM-MWT+AD,h_mp,h,mp,0.0464158883361278,54.1169526546464,23.5145637301352,8.50067104472519e-05,1718.24869883352,2.0006954373219,1.6807661845927,-0.186138729707028,0
GFM-MWT+AD,h_mp,h,mp,0.0464158883361278,73.5642254459641,23.5145637301352,0.000115554415114032,1718.24869881867,2.03126946551585,1.67572842176504,-0.189429993230646,0
GFM-MWT+AD,h_mp,h,mp,0.0464158883361278,100,23.5145637301352,0.00015707963267949,1718.24869880769,2.05435574879356,1.6719454999704,-0.1919217724691,0
GFM-MWT+AD,h_mp,h,mp,0.0630957344480193,0.01,31.9646724852797,1.5707963267949e-08,1718.24880456505,0.120816429238839,1.99864932995733,-0.00962031798474572,0
GFM-MWT+AD,h_mp,h,mp,0.0630957344480193,0.0135935639087853,31.9646724852797,2.13527202559716e-08,1718.24877078881,0.122536514198122,1.99829603098344,-0.00975899613456034,0
GFM-MWT+AD,h_mp,h,mp,0.0630957344480193,0.0184784979742229,31.9646724852797,2.90259567425963e-08,1718.24874357361,0.124871406729896,1.99781682407023,-0.00994731754960737,0
GFM-MWT+AD,h_mp,h,mp,0.0630957344480193,0.0251188643150958,31.9646724852797,3.94566197994119e-08,1718.24872237559,0.128039164947562,1.99716734889591,-0.0102029533546432,0
GFM-MWT+AD,h_mp,h,mp,0.0630957344480193,0.034145488738336,31.9646724852797,5.36356082867947e-08,1718.24870619798,0.13233367364624,1.99628804446683,-0.0105497732516134,0
GFM-MWT+AD,h_mp,h,mp,0.0630957344480193,0.0464158883361278,31.9646724852797,7.29099069033116e-08,1718.24869400711,0.138149611701725,1.99509929858939,-0.0110199319468776,0
GFM-MWT+AD,h_mp,h,mp,0.0630957344480193,0.0630957344480193,31.9646724852797,9.9110547907375e-08,1718.24868489311,0.146014279987057,1.99349534837584,-0.0116565687439104,0
GFM-MWT+AD,h_mp,h,mp,0.0630957344480193,0.0857695898590894,31.9646724852797,1.34726556701362e-07,1718.24867811462,0.156626750917069,1.99133686350611,-0.0125172034681959,0
GFM-MWT+AD,h_mp,h,mp,0.0630957344480193,0.116591440117983,31.9646724852797,1.83141405873055e-07,1718.24867308973,0.170903063724102,1.98844238310192,-0.0136778028711781,0
GFM-MWT+AD,h_mp,h,mp,0.0630957344480193,0.158489319246111,31.9646724852797,2.48954440508015e-07,1718.24866937302,0.190022157044111,1.98457924031488,-0.0152372119883396,0
GFM-MWT+AD,h_mp,h,mp,0.0630957344480193,0.215443469003188,31.9646724852797,3.38417809742158e-07,1718.24866662878,0.215459028634253,1.97945538444972,-0.0173210395663811,0
GFM-MWT+AD,h_mp,h,mp,0.0630957344480193,0.292864456462524,31.9646724852797,4.60030412460116e-07,1718.2486646047,0.248976999720922,1.97271463450736,-0.0200829494867069,0
GFM-MWT+AD,h_mp,h,mp,0.0630957344480193,0.398107170553497,31.9646724852797,6.25345281176143e-07,1718.24866311258,0.292529496524422,1.96393928509649,-0.0236995303070975,0
GFM-MWT+AD,h_mp,h,mp,0.0630957344480193,0.541169526546464,31.9646724852797,8.50067104472518e-07,1718.24866201304,0.348000842604796,1.95266551528085,-0.0283529295122089,0
GFM-MWT+AD,h_mp,h,mp,0.0630957344480193,0.735642254459641,31.9646724852797,1.15554415114032e-06,1718.24866120395,0.416720226697831,1.93841900708759,-0.0341950303761832,0
GFM-MWT+AD,h_mp,h,mp,0.0630957344480193,1,31.9646724852797,1.5707963267949e-06,1718.2486606076,0.49875909715871,1.92078128601138,-0.0412916743355848,0
GFM-MWT+AD,h_mp,h,mp,0.0630957344480193,1.35935639087853,31.9646724852797,2.13527202559716e-06,1718.24866016912,0.592205989008513,1.89949915826975,-0.0495586922557053,0
GFM-MWT+AD,h_mp,h,mp,0.0630957344480193,1.84784979742229,31.9646724852797,2.90259567425963e-06,1718.24865984641,0.692845638190641,1.87463708326516,-0.0587204503503589,0
GFM-MWT+AD,h_mp,h,mp,0.0630957344480193,2.51188643150958,31.9646724852797,3.94566197994119e-06,1718.24865960849,0.794714589207252,1.8467279814534,-0.0683301150662726,0
GFM-MWT+AD,h_mp,h,mp,0.0630957344480193,3.4145488738336,31.9646724852797,5.36356082867947e-06,1718.24865943384,0.891581109864651,1.81682311324184,-0.0778659790399099,0
GFM-MWT+AD,h_mp,h,mp,0.0630957344480193,4.64158883361278,31.9646724852797,7.29099069033116e-06,1718.24865930519,0.97865560476474,1.78635589782902,-0.086863511935628,0
GFM-MWT+AD,h_mp,h,mp,0.0630957344480193,6.30957344480193,31.9646724852797,9.9110547907375e-06,1718.24865921113,1.05354426791871,1.756850322484,-0.0950099506223502,0
GFM-MWT+AD,h_mp,h,mp,0.0630957344480193,8.57695898590894,31.9646724852797,1.34726556701362e-05,1718.24865914125,1.11605841099258,1.72961247169922,-0.102159804854629,0
GFM-MWT+AD,h_mp,h,mp,0.0630957344480193,11.6591440117983,31.9646724852797,1.83141405873055e-05,1718.24865909008,1.16733230051891,1.70553235476341,-0.108291193667027,0
GFM-MWT+AD,h_mp,h,mp,0.0630957344480193,15.8489319246111,31.9646724852797,2.48954440508015e-05,1718.24865905255,1.20894842790864,1.68503293587714,-0.113450512915556,0
GFM-MWT+AD,h_mp,h,mp,0.0630957344480193,21.5443469003188,31.9646724852797,3.38417809742158e-05,1718.2486590251,1.24243801806944,1.66813214341402,-0.117715693209035,0
GFM-MWT+AD,h_mp,h,mp,0.0630957344480193,29.2864456462524,31.9646724852797,4.60030412460116e-05,1718.24865900436,1.26913075530639,1.65456167482869,-0.121180062887058,0
GFM-MWT+AD,h_mp,h,mp,0.0630957344480193,39.8107170553497,31.9646724852797,6.25345281176143e-05,1718.2486589895,1.29017170456343,1.64389383005382,-0.12394586648384,0
GFM-MWT+AD,h_mp,h,mp,0.0630957344480193,54.1169526546464,31.9646724852797,8.50067104472519e-05,1718.24865897835,1.30656523126897,1.63564567304161,-0.126118935002612,0
GFM-MWT+AD,h_mp,h,mp,0.0630957344480193,73.5642254459641,31.9646724852797,0.000115554415114032,1718.24865896993,1.31919631151816,1.62934892179188,-0.127802516886828,0
GFM-MWT+AD,h_mp,h,mp,0.0630957344480193,100,31.9646724852797,0.00015707963267949,1718.24865896421,1.32883288613167,1.62458782429716,-0.12909164368715,0
GFM-MWT+AD,h_mp,h,mp,0.0857695898590894,0.01,43.451381825204,1.5707963267949e-08,1718.24871192265,0.120807551578364,1.99864826024091,-0.00961961629181429,0
GFM-MWT+AD,h_mp,h,mp,0.0857695898590894,0.0135935639087853,43.451381825204,2.13527202559716e-08,1718.24869190215,0.122520134969074,1.99829405869761,-0.00975770142159643,0
GFM-MWT+AD,h_mp,h,mp,0.0857695898590894,0.0184784979742229,43.451381825204,2.90259567425963e-08,1718.2486763078,0.124841203934953,1.99781319062724,-0.00994492990324281,0
GFM-MWT+AD,h_mp,h,mp,0.0857695898590894,0.0251188643150958,43.451381825204,3.94566197994119e-08,1718.24866440689,0.127983513998309,1.99716066266969,-0.0101985533435386,0
GFM-MWT+AD,h_mp,h,mp,0.0857695898590894,0.034145488738336,43.451381825204,5.36356082867947e-08,1718.24865543915,0.132231237804423,1.99627575949555,-0.0105416727366164,0
GFM-MWT+AD,h_mp,h,mp,0.0857695898590894,0.0464158883361278,43.451381825204,7.29099069033116e-08,1718.24864873466,0.137961322704954,1.9950767748851,-0.0110050385382077,0
GFM-MWT+AD,h_mp,h,mp,0.0857695898590894,0.0630957344480193,43.451381825204,9.9110547907375e-08,1718.24864374803,0.145668838864341,1.99345417522184,-0.0116292354791514,0
GFM-MWT+AD,h_mp,h,mp,0.0857695898590894,0.0857695898590894,43.451381825204,1.34726556701362e-07,1718.24864005147,0.155994624001063,1.99126191206031,-0.0124671625684193,0
GFM-MWT+AD,h_mp,h,mp,0.0857695898590894,0.116591440117983,43.451381825204,1.83141405873055e-07,1718.24863731744,0.169750363219403,1.98830674022514,-0.0135864930700608,0
GFM-MWT+AD,h_mp,h,mp,0.0857695898590894,0.158489319246111,43.451381825204,2.48954440508015e-07,1718.24863529851,0.187930108385085,1.98433579585137,-0.0150713445851084,0
GFM-MWT+AD,h_mp,h,mp,0.0857695898590894,0.215443469003188,43.451381825204,3.38417809742158e-07,1718.24863380923,0.211686394538427,1.97902361154402,-0.0170215528675928,0
GFM-MWT+AD,h_mp,h,mp,0.0857695898590894,0.292864456462524,43.451381825204,4.60030412460116e-07,1718.24863271162,0.242232346517565,1.97196167689622,-0.0195465815705436,0
GFM-MWT+AD,h_mp,h,mp,0.0857695898590894,0.398107170553497,43.451381825204,6.25345281176143e-07,1718.24863190297,0.280611538426503,1.96265736450304,-0.0227493377390909,0
GFM-MWT+AD,h_mp,h,mp,0.0857695898590894,0.541169526546464,43.451381825204,8.50067104472518e-07,1718.2486313075,0.327271281607402,1.95055534422432,-0.0266940803213305,0
GFM-MWT+AD,h_mp,h,mp,0.0857695898590894,0.735642254459641,43.451381825204,1.15554415114032e-06,1718.24863086949,0.38142521388717,1.93510270833343,-0.0313553688514418,0
GFM-MWT+AD,h_mp,h,mp,0.0857695898590894,1,43.451381825204,1.5707963267949e-06,1718.24863054666,0.440360099705243,1.91588165435566,-0.0365568716104759,0
GFM-MWT+AD,h_mp,h,mp,0.0857695898590894,1.35935639087853,43.451381825204,2.13527202559716e-06,1718.24863030904,0.499124591850223,1.89281124475989,-0.0419314285339919,0
GFM-MWT+AD,h_mp,h,mp,0.0857695898590894,1.84784979742229,43.451381825204,2.90259567425963e-06,1718.24863013453,0.551184810532039,1.86635400809911,-0.0469509239631006,0
GFM-MWT+AD,h_mp,h,mp,0.0857695898590894,2.51188643150958,43.451381825204,3.94566197994119e-06,1718.24863000533,0.590200100541292,1.83758988287318,-0.0510509879478848,0
GFM-MWT+AD,h_mp,h,mp,0.0857695898590894,3.4145488738336,43.451381825204,5.36356082867947e-06,1718.24862991103,0.612119880376839,1.80804789349567,-0.0538043208351322,0
GFM-MWT+AD,h_mp,h,mp,0.0857695898590894,4.64158883361278,43.451381825204,7.29099069033116e-06,1718.24862984135,0.616339679890718,1.77934912812969,-0.0550452868010497,0
GFM-MWT+AD,h_mp,h,mp,0.0857695898590894,6.30957344480193,43.451381825204,9.9110547907375e-06,1718.24862979019,0.605368845040016,1.75285089510093,-0.0548832916697774,0
GFM-MWT+AD,h_mp,h,mp,0.0857695898590894,8.57695898590894,43.451381825204,1.34726556701362e-05,1718.24862975267,0.583526419126836,1.72944568841369,-0.053622671214472,0
GFM-MWT+AD,h_mp,h,mp,0.0857695898590894,11.6591440117983,43.451381825204,1.83141405873055e-05,1718.24862972459,0.555524968749485,1.70953670812674,-0.0516493946240735,0
GFM-MWT+AD,h_mp,h,mp,0.0857695898590894,15.8489319246111,43.451381825204,2.48954440508015e-05,1718.24862970452,0.525470220281185,1.69312638787818,-0.0493343836647012,0
GFM-MWT+AD,h_mp,h,mp,0.0857695898590894,21.5443469003188,43.451381825204,3.38417809742158e-05,1718.24862968955,0.496384175230605,1.67994595843616,-0.0469745965478349,0
GFM-MWT+AD,h_mp,h,mp,0.0857695898590894,29.2864456462524,43.451381825204,4.60030412460116e-05,1718.24862967819,0.470137577407761,1.66957942574741,-0.0447715680858966,0
GFM-MWT+AD,h_mp,h,mp,0.0857695898590894,39.8107170553497,43.451381825204,6.25345281176143e-05,1718.24862966993,0.447624020578791,1.66156047406428,-0.042836948955099,0
GFM-MWT+AD,h_mp,h,mp,0.0857695898590894,54.1169526546464,43.451381825204,8.50067104472519e-05,1718.24862966446,0.429031515273879,1.65543692982839,-0.0412123669691962,0
GFM-MWT+AD,h_mp,h,mp,0.0857695898590894,73.5642254459641,43.451381825204,0.000115554415114032,1718.24862965992,0.414112116104981,1.65080638195809,-0.0398929429740711,0
GFM-MWT+AD,h_mp,h,mp,0.0857695898590894,100,43.451381825204,0.00015707963267949,1718.24862965665,0.4023984385892,1.64733038762725,-0.0388479182489208,0
GFM-MWT+AD,h_mp,h,mp,0.116591440117983,0.01,59.065913576594,1.5707963267949e-08,1718.24865389104,0.120795453599157,1.99864681261129,-0.00961866001399857,0
GFM-MWT+AD,h_mp,h,mp,0.116591440117983,0.0135935639087853,59.065913576594,2.13527202559716e-08,1718.24864241874,0.122497794593788,1.99829139394555,-0.00975593537581993,0
GFM-MWT+AD,h_mp,h,mp,0.116591440117983,0.0184784979742229,59.065913576594,2.90259567425963e-08,1718.24863366375,0.124799960105899,1.99780829230149,-0.00994166909131477,0
GFM-MWT+AD,h_mp,h,mp,0.116591440117983,0.0251188643150958,59.065913576594,3.94566197994119e-08,1718.24862706656,0.127907398185561,1.99715167589595,-0.010192534433417,0
GFM-MWT+AD,h_mp,h,mp,0.116591440117983,0.034145488738336,59.065913576594,5.36356082867947e-08,1718.2486221348,0.132090835185306,1.99625931537172,-0.0105305676058606,0
GFM-MWT+AD,h_mp,h,mp,0.116591440117983,0.0464158883361278,59.065913576594,7.29099069033116e-08,1718.24861846633,0.137702520703713,1.99504679502144,-0.0109845616954853,0
GFM-MWT+AD,h_mp,h,mp,0.116591440117983,0.0630957344480193,59.065913576594,9.9110547907375e-08,1718.24861574656,0.145192282472342,1.99339979472517,-0.011591511661055,0
GFM-MWT+AD,h_mp,h,mp,0.116591440117983,0.0857695898590894,59.065913576594,1.34726556701362e-07,1718.24861373567,0.155118419919031,1.99116396878585,-0.0123977564342369,0
GFM-MWT+AD,h_mp,h,mp,0.116591440117983,0.116591440117983,59.065913576594,1.83141405873055e-07,1718.24861225042,0.168142996855547,1.98813209076701,-0.0134590479705837,0
GFM-MWT+AD,h_mp,h,mp,0.116591440117983,0.158489319246111,59.065913576594,2.48954440508015e-07,1718.248611155,0.184991583318202,1.98402875183791,-0.014838032761593,0
GFM-MWT+AD,h_mp,h,mp,0.116591440117983,0.215443469003188,59.065913576594,3.38417809742158e-07,1718.24861034763,0.206342842067239,1.97849466369157,-0.0165964360473829,0
GFM-MWT+AD,h_mp,h,mp,0.116591440117983,0.292864456462524,59.065913576594,4.60030412460116e-07,1718.24860975252,0.232596001546618,1.97107680239456,-0.0187776936551704,0
GFM-MWT+AD,h_mp,h,mp,0.116591440117983,0.398107170553497,59.065913576594,6.25345281176143e-07,1718.24860931432,0.263458797129604,1.96123897577417,-0.0213748505581493,0
GFM-MWT+AD,h_mp,h,mp,0.116591440117983,0.541169526546464,59.065913576594,8.50067104472518e-07,1718.24860899184,0.297346536250853,1.9484199669315,-0.0242813248911695,0
GFM-MWT+AD,h_mp,h,mp,0.116591440117983,0.735642254459641,59.065913576594,1.15554415114032e-06,1718.24860875469,0.330754259342243,1.93217449655799,-0.0272344187641957,0
GFM-MWT+AD,h_mp,h,mp,0.116591440117983,1,59.065913576594,1.5707963267949e-06,1718.2486085799,0.358071096944383,1.91240886141856,-0.029786255320564,0
GFM-MWT+AD,h_mp,h,mp,0.116591440117983,1.35935639087853,59.065913576594,2.13527202559716e-06,1718.24860845188,0.372486832220473,1.88963828623035,-0.0313573067789248,0
GFM-MWT+AD,h_mp,h,mp,0.116591440117983,1.84784979742229,59.065913576594,2.90259567425963e-06,1718.24860835654,0.368156355620177,1.86508817713666,-0.0314006654347063,0
GFM-MWT+AD,h_mp,h,mp,0.116591440117983,2.51188643150958,59.065913576594,3.94566197994119e-06,1718.24860828711,0.342645300980663,1.84048481742401,-0.0296170715073742,0
GFM-MWT+AD,h_mp,h,mp,0.116591440117983,3.4145488738336,59.065913576594,5.36356082867947e-06,1718.24860823564,0.298094630486196,1.81759191055347,-0.026093359980264,0
GFM-MWT+AD,h_mp,h,mp,0.116591440117983,4.64158883361278,59.065913576594,7.29099069033116e-06,1718.24860819841,0.240403094877331,1.79774117516249,-0.0212781899884349,0
GFM-MWT+AD,h_mp,h,mp,0.116591440117983,6.30957344480193,59.065913576594,9.9110547907375e-06,1718.24860817071,0.177076985392911,1.78158012457789,-0.0158169434050764,0
GFM-MWT+AD,h_mp,h,mp,0.116591440117983,8.57695898590894,59.065913576594,1.34726556701362e-05,1718.24860814993,0.114969564651224,1.76909528292678,-0.0103425722817603,0
GFM-MWT+AD,h_mp,h,mp,0.116591440117983,11.6591440117983,59.065913576594,1.83141405873055e-05,1718.24860813524,0.0588538068168435,1.75982528191525,-0.00532254064698742,0
GFM-MWT+AD,h_mp,h,mp,0.116591440117983,15.8489319246111,59.065913576594,2.48954440508015e-05,1718.2486081244,0.0111112194159439,1.75312109196526,-0.00100871788163634,0
GFM-MWT+AD,h_mp,h,mp,0.116591440117983,21.5443469003188,59.065913576594,3.38417809742158e-05,1718.24860811605,-0.0277831027523223,1.7483421741489,0.00252914106896244,0
GFM-MWT+AD,h_mp,h,mp,0.116591440117983,29.2864456462524,59.065913576594,4.60030412460116e-05,1718.24860811018,-0.0585119772364877,1.74495412651015,0.00533672355759283,0
GFM-MWT+AD,h_mp,h,mp,0.116591440117983,39.8107170553497,59.065913576594,6.25345281176143e-05,1718.24860810552,-0.0822762145304399,1.74255106054141,0.00751444065291912,0
GFM-MWT+AD,h_mp,h,mp,0.116591440117983,54.1169526546464,59.065913576594,8.50067104472519e-05,1718.24860810235,-0.10038426327752,1.74084034734743,0.00917716489038744,0
GFM-MWT+AD,h_mp,h,mp,0.116591440117983,73.5642254459641,59.065913576594,0.000115554415114032,1718.24860809982,-0.114041492916849,1.73961640445104,0.0104329204136828,0
GFM-MWT+AD,h_mp,h,mp,0.116591440117983,100,59.065913576594,0.00015707963267949,1718.24860809842,-0.12426849084499,1.73873619130595,0.0113741608960123,0
GFM-MWT+AD,h_mp,h,mp,0.158489319246111,0.01,80.2916271034217,1.5707963267949e-08,1718.24861748826,0.12077895300147,1.99864485682286,-0.00961735564170898,0
GFM-MWT+AD,h_mp,h,mp,0.158489319246111,0.0135935639087853,80.2916271034217,2.13527202559716e-08,1718.2486110481,0.122467288713004,1.99828780187238,-0.00975352359707365,0
GFM-MWT+AD,h_mp,h,mp,0.158489319246111,0.0184784979742229,80.2916271034217,2.90259567425963e-08,1718.24860619498,0.124743553905214,1.997801709742,-0.00993720890883176,0
GFM-MWT+AD,h_mp,h,mp,0.158489319246111,0.0251188643150958,80.2916271034217,3.94566197994119e-08,1718.24860256625,0.127803085952992,1.99713965047334,-0.0101842843014384,0
GFM-MWT+AD,h_mp,h,mp,0.158489319246111,0.034145488738336,80.2916271034217,5.36356082867947e-08,1718.24859986816,0.131897903490683,1.99623744068886,-0.0105153035872418,0
GFM-MWT+AD,h_mp,h,mp,0.158489319246111,0.0464158883361278,80.2916271034217,7.29099069033116e-08,1718.2485978676,0.137345657766931,1.99500724197941,-0.0109563152682689,0
GFM-MWT+AD,h_mp,h,mp,0.158489319246111,0.0630957344480193,80.2916271034217,9.9110547907375e-08,1718.24859638801,0.144532280171974,1.99332887756485,-0.0115392374841284,0
GFM-MWT+AD,h_mp,h,mp,0.158489319246111,0.0857695898590894,80.2916271034217,1.34726556701362e-07,1718.24859529555,0.153898452999987,1.99103833642175,-0.0123010420598903,0
GFM-MWT+AD,h_mp,h,mp,0.158489319246111,0.116591440117983,80.2916271034217,1.83141405873055e-07,1718.2485944893,0.165891216406306,1.98791335799566,-0.0132802964730091,0
GFM-MWT+AD,h_mp,h,mp,0.158489319246111,0.158489319246111,80.2916271034217,2.48954440508015e-07,1718.24859389529,0.180848298571138,1.98365751134531,-0.0145084879811021,0
GFM-MWT+AD,h_mp,h,mp,0.158489319246111,0.215443469003188,80.2916271034217,3.38417809742158e-07,1718.24859345798,0.198766307378792,1.97788823682981,-0.0159921042318396,0
GFM-MWT+AD,h_mp,h,mp,0.158489319246111,0.292864456462524,80.2916271034217,4.60030412460116e-07,1718.24859313613,0.218899191706652,1.97014311846148,-0.0176806660515933,0
GFM-MWT+AD,h_mp,h,mp,0.158489319246111,0.398107170553497,80.2916271034217,6.25345281176143e-07,1718.24859289803,0.239184093923825,1.95993308852178,-0.019419108118687,0
GFM-MWT+AD,h_mp,h,mp,0.158489319246111,0.541169526546464,80.2916271034217,8.50067104472518e-07,1718.24859272364,0.255676450287414,1.94688271636873,-0.020896628788451,0
GFM-MWT+AD,h_mp,h,mp,0.158489319246111,0.735642254459641,80.2916271034217,1.15554415114032e-06,1718.24859259508,0.262518357044352,1.9309749118065,-0.0216322423266578,0
GFM-MWT+AD,h_mp,h,mp,0.158489319246111,1,80.2916271034217,1.5707963267949e-06,1718.24859250084,0.253168510718425,1.91281984985812,-0.0210600509149931,0
GFM-MWT+AD,h_mp,h,mp,0.158489319246111,1.35935639087853,80.2916271034217,2.13527202559716e-06,1718.24859243121,0.223023305677521,1.89373720422447,-0.0187402074643269,0
GFM-MWT+AD,h_mp,h,mp,0.158489319246111,1.84784979742229,80.2916271034217,2.90259567425963e-06,1718.24859237995,0.172112445025293,1.87546296149336,-0.0146041940709121,0
GFM-MWT+AD,h_mp,h,mp,0.158489319246111,2.51188643150958,80.2916271034217,3.94566197994119e-06,1718.24859234211,0.10580396010551,1.85956658029209,-0.00905508469094583,0
GFM-MWT+AD,h_mp,h,mp,0.158489319246111,3.4145488738336,80.2916271034217,5.36356082867947e-06,1718.24859231485,0.0327489598681349,1.84693676208181,-0.00282204469392071,0
GFM-MWT+AD,h_mp,h,mp,0.158489319246111,4.64158883361278,80.2916271034217,7.29099069033116e-06,1718.24859229395,-0.0385198522603766,1.83764744110904,0.00333610824438467,0
GFM-MWT+AD,h_mp,h,mp,0.158489319246111,6.30957344480193,80.2916271034217,9.9110547907375e-06,1718.24859227936,-0.102111208444078,1.83119999312632,0.00887443407004494,0
GFM-MWT+AD,h_mp,h,mp,0.158489319246111,8.57695898590894,80.2916271034217,1.34726556701362e-05,1718.24859226819,-0.155366845342817,1.8268877296569,0.0135340208750662,0
GFM-MWT+AD,h_mp,h,mp,0.158489319246111,11.6591440117983,80.2916271034217,1.83141405873055e-05,1718.24859226006,-0.198074933641239,1.82405558367625,0.0172801191252624,0
GFM-MWT+AD,h_mp,h,mp,0.158489319246111,15.8489319246111,80.2916271034217,2.48954440508015e-05,1718.24859225391,-0.231352036247432,1.82220237046755,0.0202026437034209,0
GFM-MWT+AD,h_mp,h,mp,0.158489319246111,21.5443469003188,80.2916271034217,3.38417809742158e-05,1718.2485922495,-0.256795743361421,1.82098228929034,0.0224384509888405,0
GFM-MWT+AD,h_mp,h,mp,0.158489319246111,29.2864456462524,80.2916271034217,4.60030412460116e-05,1718.24859224661,-0.276010867680855,1.82016950843511,0.024127261742219,0
GFM-MWT+AD,h_mp,h,mp,0.158489319246111,39.8107170553497,80.2916271034217,6.25345281176143e-05,1718.2485922437,-0.290404082325034,1.81962024639884,0.0253922995853119,0
GFM-MWT+AD,h_mp,h,mp,0.158489319246111,54.1169526546464,80.2916271034217,8.50067104472519e-05,1718.24859224251,-0.301126629098925,1.81924357934539,0.0263346648914122,0
GFM-MWT+AD,h_mp,h,mp,0.158489319246111,73.5642254459641,80.2916271034217,0.000115554415114032,1718.24859224102,-0.309085020521587,1.81898171941259,0.0270340428187181,0
GFM-MWT+AD,h_mp,h,mp,0.158489319246111,100,80.2916271034217,0.00015707963267949,1718.24859223996,-0.314976725129825,1.81879748466745,0.027551760273329,0
GFM-MWT+AD,h_mp,h,mp,0.215443469003188,0.01,109.144936437072,1.5707963267949e-08,1718.2485944112,0.120756422086124,1.99864222061389,-0.00961557440338027,0
GFM-MWT+AD,h_mp,h,mp,0.215443469003188,0.0135935639087853,109.144936437072,2.13527202559716e-08,1718.24859084084,0.122425570487118,1.99828297533711,-0.00975022494338808,0
GFM-MWT+AD,h_mp,h,mp,0.215443469003188,0.0184784979742229,109.144936437072,2.90259567425963e-08,1718.24858817126,0.124666260863515,1.99779290360045,-0.00993109603856062,0
GFM-MWT+AD,h_mp,h,mp,0.215443469003188,0.0251188643150958,109.144936437072,3.94566197994119e-08,1718.24858618633,0.127659775355087,1.99712366099204,-0.0101729468858207,0
GFM-MWT+AD,h_mp,h,mp,0.215443469003188,0.034145488738336,109.144936437072,5.36356082867947e-08,1718.24858471498,0.131631964168689,1.99620860549493,-0.0104942560001422,0
GFM-MWT+AD,h_mp,h,mp,0.215443469003188,0.0464158883361278,109.144936437072,7.29099069033116e-08,1718.24858362651,0.136851741634753,1.99495574369597,-0.0109172011543257,0
GFM-MWT+AD,h_mp,h,mp,0.215443469003188,0.0630957344480193,109.144936437072,9.9110547907375e-08,1718.24858282251,0.143614395838396,1.99323818790349,-0.0114664862771198,0
GFM-MWT+AD,h_mp,h,mp,0.215443469003188,0.0857695898590894,109.144936437072,1.34726556701362e-07,1718.24858222996,0.152192872406237,1.99088191006963,-0.0121656916276862,0
GFM-MWT+AD,h_mp,h,mp,0.215443469003188,0.116591440117983,109.144936437072,1.83141405873055e-07,1718.24858179276,0.162727567651096,1.9876519027634,-0.0130287896382302,0
GFM-MWT+AD,h_mp,h,mp,0.215443469003188,0.158489319246111,109.144936437072,2.48954440508015e-07,1718.24858147091,0.175009722717171,1.9832416161397,-0.0140431279753669,0
GFM-MWT+AD,h_mp,h,mp,0.215443469003188,0.215443469003188,109.144936437072,3.38417809742158e-07,1718.24858123346,0.188109096562503,1.97727907835883,-0.0151395226203618,0
GFM-MWT+AD,h_mp,h,mp,0.215443469003188,0.292864456462524,109.144936437072,4.60030412460116e-07,1718.2485810595,0.199847584680308,1.96937770945619,-0.0161485444543426,0
GFM-MWT+AD,h_mp,h,mp,0.215443469003188,0.398107170553497,109.144936437072,6.25345281176143e-07,1718.24858093085,0.206311304251884,1.95927204322145,-0.0167566590940035,0
GFM-MWT+AD,h_mp,h,mp,0.215443469003188,0.541169526546464,109.144936437072,8.50067104472518e-07,1718.24858083658,0.201955922835076,1.94705453025154,-0.0165059088513738,0
GFM-MWT+AD,h_mp,h,mp,0.215443469003188,0.735642254459641,109.144936437072,1.15554415114032e-06,1718.2485807666,0.181066582632403,1.93342220686886,-0.014903336187841,0
GFM-MWT+AD,h_mp,h,mp,0.215443469003188,1,109.144936437072,1.5707963267949e-06,1718.24858071553,0.140599001161085,1.91969760014892,-0.0116557451257775,0
GFM-MWT+AD,h_mp,h,mp,0.215443469003188,1.35935639087853,109.144936437072,2.13527202559716e-06,1718.24858067762,0.0826988601626721,1.90743483814446,-0.00690016706261681,0
GFM-MWT+AD,h_mp,h,mp,0.215443469003188,1.84784979742229,109.144936437072,2.90259567425963e-06,1718.24858065016,0.0145087060909273,1.89778256281789,-0.00121675192309235,0
GFM-MWT+AD,h_mp,h,mp,0.215443469003188,2.51188643150958,109.144936437072,3.94566197994119e-06,1718.24858062953,-0.0550006913686827,1.89107736989395,0.0046288630303345,0
GFM-MWT+AD,h_mp,h,mp,0.215443469003188,3.4145488738336,109.144936437072,5.36356082867947e-06,1718.24858061466,-0.118647939461915,1.88693837856792,0.0100069301490848,0
GFM-MWT+AD,h_mp,h,mp,0.215443469003188,4.64158883361278,109.144936437072,7.29099069033116e-06,1718.24858060392,-0.172661697509381,1.88466241786088,0.0145792910782908,0
GFM-MWT+AD,h_mp,h,mp,0.215443469003188,6.30957344480193,109.144936437072,9.9110547907375e-06,1718.24858059576,-0.216217372924298,1.88356850795428,0.0182665626275873,0
GFM-MWT+AD,h_mp,h,mp,0.215443469003188,8.57695898590894,109.144936437072,1.34726556701362e-05,1718.24858058952,-0.250200039306787,1.88314853984144,0.0211410159243064,0
GFM-MWT+AD,h_mp,h,mp,0.215443469003188,11.6591440117983,109.144936437072,1.83141405873055e-05,1718.24858058532,-0.276166402327163,1.8830762619833,0.0233348381633407,0
GFM-MWT+AD,h_mp,h,mp,0.215443469003188,15.8489319246111,109.144936437072,2.48954440508015e-05,1718.24858058155,-0.295748763735243,1.88316226255474,0.0249873215292413,0
GFM-MWT+AD,h_mp,h,mp,0.215443469003188,21.5443469003188,109.144936437072,3.38417809742158e-05,1718.24858057958,-0.310394404833166,1.88330511947379,0.0262218886997569,0
GFM-MWT+AD,h_mp,h,mp,0.215443469003188,29.2864456462524,109.144936437072,4.60030412460116e-05,1718.24858057785,-0.321289528667202,1.88345493091759,0.0271394768399781,0
GFM-MWT+AD,h_mp,h,mp,0.215443469003188,39.8107170553497,109.144936437072,6.25345281176143e-05,1718.24858057699,-0.329366327483874,1.88358997627437,0.0278192130921256,0
GFM-MWT+AD,h_mp,h,mp,0.215443469003188,54.1169526546464,109.144936437072,8.50067104472519e-05,1718.24858057583,-0.335339924560521,1.8837030097622,0.0283216606640463,0
GFM-MWT+AD,h_mp,h,mp,0.215443469003188,73.5642254459641,109.144936437072,0.000115554415114032,1718.24858057433,-0.339751026708021,1.8837936667083,0.0286925227419315,0
GFM-MWT+AD,h_mp,h,mp,0.215443469003188,100,109.144936437072,0.00015707963267949,1718.24858057485,-0.343004788902618,1.88386445668834,0.0289659911523391,0
GFM-MWT+AD,h_mp,h,mp,0.292864456462524,0.01,148.366866877764,1.5707963267949e-08,1718.24857954571,0.120725611341689,1.9986386787847,-0.00961313827079857,0
GFM-MWT+AD,h_mp,h,mp,0.292864456462524,0.0135935639087853,148.366866877764,2.13527202559716e-08,1718.24857758202,0.122368408842985,1.99827651957864,-0.00974570438663302,0
GFM-MWT+AD,h_mp,h,mp,0.292864456462524,0.0184784979742229,148.366866877764,2.90259567425963e-08,1718.24857612173,0.124560086400042,1.99778119860969,-0.00992269699014473,0
GFM-MWT+AD,h_mp,h,mp,0.292864456462524,0.0251188643150958,148.366866877764,3.94566197994119e-08,1718.24857503909,0.127462286883591,1.9971025973072,-0.0101573181758579,0
GFM-MWT+AD,h_mp,h,mp,0.292864456462524,0.034145488738336,148.366866877764,5.36356082867947e-08,1718.24857423846,0.131264068455385,1.99617110827768,-0.0104651255746958,0
GFM-MWT+AD,h_mp,h,mp,0.292864456462524,0.0464158883361278,148.366866877764,7.29099069033116e-08,1718.24857364715,0.136165435885208,1.99489004439807,-0.010862816024086,0
GFM-MWT+AD,h_mp,h,mp,0.292864456462524,0.0630957344480193,148.366866877764,9.9110547907375e-08,1718.24857321099,0.142333142753748,1.99312580097322,-0.011364842223513,0
GFM-MWT+AD,h_mp,h,mp,0.292864456462524,0.0857695898590894,148.366866877764,1.34726556701362e-07,1718.24857288963,0.149803236418845,1.99069672084276,-0.011975815075233,0
GFM-MWT+AD,h_mp,h,mp,0.292864456462524,0.116591440117983,148.366866877764,1.83141405873055e-07,1718.24857265254,0.158291111509519,1.98736498305856,-0.012675471865243,0
GFM-MWT+AD,h_mp,h,mp,0.292864456462524,0.158489319246111,148.366866877764,2.48954440508015e-07,1718.24857247842,0.166866276440783,1.98284368970595,-0.0133924883205465,0
GFM-MWT+AD,h_mp,h,mp,0.292864456462524,0.215443469003188,148.366866877764,3.38417809742158e-07,1718.24857234991,0.173498335893695,1.97684503152793,-0.0139669138925317,0
GFM-MWT+AD,h_mp,h,mp,0.292864456462524,0.292864456462524,148.366866877764,4.60030412460116e-07,1718.2485722554,0.17466720141297,1.96920672220945,-0.0141155210308727,0
GFM-MWT+AD,h_mp,h,mp,0.292864456462524,0.398107170553497,148.366866877764,6.25345281176143e-07,1718.24857218625,0.165586566932169,1.96010812159643,-0.0134439211021506,0
GFM-MWT+AD,h_mp,h,mp,0.292864456462524,0.541169526546464,148.366866877764,8.50067104472518e-07,1718.24857213475,0.141763645233128,1.95027537665135,-0.0115680459608536,0
GFM-MWT+AD,h_mp,h,mp,0.292864456462524,0.735642254459641,148.366866877764,1.15554415114032e-06,1718.24857209711,0.101755550037304,1.94093224490563,-0.00834358597564114,0
GFM-MWT+AD,h_mp,h,mp,0.292864456462524,1,148.366866877764,1.5707963267949e-06,1718.24857206915,0.0491304181018137,1.93334200838834,-0.00404443958204024,0
GFM-MWT+AD,h_mp,h,mp,0.292864456462524,1.35935639087853,148.366866877764,2.13527202559716e-06,1718.24857204876,-0.0086686381501031,1.92820983313302,0.000715511473178173,0
GFM-MWT+AD,h_mp,h,mp,0.292864456462524,1.84784979742229,148.366866877764,2.90259567425963e-06,1718.24857203393,-0.0639507213425707,1.92545481750476,0.00528598808253245,0
GFM-MWT+AD,h_mp,h,mp,0.292864456462524,2.51188643150958,148.366866877764,3.94566197994119e-06,1718.24857202307,-0.111746476553798,1.92447743372001,0.00924107728741765,0
GFM-MWT+AD,h_mp,h,mp,0.292864456462524,3.4145488738336,148.366866877764,5.36356082867947e-06,1718.24857201467,-0.150333715051215,1.9245754410816,0.0124310560127311,0
GFM-MWT+AD,h_mp,h,mp,0.292864456462524,4.64158883361278,148.366866877764,7.29099069033116e-06,1718.24857200907,-0.180169246492134,1.92519540276027,0.0148928498167239,0
GFM-MWT+AD,h_mp,h,mp,0.292864456462524,6.30957344480193,148.366866877764,9.9110547907375e-06,1718.24857200469,-0.202656535018608,1.92598825215799,0.0167442700848083,0
GFM-MWT+AD,h_mp,h,mp,0.292864456462524,8.57695898590894,148.366866877764,1.34726556701362e-05,1718.24857200151,-0.219366753033735,1.92676815384451,0.0181171630488168,0
GFM-MWT+AD,h_mp,h,mp,0.292864456462524,11.6591440117983,148.366866877764,1.83141405873055e-05,1718.24857199854,-0.231693022877496,1.9274532652326,0.0191280089517021,0
GFM-MWT+AD,h_mp,h,mp,0.292864456462524,15.8489319246111,148.366866877764,2.48954440508015e-05,1718.24857199693,-0.240753913821826,1.9280192230651,0.0198699318793415,0
GFM-MWT+AD,h_mp,h,mp,0.292864456462524,21.5443469003188,148.366866877764,3.38417809742158e-05,1718.24857199605,-0.247405224527346,1.92846966733939,0.0204138855671038,0
GFM-MWT+AD,h_mp,h,mp,0.292864456462524,29.2864456462524,148.366866877764,4.60030412460116e-05,1718.24857199516,-0.252286111751511,1.92881968225261,0.0208126683878715,0
GFM-MWT+AD,h_mp,h,mp,0.292864456462524,39.8107170553497,148.366866877764,6.25345281176143e-05,1718.24857199423,-0.255868359614202,1.92908732739298,0.0211051325332193,0
GFM-MWT+AD,h_mp,h,mp,0.292864456462524,54.1169526546464,148.366866877764,8.50067104472519e-05,1718.2485719937,-0.258498372266434,1.92928974005998,0.0213197332745795,0
GFM-MWT+AD,h_mp,h,mp,0.292864456462524,73.5642254459641,148.366866877764,0.000115554415114032,1718.24857199281,-0.260429991898411,1.92944163977235,0.0214772807754887,0
GFM-MWT+AD,h_mp,h,mp,0.292864456462524,100,148.366866877764,0.00015707963267949,1718.24857199334,-0.261849161137825,1.92955500845408,0.0215929950071151,0
GFM-MWT+AD,h_mp,h,mp,0.398107170553497,0.01,201.683448684912,1.5707963267949e-08,1718.24856979215,0.120683397446569,1.99863394203417,-0.00960979994649026,0
GFM-MWT+AD,h_mp,h,mp,0.398107170553497,0.0135935639087853,201.683448684912,2.13527202559716e-08,1718.24856871777,0.122289896600281,1.9982679408835,-0.00973949389067201,0
GFM-MWT+AD,h_mp,h,mp,0.398107170553497,0.0184784979742229,201.683448684912,2.90259567425963e-08,1718.24856792126,0.124413802133413,1.99776578661778,-0.00991112130074737,0
GFM-MWT+AD,h_mp,h,mp,0.398107170553497,0.0251188643150958,201.683448684912,3.94566197994119e-08,1718.24856733222,0.127189183232143,1.99707523194217,-0.0101356959789873,0
GFM-MWT+AD,h_mp,h,mp,0.398107170553497,0.034145488738336,201.683448684912,5.36356082867947e-08,1718.24856689721,0.130753204240767,1.99612335933407,-0.0104246503127843,0
GFM-MWT+AD,h_mp,h,mp,0.398107170553497,0.0464158883361278,201.683448684912,7.29099069033116e-08,1718.2485665767,0.135208566427966,1.99480892976568,-0.0107869276999576,0
GFM-MWT+AD,h_mp,h,mp,0.398107170553497,0.0630957344480193,201.683448684912,9.9110547907375e-08,1718.24856634005,0.140541810857122,1.99299378870225,-0.011222571497673,0
GFM-MWT+AD,h_mp,h,mp,0.398107170553497,0.0857695898590894,201.683448684912,1.34726556701362e-07,1718.24856616604,0.146464799131308,1.99049706874562,-0.0117101395533368,0
GFM-MWT+AD,h_mp,h,mp,0.398107170553497,0.116591440117983,201.683448684912,1.83141405873055e-07,1718.24856603755,0.152144372322332,1.98710281317929,-0.0121849413588418,0
GFM-MWT+AD,h_mp,h,mp,0.398107170553497,0.158489319246111,201.683448684912,2.48954440508015e-07,1718.24856594343,0.155831160486536,1.98260374450593,-0.0125084799424336,0
GFM-MWT+AD,h_mp,h,mp,0.398107170553497,0.215443469003188,201.683448684912,3.38417809742158e-07,1718.24856587325,0.154571396801503,1.97691334453415,-0.0124430832443146,0
GFM-MWT+AD,h_mp,h,mp,0.398107170553497,0.292864456462524,201.683448684912,4.60030412460116e-07,1718.24856582209,0.144511608189277,1.97025161682108,-0.0116727070018217,0
GFM-MWT+AD,h_mp,h,mp,0.398107170553497,0.398107170553497,201.683448684912,6.25345281176143e-07,1718.24856578482,0.122422938893268,1.96330025431775,-0.00992372735646968,0
GFM-MWT+AD,h_mp,h,mp,0.398107170553497,0.541169526546464,201.683448684912,8.50067104472518e-07,1718.24856575679,0.0881295905543165,1.95709703241122,-0.00716668592736767,0
GFM-MWT+AD,h_mp,h,mp,0.398107170553497,0.735642254459641,201.683448684912,1.15554415114032e-06,1718.2485657367,0.0457568524439369,1.95257168867673,-0.00372963442976732,0
GFM-MWT+AD,h_mp,h,mp,0.398107170553497,1,201.683448684912,1.5707963267949e-06,1718.24856572195,0.00194042313698828,1.95006076332433,-0.000158368362605436,0
GFM-MWT+AD,h_mp,h,mp,0.398107170553497,1.35935639087853,201.683448684912,2.13527202559716e-06,1718.24856571023,-0.0375942174950198,1.94925594460669,0.00306951859005825,0
GFM-MWT+AD,h_mp,h,mp,0.398107170553497,1.84784979742229,201.683448684912,2.90259567425963e-06,1718.24856570252,-0.069993358687353,1.94954765305832,0.0057139445385434,0
GFM-MWT+AD,h_mp,h,mp,0.398107170553497,2.51188643150958,201.683448684912,3.94566197994119e-06,1718.24856569671,-0.0949624646384346,1.95037187822093,0.007748928323974,0
GFM-MWT+AD,h_mp,h,mp,0.398107170553497,3.4145488738336,201.683448684912,5.36356082867947e-06,1718.24856569217,-0.11353825449903,1.95135189272067,0.00925993910042048,0
GFM-MWT+AD,h_mp,h,mp,0.398107170553497,4.64158883361278,201.683448684912,7.29099069033116e-06,1718.2485656889,-0.12711276802893,1.95228701658649,0.0103619698720049,0
GFM-MWT+AD,h_mp,h,mp,0.398107170553497,6.30957344480193,201.683448684912,9.9110547907375e-06,1718.24856568669,-0.136958984337075,1.95309330765401,0.0111599081564493,0
GFM-MWT+AD,h_mp,h,mp,0.398107170553497,8.57695898590894,201.683448684912,1.34726556701362e-05,1718.24856568452,-0.144088385752184,1.95375067906484,0.0117368093725674,0
GFM-MWT+AD,h_mp,h,mp,0.398107170553497,11.6591440117983,201.683448684912,1.83141405873055e-05,1718.24856568376,-0.149255809765237,1.95426883258521,0.0121544409832404,0
GFM-MWT+AD,h_mp,h,mp,0.398107170553497,15.8489319246111,201.683448684912,2.48954440508015e-05,1718.24856568281,-0.153009088347702,1.95466855337868,0.0124574895520977,0
GFM-MWT+AD,h_mp,h,mp,0.398107170553497,21.5443469003188,201.683448684912,3.38417809742158e-05,1718.24856568182,-0.155741624208036,1.95497255288432,0.0126779566305364,0
GFM-MWT+AD,h_mp,h,mp,0.398107170553497,29.2864456462524,201.683448684912,4.60030412460116e-05,1718.24856568139,-0.157735354940276,1.95520152899329,0.0128387237684452,0
GFM-MWT+AD,h_mp,h,mp,0.398107170553497,39.8107170553497,201.683448684912,6.25345281176143e-05,1718.24856568084,-0.159192735999257,1.95537284505819,0.0129561910917575,0
GFM-MWT+AD,h_mp,h,mp,0.398107170553497,54.1169526546464,201.683448684912,8.50067104472519e-05,1718.24856568065,-0.160259661898135,1.955500418186,0.0130421593220494,0
GFM-MWT+AD,h_mp,h,mp,0.398107170553497,73.5642254459641,201.683448684912,0.000115554415114032,1718.24856568093,-0.161041670179603,1.95559509927843,0.0131051549499707,0
GFM-MWT+AD,h_mp,h,mp,0.398107170553497,100,201.683448684912,0.00015707963267949,1718.24856567986,-0.161615370695955,1.95566520026622,0.0131513618073343,0
GFM-MWT+AD,h_mp,h,mp,0.541169526546464,0.01,274.159684904256,1.5707963267949e-08,1718.24856327087,0.120625420772787,1.99862764883612,-0.00960521403681181,0
GFM-MWT+AD,h_mp,h,mp,0.541169526546464,0.0135935639087853,274.159684904256,2.13527202559716e-08,1718.24856268524,0.122181740437294,1.99825664943235,-0.00973093584167712,0
GFM-MWT+AD,h_mp,h,mp,0.541169526546464,0.0184784979742229,274.159684904256,2.90259567425963e-08,1718.24856225179,0.124211562113527,1.99774577802975,-0.00989511101746325,0
GFM-MWT+AD,h_mp,h,mp,0.541169526546464,0.0251188643150958,274.159684904256,3.94566197994119e-08,1718.24856193186,0.126810133199913,1.99704043408851,-0.0101056686684544,0
GFM-MWT+AD,h_mp,h,mp,0.541169526546464,0.034145488738336,274.159684904256,5.36356082867947e-08,1718.24856169577,0.13004157064764,1.99606457723918,-0.0103682248211921,0
GFM-MWT+AD,h_mp,h,mp,0.541169526546464,0.0464158883361278,274.159684904256,7.29099069033116e-08,1718.24856152162,0.133872894425531,1.99471424401132,-0.0106808870414128,0
GFM-MWT+AD,h_mp,h,mp,0.541169526546464,0.0630957344480193,274.159684904256,9.9110547907375e-08,1718.24856139352,0.138046415952595,1.99285355122853,-0.0110241087993398,0
GFM-MWT+AD,h_mp,h,mp,0.541169526546464,0.0857695898590894,274.159684904256,1.34726556701362e-07,1718.24856129881,0.141863085477147,1.99032210708394,-0.0113432688118678,0
GFM-MWT+AD,h_mp,h,mp,0.541169526546464,0.116591440117983,274.159684904256,1.83141405873055e-07,1718.24856122971,0.14389053452289,1.98697290825034,-0.0115247514653874,0
GFM-MWT+AD,h_mp,h,mp,0.541169526546464,0.158489319246111,274.159684904256,2.48954440508015e-07,1718.24856117875,0.141761941611746,1.982767066304,-0.0113783679174726,0
GFM-MWT+AD,h_mp,h,mp,0.541169526546464,0.215443469003188,274.159684904256,3.38417809742158e-07,1718.24856114104,0.132512228461952,1.9779253601197,-0.0106620693680616,0
GFM-MWT+AD,h_mp,h,mp,0.541169526546464,0.292864456462524,274.159684904256,4.60030412460116e-07,1718.24856111337,0.113953272695202,1.97303632830151,-0.00919165056517581,0
GFM-MWT+AD,h_mp,h,mp,0.541169526546464,0.398107170553497,274.159684904256,6.25345281176143e-07,1718.24856109264,0.0866458504858496,1.96892079277041,-0.00700372368067713,0
GFM-MWT+AD,h_mp,h,mp,0.541169526546464,0.541169526546464,274.159684904256,8.50067104472518e-07,1718.24856107813,0.0545127009365931,1.96621402826302,-0.00441248065051086,0
GFM-MWT+AD,h_mp,h,mp,0.541169526546464,0.735642254459641,274.159684904256,1.15554415114032e-06,1718.24856106683,0.0228395486451953,1.96501873869198,-0.00184986574110114,0
GFM-MWT+AD,h_mp,h,mp,0.541169526546464,1,274.159684904256,1.5707963267949e-06,1718.24856105848,-0.00449504893555475,1.96497144651312,0.000364081224379834,0
GFM-MWT+AD,h_mp,h,mp,0.541169526546464,1.35935639087853,274.159684904256,2.13527202559716e-06,1718.24856105285,-0.0260596143427498,1.96556927861323,0.00211007937983206,0
GFM-MWT+AD,h_mp,h,mp,0.541169526546464,1.84784979742229,274.159684904256,2.90259567425963e-06,1718.24856104815,-0.0421815902349238,1.9664130775872,0.00341401791192313,0
GFM-MWT+AD,h_mp,h,mp,0.541169526546464,2.51188643150958,274.159684904256,3.94566197994119e-06,1718.24856104528,-0.0539015617253005,1.96726764790057,0.00436067681668887,0
GFM-MWT+AD,h_mp,h,mp,0.541169526546464,3.4145488738336,274.159684904256,5.36356082867947e-06,1718.24856104262,-0.0623210325785126,1.96802471911891,0.00503986272516656,0
GFM-MWT+AD,h_mp,h,mp,0.541169526546464,4.64158883361278,274.159684904256,7.29099069033116e-06,1718.24856104121,-0.068352546912871,1.96865040442491,0.00552585649446535,0
GFM-MWT+AD,h_mp,h,mp,0.541169526546464,6.30957344480193,274.159684904256,9.9110547907375e-06,1718.24856103997,-0.0726806521387637,1.96914712383612,0.00587426167093874,0
GFM-MWT+AD,h_mp,h,mp,0.541169526546464,8.57695898590894,274.159684904256,1.34726556701362e-05,1718.2485610386,-0.0757973112751489,1.96953180356451,0.0061249533807067,0
GFM-MWT+AD,h_mp,h,mp,0.541169526546464,11.6591440117983,274.159684904256,1.83141405873055e-05,1718.24856103819,-0.0780503910862457,1.96982499982927,0.00630607214251906,0
GFM-MWT+AD,h_mp,h,mp,0.541169526546464,15.8489319246111,274.159684904256,2.48954440508015e-05,1718.2485610376,-0.079685112588482,1.97004611290982,0.00643742128376566,0
GFM-MWT+AD,h_mp,h,mp,0.541169526546464,21.5443469003188,274.159684904256,3.38417809742158e-05,1718.24856103689,-0.0808748787054386,1.97021166601957,0.00653298437777224,0
GFM-MWT+AD,h_mp,h,mp,0.541169526546464,29.2864456462524,274.159684904256,4.60030412460116e-05,1718.24856103719,-0.081742996276383,1.97033500126092,0.00660269361519386,0
GFM-MWT+AD,h_mp,h,mp,0.541169526546464,39.8107170553497,274.159684904256,6.25345281176143e-05,1718.24856103645,-0.0823776874357697,1.97042656177058,0.00665364860193397,0
GFM-MWT+AD,h_mp,h,mp,0.541169526546464,54.1169526546464,274.159684904256,8.50067104472519e-05,1718.24856103656,-0.0828424341210321,1.97049436362306,0.00669095430786686,0
GFM-MWT+AD,h_mp,h,mp,0.541169526546464,73.5642254459641,274.159684904256,0.000115554415114032,1718.24856103625,-0.0831831413021729,1.97054448163698,0.00671830017801912,0
GFM-MWT+AD,h_mp,h,mp,0.541169526546464,100,274.159684904256,0.00015707963267949,1718.24856103649,-0.0834331363808355,1.970581480019,0.00673836364464175,0
GFM-MWT+AD,h_mp,h,mp,0.735642254459641,0.01,372.680719795843,1.5707963267949e-08,1718.24855883323,0.120545562458669,1.99861936786785,-0.0095988953976654,0
GFM-MWT+AD,h_mp,h,mp,0.735642254459641,0.0135935639087853,372.680719795843,2.13527202559716e-08,1718.24855851435,0.122032242719848,1.99824199815729,-0.00971910175538568,0
GFM-MWT+AD,h_mp,h,mp,0.735642254459641,0.0184784979742229,372.680719795843,2.90259567425963e-08,1718.24855827906,0.123930967871488,1.99772036224317,-0.00987288571008391,0
GFM-MWT+AD,h_mp,h,mp,0.735642254459641,0.0251188643150958,372.680719795843,3.94566197994119e-08,1718.24855810558,0.126282465056385,1.99699769051123,-0.0100638377370092,0
GFM-MWT+AD,h_mp,h,mp,0.735642254459641,0.034145488738336,372.680719795843,5.36356082867947e-08,1718.24855797735,0.129049407592243,1.99599629451723,-0.0102894799404426,0
GFM-MWT+AD,h_mp,h,mp,0.735642254459641,0.0464158883361278,372.680719795843,7.29099069033116e-08,1718.24855788304,0.13201628362596,1.99461485303838,-0.0105333009283389,0
GFM-MWT+AD,h_mp,h,mp,0.735642254459641,0.0630957344480193,372.680719795843,9.9110547907375e-08,1718.24855781356,0.134620172037303,1.9927350655133,-0.0107511670244588,0
GFM-MWT+AD,h_mp,h,mp,0.735642254459641,0.0857695898590894,372.680719795843,1.34726556701362e-07,1718.24855776244,0.135726891941171,1.99025312884474,-0.0108530584366235,0
GFM-MWT+AD,h_mp,h,mp,0.735642254459641,0.116591440117983,372.680719795843,1.83141405873055e-07,1718.24855772492,0.133495540080099,1.98715677014516,-0.0106912857076836,0
GFM-MWT+AD,h_mp,h,mp,0.735642254459641,0.158489319246111,372.680719795843,2.48954440508015e-07,1718.24855769688,0.12570378335204,1.9836442382658,-0.0100851557179476,0
GFM-MWT+AD,h_mp,h,mp,0.735642254459641,0.215443469003188,372.680719795843,3.38417809742158e-07,1718.24855767713,0.110912240924621,1.98019528787152,-0.0089140349759482,0
GFM-MWT+AD,h_mp,h,mp,0.735642254459641,0.292864456462524,372.680719795843,4.60030412460116e-07,1718.24855766142,0.0899762086424065,1.97743164927772,-0.0072416070035182,0
GFM-MWT+AD,h_mp,h,mp,0.735642254459641,0.398107170553497,372.680719795843,6.25345281176143e-07,1718.24855765078,0.0662291719265098,1.97577197461896,-0.00533490211569995,0
GFM-MWT+AD,h_mp,h,mp,0.735642254459641,0.541169526546464,372.680719795843,8.50067104472518e-07,1718.24855764241,0.0436265113019896,1.97520365940023,-0.00351524866351912,0
GFM-MWT+AD,h_mp,h,mp,0.735642254459641,0.735642254459641,372.680719795843,1.15554415114032e-06,1718.24855763681,0.0247053295257169,1.97539846079123,-0.00199046805168557,0
GFM-MWT+AD,h_mp,h,mp,0.735642254459641,1,372.680719795843,1.5707963267949e-06,1718.24855763227,0.0101346335616022,1.97597792268632,-0.000816292769187657,0
GFM-MWT+AD,h_mp,h,mp,0.735642254459641,1.35935639087853,372.680719795843,2.13527202559716e-06,1718.24855762901,-0.000565673494579588,1.97667017769246,4.55461582620356e-05,0
GFM-MWT+AD,h_mp,h,mp,0.735642254459641,1.84784979742229,372.680719795843,2.90259567425963e-06,1718.24855762676,-0.00824638300971348,1.97732844067728,0.000663750291815638,0
GFM-MWT+AD,h_mp,h,mp,0.735642254459641,2.51188643150958,372.680719795843,3.94566197994119e-06,1718.24855762497,-0.0137157032993702,1.97789266407765,0.00110365981342255,0
GFM-MWT+AD,h_mp,h,mp,0.735642254459641,3.4145488738336,372.680719795843,5.36356082867947e-06,1718.24855762374,-0.0176099851782574,1.97834986591376,0.00141669247923871,0
GFM-MWT+AD,h_mp,h,mp,0.735642254459641,4.64158883361278,372.680719795843,7.29099069033116e-06,1718.24855762288,-0.0203926461644186,1.97870828230794,0.00164025495965248,0
GFM-MWT+AD,h_mp,h,mp,0.735642254459641,6.30957344480193,372.680719795843,9.9110547907375e-06,1718.24855762225,-0.022390508560471,1.97898353189834,0.00180069933925282,0
GFM-MWT+AD,h_mp,h,mp,0.735642254459641,8.57695898590894,372.680719795843,1.34726556701362e-05,1718.24855762166,-0.0238317782630317,1.97919211809829,0.00191640736314748,0
GFM-MWT+AD,h_mp,h,mp,0.735642254459641,11.6591440117983,372.680719795843,1.83141405873055e-05,1718.24855762087,-0.0248759374672096,1.97934879154172,0.00200021366063072,0
GFM-MWT+AD,h_mp,h,mp,0.735642254459641,15.8489319246111,372.680719795843,2.48954440508015e-05,1718.24855762098,-0.0256350772460869,1.97946576350752,0.00206113218480931,0
GFM-MWT+AD,h_mp,h,mp,0.735642254459641,21.5443469003188,372.680719795843,3.38417809742158e-05,1718.24855762093,-0.0261885611191821,1.9795527290543,0.00210554114285815,0
GFM-MWT+AD,h_mp,h,mp,0.735642254459641,29.2864456462524,372.680719795843,4.60030412460116e-05,1718.24855762038,-0.0265929945707908,1.97961719508783,0.0021379875234985,0
GFM-MWT+AD,h_mp,h,mp,0.735642254459641,39.8107170553497,372.680719795843,6.25345281176143e-05,1718.24855762036,-0.0268890177351671,1.9796648822958,0.00216173460790883,0
GFM-MWT+AD,h_mp,h,mp,0.735642254459641,54.1169526546464,372.680719795843,8.50067104472519e-05,1718.24855762016,-0.0271059690003463,1.97970010466287,0.00217913748683172,0
GFM-MWT+AD,h_mp,h,mp,0.735642254459641,73.5642254459641,372.680719795843,0.000115554415114032,1718.24855762038,-0.0272651234483574,1.97972609202772,0.00219190359925664,0
GFM-MWT+AD,h_mp,h,mp,0.735642254459641,100,372.680719795843,0.00015707963267949,1718.24855762068,-0.0273819628083478,1.97974525058635,0.00220127522602961,0
GFM-MWT+AD,h_mp,h,mp,1,0.01,506.605918211689,1.5707963267949e-08,1718.24855576468,0.120435195362467,1.99860862714323,-0.00959015934316964,0
GFM-MWT+AD,h_mp,h,mp,1,0.0135935639087853,506.605918211689,2.13527202559716e-08,1718.24855559175,0.121824880558057,1.99822340239761,-0.00970267850272286,0
GFM-MWT+AD,h_mp,h,mp,1,0.0184784979742229,506.605918211689,2.90259567425963e-08,1718.24855546391,0.123540549719059,1.99768919546229,-0.00984193983205239,0
GFM-MWT+AD,h_mp,h,mp,1,0.0251188643150958,506.605918211689,3.94566197994119e-08,1718.24855537009,0.12554744504544,1.9969482247393,-0.0100055154268823,0
GFM-MWT+AD,h_mp,h,mp,1,0.034145488738336,506.605918211689,5.36356082867947e-08,1718.24855530048,0.12767252090973,1.99592529337591,-0.010180070333839,0
GFM-MWT+AD,h_mp,h,mp,1,0.0464158883361278,506.605918211689,7.29099069033116e-08,1718.24855524945,0.129474595789386,1.9945334314112,-0.0103309485412936,0
GFM-MWT+AD,h_mp,h,mp,1,0.0630957344480193,506.605918211689,9.9110547907375e-08,1718.24855521186,0.130075454169086,1.99269920957864,-0.0103884391039236,0
GFM-MWT+AD,h_mp,h,mp,1,0.0857695898590894,506.605918211689,1.34726556701362e-07,1718.24855518401,0.128070201964592,1.99042361363017,-0.0102399996068204,0
GFM-MWT+AD,h_mp,h,mp,1,0.116591440117983,506.605918211689,1.83141405873055e-07,1718.24855516363,0.121816128347834,1.98787312619445,-0.00975249210205288,0
GFM-MWT+AD,h_mp,h,mp,1,0.158489319246111,506.605918211689,2.48954440508015e-07,1718.24855514863,0.110374828675312,1.98542469972537,-0.00884748337363284,0
GFM-MWT+AD,h_mp,h,mp,1,0.215443469003188,506.605918211689,3.38417809742158e-07,1718.2485551377,0.0946324637097512,1.98353865800647,-0.00759288968463765,0
GFM-MWT+AD,h_mp,h,mp,1,0.292864456462524,506.605918211689,4.60030412460116e-07,1718.24855512976,0.0772503452764268,1.98248869683011,-0.00620156770558356,0
GFM-MWT+AD,h_mp,h,mp,1,0.398107170553497,506.605918211689,6.25345281176143e-07,1718.24855512364,0.06110862371196,1.98221798546684,-0.00490643437581574,0
GFM-MWT+AD,h_mp,h,mp,1,0.541169526546464,506.605918211689,8.50067104472518e-07,1718.24855511958,0.0478681565476025,1.98246014335465,-0.00384290070211498,0
GFM-MWT+AD,h_mp,h,mp,1,0.735642254459641,506.605918211689,1.15554415114032e-06,1718.24855511619,0.0378262959663846,1.98293963507442,-0.00303600479313304,0
GFM-MWT+AD,h_mp,h,mp,1,1,506.605918211689,1.5707963267949e-06,1718.24855511376,0.0305302523060377,1.98347108653578,-0.00244975892060396,0
GFM-MWT+AD,h_mp,h,mp,1,1.35935639087853,506.605918211689,2.13527202559716e-06,1718.24855511173,0.025330866717884,1.98396030197353,-0.00203205896978063,0
GFM-MWT+AD,h_mp,h,mp,1,1.84784979742229,506.605918211689,2.90259567425963e-06,1718.24855511039,0.0216462926385863,1.98437226241935,-0.00173612045799119,0
GFM-MWT+AD,h_mp,h,mp,1,2.51188643150958,506.605918211689,3.94566197994119e-06,1718.24855510982,0.0190312453607967,1.98470251788414,-0.00152612959261552,0
GFM-MWT+AD,h_mp,h,mp,1,3.4145488738336,506.605918211689,5.36356082867947e-06,1718.24855510899,0.0171667265946913,1.9849596375049,-0.00137643443951326,0
GFM-MWT+AD,h_mp,h,mp,1,4.64158883361278,506.605918211689,7.29099069033116e-06,1718.24855510849,0.0158300511362008,1.98515618917395,-0.00126913382052165,0
GFM-MWT+AD,h_mp,h,mp,1,6.30957344480193,506.605918211689,9.9110547907375e-06,1718.24855510779,0.0148667578040492,1.98530466925002,-0.00119181521530037,0
GFM-MWT+AD,h_mp,h,mp,1,8.57695898590894,506.605918211689,1.34726556701362e-05,1718.24855510776,0.014169382104532,1.98541595101111,-0.00113584548699967,0
GFM-MWT+AD,h_mp,h,mp,1,11.6591440117983,506.605918211689,1.83141405873055e-05,1718.2485551074,0.0136626247089152,1.98549890466802,-0.00109517711083817,0
GFM-MWT+AD,h_mp,h,mp,1,15.8489319246111,506.605918211689,2.48954440508015e-05,1718.24855510751,0.0132932858999334,1.98556051006101,-0.00106553839539947,0
GFM-MWT+AD,h_mp,h,mp,1,21.5443469003188,506.605918211689,3.38417809742158e-05,1718.24855510733,0.0130234789051109,1.98560614054827,-0.00104388774406625,0
GFM-MWT+AD,h_mp,h,mp,1,29.2864456462524,506.605918211689,4.60030412460116e-05,1718.24855510683,0.0128260325237138,1.98563987509728,-0.00102804411982964,0
GFM-MWT+AD,h_mp,h,mp,1,39.8107170553497,506.605918211689,6.25345281176143e-05,1718.2485551069,0.0126813467236258,1.98566478136455,-0.00101643439138223,0
GFM-MWT+AD,h_mp,h,mp,1,54.1169526546464,506.605918211689,8.50067104472519e-05,1718.24855510721,0.0125752164707684,1.98568315176655,-0.00100791853089841,0
GFM-MWT+AD,h_mp,h,mp,1,73.5642254459641,506.605918211689,0.000115554415114032,1718.24855510717,0.0124973092688475,1.98569669187066,-0.00100166735222175,0
GFM-MWT+AD,h_mp,h,mp,1,100,506.605918211689,0.00015707963267949,1718.24855510703,0.0124400878578789,1.98570666660094,-0.000997076015410563,0
GFM-MWT+AD,h_mp,h,mp,1.35935639087853,0.01,688.657992577943,1.5707963267949e-08,1718.24855361501,0.120282140101178,1.9985950029226,-0.00957803807864245,0
GFM-MWT+AD,h_mp,h,mp,1.35935639087853,0.0135935639087853,688.657992577943,2.13527202559716e-08,1718.24855352092,0.121536462248112,1.99820062767391,-0.00967982004833872,0
GFM-MWT+AD,h_mp,h,mp,1.35935639087853,0.0184784979742229,688.657992577943,2.90259567425963e-08,1718.24855345212,0.122997074520149,1.99765323015412,-0.00979882408183641,0
GFM-MWT+AD,h_mp,h,mp,1.35935639087853,0.0251188643150958,688.657992577943,3.94566197994119e-08,1718.24855340045,0.124528646785435,1.9968971668425,-0.00992458395985865,0
GFM-MWT+AD,h_mp,h,mp,1.35935639087853,0.034145488738336,688.657992577943,5.36356082867947e-08,1718.24855336278,0.125791712910147,1.9958685845694,-0.0100304027652141,0
GFM-MWT+AD,h_mp,h,mp,1.35935639087853,0.0464158883361278,688.657992577943,7.29099069033116e-08,1718.24855333528,0.126116482806659,1.99451529459526,-0.0100631192752923,0
GFM-MWT+AD,h_mp,h,mp,1.35935639087853,0.0630957344480193,688.657992577943,9.9110547907375e-08,1718.24855331506,0.12444377472306,1.9928438993507,-0.009937990535945,0
GFM-MWT+AD,h_mp,h,mp,1.35935639087853,0.0857695898590894,688.657992577943,1.34726556701362e-07,1718.24855330027,0.119567268030039,1.99098841242328,-0.00955749036986048,0
GFM-MWT+AD,h_mp,h,mp,1.35935639087853,0.116591440117983,688.657992577943,1.83141405873055e-07,1718.24855328903,0.110872680127502,1.9892382576892,-0.00887035064585992,0
GFM-MWT+AD,h_mp,h,mp,1.35935639087853,0.158489319246111,688.657992577943,2.48954440508015e-07,1718.2485532809,0.0991539609993006,1.98793073325811,-0.00793807628644998,0
GFM-MWT+AD,h_mp,h,mp,1.35935639087853,0.215443469003188,688.657992577943,3.38417809742158e-07,1718.24855327516,0.0864640437808615,1.9872461149491,-0.00692458268592956,0
GFM-MWT+AD,h_mp,h,mp,1.35935639087853,0.292864456462524,688.657992577943,4.60030412460116e-07,1718.24855327064,0.0748813383935305,1.98711805435247,-0.0059973894304043,0
GFM-MWT+AD,h_mp,h,mp,1.35935639087853,0.398107170553497,688.657992577943,6.25345281176143e-07,1718.24855326752,0.0655096290072749,1.98734056408148,-0.00524622602928054,0
GFM-MWT+AD,h_mp,h,mp,1.35935639087853,0.541169526546464,688.657992577943,8.50067104472518e-07,1718.24855326475,0.0584716691106427,1.98771484895535,-0.00468173449833488,0
GFM-MWT+AD,h_mp,h,mp,1.35935639087853,0.735642254459641,688.657992577943,1.15554415114032e-06,1718.24855326362,0.0533921598697982,1.9881129224791,-0.00427417801541349,0
GFM-MWT+AD,h_mp,h,mp,1.35935639087853,1,688.657992577943,1.5707963267949e-06,1718.24855326188,0.049788148541372,1.98847247453826,-0.00398495183252405,0
GFM-MWT+AD,h_mp,h,mp,1.35935639087853,1.35935639087853,688.657992577943,2.13527202559716e-06,1718.24855326075,0.0472413940949716,1.98877206899295,-0.00378054769328534,0
GFM-MWT+AD,h_mp,h,mp,1.35935639087853,1.84784979742229,688.657992577943,2.90259567425963e-06,1718.24855326056,0.0454372391199372,1.98901070411081,-0.00363573378256304,0
GFM-MWT+AD,h_mp,h,mp,1.35935639087853,2.51188643150958,688.657992577943,3.94566197994119e-06,1718.24855325968,0.0441524582783726,1.9891957255553,-0.00353260267342249,0
GFM-MWT+AD,h_mp,h,mp,1.35935639087853,3.4145488738336,688.657992577943,5.36356082867947e-06,1718.24855325929,0.0432321539697194,1.98933677286279,-0.00345872551239313,0
GFM-MWT+AD,h_mp,h,mp,1.35935639087853,4.64158883361278,688.657992577943,7.29099069033116e-06,1718.24855325904,0.0425692953262749,1.98944312250313,-0.00340551303583966,0
GFM-MWT+AD,h_mp,h,mp,1.35935639087853,6.30957344480193,688.657992577943,9.9110547907375e-06,1718.24855325918,0.0420896049149906,1.98952272378002,-0.00336700386671378,0
GFM-MWT+AD,h_mp,h,mp,1.35935639087853,8.57695898590894,688.657992577943,1.34726556701362e-05,1718.24855325912,0.041741126007609,1.9895820064048,-0.00333902773516172,0
GFM-MWT+AD,h_mp,h,mp,1.35935639087853,11.6591440117983,688.657992577943,1.83141405873055e-05,1718.24855325878,0.0414871937314427,1.98962600329126,-0.00331864158704296,0
GFM-MWT+AD,h_mp,h,mp,1.35935639087853,15.8489319246111,688.657992577943,2.48954440508015e-05,1718.2485532588,0.0413017182166049,1.98965857574855,-0.0033037511153694,0
GFM-MWT+AD,h_mp,h,mp,1.35935639087853,21.5443469003188,688.657992577943,3.38417809742158e-05,1718.2485532585,0.0411659995076061,1.9896826481756,-0.00329285516701628,0
GFM-MWT+AD,h_mp,h,mp,1.35935639087853,29.2864456462524,688.657992577943,4.60030412460116e-05,1718.24855325841,0.0410665539553459,1.98970041641289,-0.0032848713007598,0
GFM-MWT+AD,h_mp,h,mp,1.35935639087853,39.8107170553497,688.657992577943,6.25345281176143e-05,1718.2485532585,0.0409936122815293,1.98971351954091,-0.00327901524063185,0
GFM-MWT+AD,h_mp,h,mp,1.35935639087853,54.1169526546464,688.657992577943,8.50067104472519e-05,1718.24855325864,0.0409400698299818,1.98972317603511,-0.00327471661651687,0
GFM-MWT+AD,h_mp,h,mp,1.35935639087853,73.5642254459641,688.657992577943,0.000115554415114032,1718.24855325845,0.0409007450005983,1.98973028909483,-0.00327155943815764,0
GFM-MWT+AD,h_mp,h,mp,1.35935639087853,100,688.657992577943,0.00015707963267949,1718.24855325828,0.0408718502586534,1.98973552679542,-0.00326923963111058,0
GFM-MWT+AD,h_mp,h,mp,1.84784979742229,0.01,936.131643340403,1.5707963267949e-08,1718.24855209194,0.12006931407799,1.99857833275139,-0.00956117208578555,0
GFM-MWT+AD,h_mp,h,mp,1.84784979742229,0.0135935639087853,936.131643340403,2.13527202559716e-08,1718.24855204097,0.121135171905833,1.99817440314824,-0.00964798870783548,0
GFM-MWT+AD,h_mp,h,mp,1.84784979742229,0.0184784979742229,936.131643340403,2.90259567425963e-08,1718.24855200337,0.122244450505776,1.99761631636955,-0.00973905033677525,0
GFM-MWT+AD,h_mp,h,mp,1.84784979742229,0.0251188643150958,936.131643340403,3.94566197994119e-08,1718.24855197544,0.123139257657,1.99685720658156,-0.00981406063908866,0
GFM-MWT+AD,h_mp,h,mp,1.84784979742229,0.034145488738336,936.131643340403,5.36356082867947e-08,1718.24855195514,0.123314061287979,1.99585976973468,-0.00983290204050389,0
GFM-MWT+AD,h_mp,h,mp,1.84784979742229,0.0464158883361278,936.131643340403,7.29099069033116e-08,1718.24855193978,0.121976588341316,1.99463222035073,-0.00973224907349732,0
GFM-MWT+AD,h_mp,h,mp,1.84784979742229,0.0630957344480193,936.131643340403,9.9110547907375e-08,1718.24855192924,0.118243268715282,1.99327949492538,-0.00944080450093605,0
GFM-MWT+AD,h_mp,h,mp,1.84784979742229,0.0857695898590894,936.131643340403,1.34726556701362e-07,1718.24855192077,0.111707418084584,1.99202061374183,-0.00892464646064688,0
GFM-MWT+AD,h_mp,h,mp,1.84784979742229,0.116591440117983,936.131643340403,1.83141405873055e-07,1718.24855191504,0.103029924723375,1.99110179278581,-0.00823522223649568,0
GFM-MWT+AD,h_mp,h,mp,1.84784979742229,0.158489319246111,936.131643340403,2.48954440508015e-07,1718.24855191082,0.0937644020422064,1.99064349057208,-0.00749639442121006,0
GFM-MWT+AD,h_mp,h,mp,1.84784979742229,0.215443469003188,936.131643340403,3.38417809742158e-07,1718.24855190745,0.0854094238286228,1.99058436407073,-0.00682865559401713,0
GFM-MWT+AD,h_mp,h,mp,1.84784979742229,0.292864456462524,936.131643340403,4.60030412460116e-07,1718.24855190506,0.0787122989177688,1.99076879563011,-0.00629264606352784,0
GFM-MWT+AD,h_mp,h,mp,1.84784979742229,0.398107170553497,936.131643340403,6.25345281176143e-07,1718.24855190397,0.0737158056032737,1.99105337732505,-0.0058923740094502,0
GFM-MWT+AD,h_mp,h,mp,1.84784979742229,0.541169526546464,936.131643340403,8.50067104472518e-07,1718.24855190208,0.0701252912416626,1.99134852903876,-0.00560454952367459,0
GFM-MWT+AD,h_mp,h,mp,1.84784979742229,0.735642254459641,936.131643340403,1.15554415114032e-06,1718.24855190152,0.0675848331019236,1.99161195579227,-0.00540080278086371,0
GFM-MWT+AD,h_mp,h,mp,1.84784979742229,1,936.131643340403,1.5707963267949e-06,1718.24855190021,0.0657928143717333,1.99182998666305,-0.00525702846263161,0
GFM-MWT+AD,h_mp,h,mp,1.84784979742229,1.35935639087853,936.131643340403,2.13527202559716e-06,1718.24855189975,0.0645247674364543,1.99200294297861,-0.005155263078606,0
GFM-MWT+AD,h_mp,h,mp,1.84784979742229,1.84784979742229,936.131643340403,2.90259567425963e-06,1718.24855189946,0.063622428973801,1.99213668770199,-0.00508283057241069,0
GFM-MWT+AD,h_mp,h,mp,1.84784979742229,2.51188643150958,936.131643340403,3.94566197994119e-06,1718.24855189874,0.0629763885878745,1.99223846575814,-0.00503096234174583,0
GFM-MWT+AD,h_mp,h,mp,1.84784979742229,3.4145488738336,936.131643340403,5.36356082867947e-06,1718.24855189886,0.0625112242906708,1.99231511396943,-0.00499361081465072,0
GFM-MWT+AD,h_mp,h,mp,1.84784979742229,4.64158883361278,936.131643340403,7.29099069033116e-06,1718.24855189898,0.0621746748858953,1.99237243597394,-0.00496658386706339,0
GFM-MWT+AD,h_mp,h,mp,1.84784979742229,6.30957344480193,936.131643340403,9.9110547907375e-06,1718.24855189892,0.0619302212369423,1.992415100905,-0.00494695117782863,0
GFM-MWT+AD,h_mp,h,mp,1.84784979742229,8.57695898590894,936.131643340403,1.34726556701362e-05,1718.24855189902,0.0617521104511172,1.99244675148358,-0.00493264577948264,0
GFM-MWT+AD,h_mp,h,mp,1.84784979742229,11.6591440117983,936.131643340403,1.83141405873055e-05,1718.2485518985,0.0616220261003912,1.9924701763894,-0.00492219726304287,0
GFM-MWT+AD,h_mp,h,mp,1.84784979742229,15.8489319246111,936.131643340403,2.48954440508015e-05,1718.24855189848,0.0615268443297359,1.99248748457484,-0.00491455189915533,0
GFM-MWT+AD,h_mp,h,mp,1.84784979742229,21.5443469003188,936.131643340403,3.38417809742158e-05,1718.24855189866,0.0614571042889249,1.99250025796415,-0.00490894997037853,0
GFM-MWT+AD,h_mp,h,mp,1.84784979742229,29.2864456462524,936.131643340403,4.60030412460116e-05,1718.24855189848,0.0614059526086151,1.99250967655733,-0.00490484109044118,0
GFM-MWT+AD,h_mp,h,mp,1.84784979742229,39.8107170553497,936.131643340403,6.25345281176143e-05,1718.24855189834,0.061368405799332,1.99251661710325,-0.00490182501208521,0
GFM-MWT+AD,h_mp,h,mp,1.84784979742229,54.1169526546464,936.131643340403,8.50067104472519e-05,1718.24855189856,0.0613408295633459,1.99252172924939,-0.0048996098320262,0
GFM-MWT+AD,h_mp,h,mp,1.84784979742229,73.5642254459641,936.131643340403,0.000115554415114032,1718.24855189845,0.0613205676041615,1.99252549340989,-0.00489798219044077,0
GFM-MWT+AD,h_mp,h,mp,1.84784979742229,100,936.131643340403,0.00015707963267949,1718.24855189821,0.0613056751723073,1.99252826434593,-0.00489678587589631,0
GFM-MWT+AD,h_mp,h,mp,2.51188643150958,0.01,1272.53653207839,1.5707963267949e-08,1718.24855100213,0.119773306752152,1.99855916849919,-0.00953769448764547,0
GFM-MWT+AD,h_mp,h,mp,2.51188643150958,0.0135935639087853,1272.53653207839,2.13527202559716e-08,1718.24855097491,0.120579820735385,1.99814760225913,-0.0096038898391637,0
GFM-MWT+AD,h_mp,h,mp,2.51188643150958,0.0184784979742229,1272.53653207839,2.90259567425963e-08,1718.24855095514,0.121219301821067,1.99758788320515,-0.00965752322241419,0
GFM-MWT+AD,h_mp,h,mp,2.51188643150958,0.0251188643150958,1272.53653207839,3.94566197994119e-08,1718.24855093989,0.121312957028216,1.99685319749022,-0.00966853964715356,0
GFM-MWT+AD,h_mp,h,mp,2.51188643150958,0.034145488738336,1272.53653207839,5.36356082867947e-08,1718.24855092871,0.120271224767138,1.99595147331173,-0.0095898522487054,0
GFM-MWT+AD,h_mp,h,mp,2.51188643150958,0.0464158883361278,1272.53653207839,7.29099069033116e-08,1718.2485509206,0.117447308218036,1.99496337071383,-0.00936934455191484,0
GFM-MWT+AD,h_mp,h,mp,2.51188643150958,0.0630957344480193,1272.53653207839,9.9110547907375e-08,1718.24855091465,0.112568003133418,1.9940531079473,-0.00898422965729652,0
GFM-MWT+AD,h_mp,h,mp,2.51188643150958,0.0857695898590894,1272.53653207839,1.34726556701362e-07,1718.2485509103,0.106160679821675,1.99340030510323,-0.00847566342981367,0
GFM-MWT+AD,h_mp,h,mp,2.51188643150958,0.116591440117983,1272.53653207839,1.83141405873055e-07,1718.24855090719,0.0993883229607833,1.99308676982977,-0.00793625494400639,0
GFM-MWT+AD,h_mp,h,mp,2.51188643150958,0.158489319246111,1272.53653207839,2.48954440508015e-07,1718.24855090439,0.0933339057227758,1.99306095091936,-0.00745292806262194,0
GFM-MWT+AD,h_mp,h,mp,2.51188643150958,0.215443469003188,1272.53653207839,3.38417809742158e-07,1718.24855090285,0.088512327922521,1.99320666526715,-0.007067417011353,0
GFM-MWT+AD,h_mp,h,mp,2.51188643150958,0.292864456462524,1272.53653207839,4.60030412460116e-07,1718.24855090156,0.0849311908392431,1.99342017810068,-0.00678076214806841,0
GFM-MWT+AD,h_mp,h,mp,2.51188643150958,0.398107170553497,1272.53653207839,6.25345281176143e-07,1718.24855090071,0.0823652406555599,1.99363804513354,-0.00657519144468122,0
GFM-MWT+AD,h_mp,h,mp,2.51188643150958,0.541169526546464,1272.53653207839,8.50067104472518e-07,1718.24855090005,0.0805530490422798,1.99383096894761,-0.00642990860873055,0
GFM-MWT+AD,h_mp,h,mp,2.51188643150958,0.735642254459641,1272.53653207839,1.15554415114032e-06,1718.24855089941,0.0792762219909753,1.99398993687841,-0.00632748931446668,0
GFM-MWT+AD,h_mp,h,mp,2.51188643150958,1,1272.53653207839,1.5707963267949e-06,1718.24855089865,0.0783733902609729,1.99411569684365,-0.0062550374926046,0
GFM-MWT+AD,h_mp,h,mp,2.51188643150958,1.35935639087853,1272.53653207839,2.13527202559716e-06,1718.24855089862,0.0777312398047898,1.994212774411,-0.00620348698990977,0
GFM-MWT+AD,h_mp,h,mp,2.51188643150958,1.84784979742229,1272.53653207839,2.90259567425963e-06,1718.24855089838,0.0772716254672359,1.99428656264603,-0.00616657984499025,0
GFM-MWT+AD,h_mp,h,mp,2.51188643150958,2.51188643150958,1272.53653207839,3.94566197994119e-06,1718.24855089837,0.0769407599911078,1.99434208741747,-0.00614000553226469,0
GFM-MWT+AD,h_mp,h,mp,2.51188643150958,3.4145488738336,1272.53653207839,5.36356082867947e-06,1718.24855089846,0.0767014098385119,1.99438358889422,-0.00612077832720746,0
GFM-MWT+AD,h_mp,h,mp,2.51188643150958,4.64158883361278,1272.53653207839,7.29099069033116e-06,1718.24855089792,0.0765275737680806,1.99441446637957,-0.00610681217004794,0
GFM-MWT+AD,h_mp,h,mp,2.51188643150958,6.30957344480193,1272.53653207839,9.9110547907375e-06,1718.24855089828,0.0764009239166213,1.99443736609883,-0.00609663603534315,0
GFM-MWT+AD,h_mp,h,mp,2.51188643150958,8.57695898590894,1272.53653207839,1.34726556701362e-05,1718.24855089803,0.0763084287388156,1.99445431097286,-0.00608920365254412,0
GFM-MWT+AD,h_mp,h,mp,2.51188643150958,11.6591440117983,1272.53653207839,1.83141405873055e-05,1718.24855089806,0.0762407529730453,1.99446682935993,-0.00608376532779345,0
GFM-MWT+AD,h_mp,h,mp,2.51188643150958,15.8489319246111,1272.53653207839,2.48954440508015e-05,1718.24855089796,0.0761911678966086,1.99447606691067,-0.00607978058748,0
GFM-MWT+AD,h_mp,h,mp,2.51188643150958,21.5443469003188,1272.53653207839,3.38417809742158e-05,1718.24855089794,0.0761547997437127,1.99448287778548,-0.00607685789624361,0
GFM-MWT+AD,h_mp,h,mp,2.51188643150958,29.2864456462524,1272.53653207839,4.60030412460116e-05,1718.24855089831,0.07612810482168,1.9944878964246,-0.00607471253854067,0
GFM-MWT+AD,h_mp,h,mp,2.51188643150958,39.8107170553497,1272.53653207839,6.25345281176143e-05,1718.2485508979,0.0761084989245984,1.99449159281203,-0.00607313687062008,0
GFM-MWT+AD,h_mp,h,mp,2.51188643150958,54.1169526546464,1272.53653207839,8.50067104472519e-05,1718.24855089818,0.0760940933410389,1.99449431443967,-0.0060719791229121,0
GFM-MWT+AD,h_mp,h,mp,2.51188643150958,73.5642254459641,1272.53653207839,0.000115554415114032,1718.24855089789,0.0760835053884483,1.99449631788702,-0.00607112818313364,0
GFM-MWT+AD,h_mp,h,mp,2.51188643150958,100,1272.53653207839,0.00015707963267949,1718.2485508981,0.0760757215564134,1.9944977924142,-0.00607050260281062,0
GFM-MWT+AD,h_mp,h,mp,3.4145488738336,0.01,1729.83066750716,1.5707963267949e-08,1718.24855021863,0.119363859904843,1.99853964625736,-0.00950518552640073,0
GFM-MWT+AD,h_mp,h,mp,3.4145488738336,0.0135935639087853,1729.83066750716,2.13527202559716e-08,1718.24855020362,0.11982405598687,1.99812721178364,-0.00954379789524855,0
GFM-MWT+AD,h_mp,h,mp,3.4145488738336,0.0184784979742229,1729.83066750716,2.90259567425963e-08,1718.24855019278,0.11987395488414,1.99758628319418,-0.00955035711771252,0
GFM-MWT+AD,h_mp,h,mp,3.4145488738336,0.0251188643150958,1729.83066750716,3.94566197994119e-08,1718.24855018472,0.119076357757818,1.99692373946309,-0.00948996557250616,0
GFM-MWT+AD,h_mp,h,mp,3.4145488738336,0.034145488738336,1729.83066750716,5.36356082867947e-08,1718.24855017863,0.116957633030126,1.99620079908761,-0.00932450091887442,0
GFM-MWT+AD,h_mp,h,mp,3.4145488738336,0.0464158883361278,1729.83066750716,7.29099069033116e-08,1718.24855017436,0.113331415514002,1.99553985409705,-0.00903841543242531,0
GFM-MWT+AD,h_mp,h,mp,3.4145488738336,0.0630957344480193,1729.83066750716,9.9110547907375e-08,1718.24855017112,0.10860769801036,1.99507204131171,-0.00866374892653733,0
GFM-MWT+AD,h_mp,h,mp,3.4145488738336,0.0857695898590894,1729.83066750716,1.34726556701362e-07,1718.24855016882,0.103651507695587,1.99485379094251,-0.0082693207089896,0
GFM-MWT+AD,h_mp,h,mp,3.4145488738336,0.116591440117983,1729.83066750716,1.83141405873055e-07,1718.24855016641,0.0992479436709387,1.99484385945669,-0.0079180661580778,0
GFM-MWT+AD,h_mp,h,mp,3.4145488738336,0.158489319246111,1729.83066750716,2.48954440508015e-07,1718.2485501657,0.0957571074774199,1.994956046071,-0.0076391519155504,0
GFM-MWT+AD,h_mp,h,mp,3.4145488738336,0.215443469003188,1729.83066750716,3.38417809742158e-07,1718.2485501645,0.0931724182519977,1.99511506731318,-0.00743237399571297,0
GFM-MWT+AD,h_mp,h,mp,3.4145488738336,0.292864456462524,1729.83066750716,4.60030412460116e-07,1718.24855016432,0.0913241437953012,1.99527556360894,-0.00728435888738173,0
GFM-MWT+AD,h_mp,h,mp,3.4145488738336,0.398107170553497,1729.83066750716,6.25345281176143e-07,1718.2485501636,0.0900204416953236,1.99541692471052,-0.00717986742813403,0
GFM-MWT+AD,h_mp,h,mp,3.4145488738336,0.541169526546464,1729.83066750716,8.50067104472518e-07,1718.24855016321,0.0891026000428052,1.99553305107315,-0.00710625221772593,0
GFM-MWT+AD,h_mp,h,mp,3.4145488738336,0.735642254459641,1729.83066750716,1.15554415114032e-06,1718.24855016262,0.0884539204006787,1.99562474740946,-0.00705419614187104,0
GFM-MWT+AD,h_mp,h,mp,3.4145488738336,1,1729.83066750716,1.5707963267949e-06,1718.2485501625,0.0879926821829764,1.99569544512047,-0.00701716565068762,0
GFM-MWT+AD,h_mp,h,mp,3.4145488738336,1.35935639087853,1729.83066750716,2.13527202559716e-06,1718.24855016257,0.0876626208272033,1.99574913899742,-0.00699065741358104,0
GFM-MWT+AD,h_mp,h,mp,3.4145488738336,1.84784979742229,1729.83066750716,2.90259567425963e-06,1718.24855016227,0.0874250490402673,1.99578952082429,-0.00697157211348818,0
GFM-MWT+AD,h_mp,h,mp,3.4145488738336,2.51188643150958,1729.83066750716,3.94566197994119e-06,1718.24855016218,0.0872532034807223,1.99581969230603,-0.00695776404612663,0
GFM-MWT+AD,h_mp,h,mp,3.4145488738336,3.4145488738336,1729.83066750716,5.36356082867947e-06,1718.24855016199,0.0871284025129715,1.99584213410703,-0.006947734501433,0
GFM-MWT+AD,h_mp,h,mp,3.4145488738336,4.64158883361278,1729.83066750716,7.29099069033116e-06,1718.24855016251,0.0870374815081284,1.99585877445015,-0.00694042682615748,0
GFM-MWT+AD,h_mp,h,mp,3.4145488738336,6.30957344480193,1729.83066750716,9.9110547907375e-06,1718.2485501619,0.0869710818819364,1.99587108592926,-0.00693508955330605,0
GFM-MWT+AD,h_mp,h,mp,3.4145488738336,8.57695898590894,1729.83066750716,1.34726556701362e-05,1718.2485501623,0.0869225004236849,1.99588018038415,-0.00693118426398093,0
GFM-MWT+AD,h_mp,h,mp,3.4145488738336,11.6591440117983,1729.83066750716,1.83141405873055e-05,1718.24855016222,0.0868869060169142,1.99588689086195,-0.00692832281573172,0
GFM-MWT+AD,h_mp,h,mp,3.4145488738336,15.8489319246111,1729.83066750716,2.48954440508015e-05,1718.24855016212,0.0868607995983917,1.99589183825475,-0.00692622403367844,0
GFM-MWT+AD,h_mp,h,mp,3.4145488738336,21.5443469003188,1729.83066750716,3.38417809742158e-05,1718.24855016212,0.0868416371496028,1.99589548363537,-0.00692468345874596,0
GFM-MWT+AD,h_mp,h,mp,3.4145488738336,29.2864456462524,1729.83066750716,4.60030412460116e-05,1718.24855016192,0.0868275634893301,1.99589816849441,-0.0069235519769585,0
GFM-MWT+AD,h_mp,h,mp,3.4145488738336,39.8107170553497,1729.83066750716,6.25345281176143e-05,1718.24855016188,0.0868172228285864,1.99590014530247,-0.00692272060529245,0
GFM-MWT+AD,h_mp,h,mp,3.4145488738336,54.1169526546464,1729.83066750716,8.50067104472519e-05,1718.2485501619,0.0868096225735008,1.9959016004503,-0.00692210955096066,0
GFM-MWT+AD,h_mp,h,mp,3.4145488738336,73.5642254459641,1729.83066750716,0.000115554415114032,1718.24855016186,0.0868040351670359,1.99590267141643,-0.00692166032442721,0
GFM-MWT+AD,h_mp,h,mp,3.4145488738336,100,1729.83066750716,0.00015707963267949,1718.24855016223,0.0867999268159583,1.9959034595346,-0.00692133001174743,0
GFM-MWT+AD,h_mp,h,mp,4.64158883361278,0.01,2351.45637301352,1.5707963267949e-08,1718.24854965131,0.118807022373188,1.99852493281572,-0.00946091705199612,0
GFM-MWT+AD,h_mp,h,mp,4.64158883361278,0.0135935639087853,2351.45637301352,2.13527202559716e-08,1718.2485496433,0.118833414830228,1.99812676858105,-0.00946490407991164,0
GFM-MWT+AD,h_mp,h,mp,4.64158883361278,0.0184784979742229,2351.45637301352,2.90259567425963e-08,1718.24854963716,0.118229777062428,1.99763984448642,-0.00941912465292075,0
GFM-MWT+AD,h_mp,h,mp,4.64158883361278,0.0251188643150958,2351.45637301352,3.94566197994119e-08,1718.24854963286,0.116649046404134,1.99711021510088,-0.00929566634697068,0
GFM-MWT+AD,h_mp,h,mp,4.64158883361278,0.034145488738336,2351.45637301352,5.36356082867947e-08,1718.24854962978,0.113962245450653,1.99662873757969,-0.00908376505865033,0
GFM-MWT+AD,h_mp,h,mp,4.64158883361278,0.0464158883361278,2351.45637301352,7.29099069033116e-08,1718.24854962705,0.110482777005333,1.99629126919978,-0.00880793212352478,0
GFM-MWT+AD,h_mp,h,mp,4.64158883361278,0.0630957344480193,2351.45637301352,9.9110547907375e-08,1718.24854962566,0.106851572623242,1.99613727225727,-0.00851912294699158,0
GFM-MWT+AD,h_mp,h,mp,4.64158883361278,0.0857695898590894,2351.45637301352,1.34726556701362e-07,1718.24854962387,0.103639533796867,1.99613467491812,-0.00826306019615393,0
GFM-MWT+AD,h_mp,h,mp,4.64158883361278,0.116591440117983,2351.45637301352,1.83141405873055e-07,1718.24854962289,0.101101559657542,1.99621974063888,-0.00806038029273622,0
GFM-MWT+AD,h_mp,h,mp,4.64158883361278,0.158489319246111,2351.45637301352,2.48954440508015e-07,1718.24854962242,0.0992265166744419,1.99633766939669,-0.00791043356281083,0
GFM-MWT+AD,h_mp,h,mp,4.64158883361278,0.215443469003188,2351.45637301352,3.38417809742158e-07,1718.24854962216,0.0978875772481964,1.99645579504421,-0.00780323686720935,0
GFM-MWT+AD,h_mp,h,mp,4.64158883361278,0.292864456462524,2351.45637301352,4.60030412460116e-07,1718.2485496215,0.096943962202329,1.99655944938753,-0.00772761868031621,0
GFM-MWT+AD,h_mp,h,mp,4.64158883361278,0.398107170553497,2351.45637301352,6.25345281176143e-07,1718.24854962136,0.0962799887975101,1.99664441928842,-0.00767436842497775,0
GFM-MWT+AD,h_mp,h,mp,4.64158883361278,0.541169526546464,2351.45637301352,8.50067104472518e-07,1718.24854962134,0.0958108861870278,1.99671142612804,-0.00763672270409639,0
GFM-MWT+AD,h_mp,h,mp,4.64158883361278,0.735642254459641,2351.45637301352,1.15554415114032e-06,1718.24854962083,0.0954774051946188,1.99676304481381,-0.00760994702003146,0
GFM-MWT+AD,h_mp,h,mp,4.64158883361278,1,2351.45637301352,1.5707963267949e-06,1718.2485496207,0.0952387991345371,1.9968022264514,-0.00759078127795734,0
GFM-MWT+AD,h_mp,h,mp,4.64158883361278,1.35935639087853,2351.45637301352,2.13527202559716e-06,1718.2485496205,0.095067070401345,1.99683168268042,-0.0075769830685198,0
GFM-MWT+AD,h_mp,h,mp,4.64158883361278,1.84784979742229,2351.45637301352,2.90259567425963e-06,1718.24854962107,0.0949428592712829,1.99685368516992,-0.00756700045523297,0
GFM-MWT+AD,h_mp,h,mp,4.64158883361278,2.51188643150958,2351.45637301352,3.94566197994119e-06,1718.24854962065,0.0948526559532978,1.99687004771847,-0.00755974966771338,0
GFM-MWT+AD,h_mp,h,mp,4.64158883361278,3.4145488738336,2351.45637301352,5.36356082867947e-06,1718.2485496206,0.094786942132168,1.99688217872769,-0.00755446668917624,0
GFM-MWT+AD,h_mp,h,mp,4.64158883361278,4.64158883361278,2351.45637301352,7.29099069033116e-06,1718.24854962063,0.0947389522835409,1.99689115307831,-0.00755060821111655,0
GFM-MWT+AD,h_mp,h,mp,4.64158883361278,6.30957344480193,2351.45637301352,9.9110547907375e-06,1718.24854962088,0.0947038408670236,1.99689778193933,-0.00754778496852025,0
GFM-MWT+AD,h_mp,h,mp,4.64158883361278,8.57695898590894,2351.45637301352,1.34726556701362e-05,1718.24854962049,0.0946781158773711,1.99690267289385,-0.00754571635329793,0
GFM-MWT+AD,h_mp,h,mp,4.64158883361278,11.6591440117983,2351.45637301352,1.83141405873055e-05,1718.24854962058,0.0946592482490616,1.99690627868532,-0.00754419909299259,0
GFM-MWT+AD,h_mp,h,mp,4.64158883361278,15.8489319246111,2351.45637301352,2.48954440508015e-05,1718.24854962067,0.0946453992190202,1.99690893546151,-0.00754308537392696,0
GFM-MWT+AD,h_mp,h,mp,4.64158883361278,21.5443469003188,2351.45637301352,3.38417809742158e-05,1718.24854962081,0.0946352279940146,1.99691089216615,-0.00754226739984977,0
GFM-MWT+AD,h_mp,h,mp,4.64158883361278,29.2864456462524,2351.45637301352,4.60030412460116e-05,1718.24854962107,0.0946277546631938,1.99691233282621,-0.00754166638133471,0
GFM-MWT+AD,h_mp,h,mp,4.64158883361278,39.8107170553497,2351.45637301352,6.25345281176143e-05,1718.24854962059,0.0946222618769823,1.99691339329952,-0.00754122463619768,0
GFM-MWT+AD,h_mp,h,mp,4.64158883361278,54.1169526546464,2351.45637301352,8.50067104472519e-05,1718.24854962032,0.0946182238042725,1.99691417378572,-0.00754089988017801,0
GFM-MWT+AD,h_mp,h,mp,4.64158883361278,73.5642254459641,2351.45637301352,0.000115554415114032,1718.24854962034,0.0946152546639578,1.99691474813656,-0.00754066108984993,0
GFM-MWT+AD,h_mp,h,mp,4.64158883361278,100,2351.45637301352,0.00015707963267949,1718.248549621,0.0946130712238324,1.99691517075933,-0.00754048548783667,0
GFM-MWT+AD,h_mp,h,mp,6.30957344480193,0.01,3196.46724852797,1.5707963267949e-08,1718.24854923871,0.118077772581998,1.99852500531657,-0.00940284977375256,0
GFM-MWT+AD,h_mp,h,mp,6.30957344480193,0.0135935639087853,3196.46724852797,2.13527202559716e-08,1718.24854923442,0.117624580673249,1.99816707290355,-0.00936844178346683,0
GFM-MWT+AD,h_mp,h,mp,6.30957344480193,0.0184784979742229,3196.46724852797,2.90259567425963e-08,1718.2485492314,0.116449871892122,1.99777866652768,-0.00927669093459579,0
GFM-MWT+AD,h_mp,h,mp,6.30957344480193,0.0251188643150958,3196.46724852797,3.94566197994119e-08,1718.24854922896,0.114463239933182,1.997427052857,-0.00912004910389656,0
GFM-MWT+AD,h_mp,h,mp,6.30957344480193,0.034145488738336,3196.46724852797,5.36356082867947e-08,1718.24854922697,0.111901559809169,1.99718238905562,-0.00891705154664103,0
GFM-MWT+AD,h_mp,h,mp,6.30957344480193,0.0464158883361278,3196.46724852797,7.29099069033116e-08,1718.24854922583,0.109238586931256,1.99707258960395,-0.00870534320492142,0
GFM-MWT+AD,h_mp,h,mp,6.30957344480193,0.0630957344480193,3196.46724852797,9.9110547907375e-08,1718.24854922475,0.106890560631134,1.99707315097947,-0.00851823773725165,0
GFM-MWT+AD,h_mp,h,mp,6.30957344480193,0.0857695898590894,3196.46724852797,1.34726556701362e-07,1718.24854922405,0.105039629026628,1.99713703841931,-0.0083704774337921,0
GFM-MWT+AD,h_mp,h,mp,6.30957344480193,0.116591440117983,3196.46724852797,1.83141405873055e-07,1718.24854922361,0.103674313108083,1.99722426231439,-0.00826132379666343,0
GFM-MWT+AD,h_mp,h,mp,6.30957344480193,0.158489319246111,3196.46724852797,2.48954440508015e-07,1718.24854922349,0.102700330336043,1.99731116841073,-0.00818336080005302,0
GFM-MWT+AD,h_mp,h,mp,6.30957344480193,0.215443469003188,3196.46724852797,3.38417809742158e-07,1718.24854922296,0.102014339169409,1.9973872268132,-0.00812839381005543,0
GFM-MWT+AD,h_mp,h,mp,6.30957344480193,0.292864456462524,3196.46724852797,4.60030412460116e-07,1718.24854922301,0.101531824592976,1.99744948133067,-0.00808969796207715,0
GFM-MWT+AD,h_mp,h,mp,6.30957344480193,0.398107170553497,3196.46724852797,6.25345281176143e-07,1718.24854922265,0.101191003766865,1.9974985295196,-0.00806234636663944,0
GFM-MWT+AD,h_mp,h,mp,6.30957344480193,0.541169526546464,3196.46724852797,8.50067104472518e-07,1718.24854922245,0.100948752723974,1.99753629122928,-0.00804289434002795,0
GFM-MWT+AD,h_mp,h,mp,6.30957344480193,0.735642254459641,3196.46724852797,1.15554415114032e-06,1718.24854922262,0.100775438080374,1.99756494320227,-0.00802897156850301,0
GFM-MWT+AD,h_mp,h,mp,6.30957344480193,1,3196.46724852797,1.5707963267949e-06,1718.2485492226,0.100650708302431,1.99758647751448,-0.0080189483074032,0
GFM-MWT+AD,h_mp,h,mp,6.30957344480193,1.35935639087853,3196.46724852797,2.13527202559716e-06,1718.24854922214,0.100560495107995,1.99760255963768,-0.00801169689216503,0
GFM-MWT+AD,h_mp,h,mp,6.30957344480193,1.84784979742229,3196.46724852797,2.90259567425963e-06,1718.24854922231,0.100494983229885,1.99761451780033,-0.00800642994252647,0
GFM-MWT+AD,h_mp,h,mp,6.30957344480193,2.51188643150958,3196.46724852797,3.94566197994119e-06,1718.24854922209,0.100447258236549,1.99762338260344,-0.00800259242763322,0
GFM-MWT+AD,h_mp,h,mp,6.30957344480193,3.4145488738336,3196.46724852797,5.36356082867947e-06,1718.24854922253,0.100412405824679,1.99762994020958,-0.00799978966854874,0
GFM-MWT+AD,h_mp,h,mp,6.30957344480193,4.64158883361278,3196.46724852797,7.29099069033116e-06,1718.24854922219,0.100386906550568,1.99763478371254,-0.00799773889800447,0
GFM-MWT+AD,h_mp,h,mp,6.30957344480193,6.30957344480193,3196.46724852797,9.9110547907375e-06,1718.24854922232,0.100368224193632,1.9976383572529,-0.00799623628236169,0
GFM-MWT+AD,h_mp,h,mp,6.30957344480193,8.57695898590894,3196.46724852797,1.34726556701362e-05,1718.24854922234,0.100354521953447,1.99764099172955,-0.00799513416506863,0
GFM-MWT+AD,h_mp,h,mp,6.30957344480193,11.6591440117983,3196.46724852797,1.83141405873055e-05,1718.24854922223,0.100344464403714,1.9976429327951,-0.0079943251749567,0
GFM-MWT+AD,h_mp,h,mp,6.30957344480193,15.8489319246111,3196.46724852797,2.48954440508015e-05,1718.24854922238,0.100337077799558,1.99764436236284,-0.00799373101035122,0
GFM-MWT+AD,h_mp,h,mp,6.30957344480193,21.5443469003188,3196.46724852797,3.38417809742158e-05,1718.24854922254,0.100331650480401,1.99764541489627,-0.00799329443887109,0
GFM-MWT+AD,h_mp,h,mp,6.30957344480193,29.2864456462524,3196.46724852797,4.60030412460116e-05,1718.24854922216,0.100327661494301,1.99764618966393,-0.00799297356194721,0
GFM-MWT+AD,h_mp,h,mp,6.30957344480193,39.8107170553497,3196.46724852797,6.25345281176143e-05,1718.24854922209,0.100324728959025,1.9976467598738,-0.00799273766431472,0
GFM-MWT+AD,h_mp,h,mp,6.30957344480193,54.1169526546464,3196.46724852797,8.50067104472519e-05,1718.24854922254,0.10032257269572,1.997647179482,-0.00799256420991949,0
GFM-MWT+AD,h_mp,h,mp,6.30957344480193,73.5642254459641,3196.46724852797,0.000115554415114032,1718.24854922219,0.100320987034291,1.9976474882404,-0.00799243665523919,0
GFM-MWT+AD,h_mp,h,mp,6.30957344480193,100,3196.46724852797,0.00015707963267949,1718.24854922237,0.100319820860478,1.99764771541716,-0.00799234284484329,0
GFM-MWT+AD,h_mp,h,mp,8.57695898590894,0.01,4345.1381825204,1.5707963267949e-08,1718.24854893845,0.117188903887907,1.99855514310728,-0.00933193224951252,0
GFM-MWT+AD,h_mp,h,mp,8.57695898590894,0.0135935639087853,4345.1381825204,2.13527202559716e-08,1718.24854893564,0.11631836576199,1.99827007951672,-0.00926393717929938,0
GFM-MWT+AD,h_mp,h,mp,8.57695898590894,0.0184784979742229,4345.1381825204,2.90259567425963e-08,1718.248548934,0.11485155874367,1.99801282046601,-0.00914830384790969,0
GFM-MWT+AD,h_mp,h,mp,8.57695898590894,0.0251188643150958,4345.1381825204,3.94566197994119e-08,1718.24854893343,0.112966133365669,1.9978347709986,-0.00899893764537428,0
GFM-MWT+AD,h_mp,h,mp,8.57695898590894,0.034145488738336,4345.1381825204,5.36356082867947e-08,1718.24854893207,0.111011739295758,1.99775586051591,-0.00884361121438091,0
GFM-MWT+AD,h_mp,h,mp,8.57695898590894,0.0464158883361278,4345.1381825204,7.29099069033116e-08,1718.24854893134,0.109292503178776,1.9977575815185,-0.00870665338592161,0
GFM-MWT+AD,h_mp,h,mp,8.57695898590894,0.0630957344480193,4345.1381825204,9.9110547907375e-08,1718.24854893115,0.107939538330054,1.99780526411201,-0.00859867389955888,0
GFM-MWT+AD,h_mp,h,mp,8.57695898590894,0.0857695898590894,4345.1381825204,1.34726556701362e-07,1718.24854893037,0.106942666552635,1.99786966854085,-0.00851899233038565,0
GFM-MWT+AD,h_mp,h,mp,8.57695898590894,0.116591440117983,4345.1381825204,1.83141405873055e-07,1718.24854892976,0.106232028755695,1.99793359580641,-0.00846211664385112,0
GFM-MWT+AD,h_mp,h,mp,8.57695898590894,0.158489319246111,4345.1381825204,2.48954440508015e-07,1718.24854892981,0.10573173475858,1.99798943816953,-0.00842203221689102,0
GFM-MWT+AD,h_mp,h,mp,8.57695898590894,0.215443469003188,4345.1381825204,3.38417809742158e-07,1718.24854892967,0.105379930815692,1.99803509644284,-0.00839381954549779,0
GFM-MWT+AD,h_mp,h,mp,8.57695898590894,0.292864456462524,4345.1381825204,4.60030412460116e-07,1718.24854892999,0.105131477633577,1.99807104519499,-0.00837388025991747,0
GFM-MWT+AD,h_mp,h,mp,8.57695898590894,0.398107170553497,4345.1381825204,6.25345281176143e-07,1718.24854892948,0.104954898588106,1.99809870995733,-0.0083597007191107,0
GFM-MWT+AD,h_mp,h,mp,8.57695898590894,0.541169526546464,4345.1381825204,8.50067104472518e-07,1718.24854892976,0.10482857625059,1.99811969481901,-0.00834955211065391,0
GFM-MWT+AD,h_mp,h,mp,8.57695898590894,0.735642254459641,4345.1381825204,1.15554415114032e-06,1718.24854892931,0.104737669434234,1.9981354635967,-0.00834224609417985,0
GFM-MWT+AD,h_mp,h,mp,8.57695898590894,1,4345.1381825204,1.5707963267949e-06,1718.24854892956,0.104671921217237,1.99814723834289,-0.00833696055621005,0
GFM-MWT+AD,h_mp,h,mp,8.57695898590894,1.35935639087853,4345.1381825204,2.13527202559716e-06,1718.24854892951,0.104624176464198,1.99815599283624,-0.00833312151540296,0
GFM-MWT+AD,h_mp,h,mp,8.57695898590894,1.84784979742229,4345.1381825204,2.90259567425963e-06,1718.24854892957,0.104589395167894,1.99816248225835,-0.00833032438940368,0
GFM-MWT+AD,h_mp,h,mp,8.57695898590894,2.51188643150958,4345.1381825204,3.94566197994119e-06,1718.24854892941,0.104563995453276,1.99816728247408,-0.00832828149035686,0
GFM-MWT+AD,h_mp,h,mp,8.57695898590894,3.4145488738336,4345.1381825204,5.36356082867947e-06,1718.24854892955,0.104545412245716,1.9981708278301,-0.00832678671006823,0
GFM-MWT+AD,h_mp,h,mp,8.57695898590894,4.64158883361278,4345.1381825204,7.29099069033116e-06,1718.24854892954,0.104531797085291,1.99817344352776,-0.0083256914730138,0
GFM-MWT+AD,h_mp,h,mp,8.57695898590894,6.30957344480193,4345.1381825204,9.9110547907375e-06,1718.24854892927,0.104521811313795,1.99817537182893,-0.00832488815363729,0
GFM-MWT+AD,h_mp,h,mp,8.57695898590894,8.57695898590894,4345.1381825204,1.34726556701362e-05,1718.24854892947,0.104514481709489,1.99817679257069,-0.00832429849200216,0
GFM-MWT+AD,h_mp,h,mp,8.57695898590894,11.6591440117983,4345.1381825204,1.83141405873055e-05,1718.24854892916,0.104509098608313,1.99817783891616,-0.00832386541363042,0
GFM-MWT+AD,h_mp,h,mp,8.57695898590894,15.8489319246111,4345.1381825204,2.48954440508015e-05,1718.24854892954,0.104505143373939,1.99817860929384,-0.00832354720295858,0
GFM-MWT+AD,h_mp,h,mp,8.57695898590894,21.5443469003188,4345.1381825204,3.38417809742158e-05,1718.24854892922,0.104502236340404,1.99817917636198,-0.00832331331984413,0
GFM-MWT+AD,h_mp,h,mp,8.57695898590894,29.2864456462524,4345.1381825204,4.60030412460116e-05,1718.24854892927,0.104500099212103,1.99817959370953,-0.0083231413770099,0
GFM-MWT+AD,h_mp,h,mp,8.57695898590894,39.8107170553497,4345.1381825204,6.25345281176143e-05,1718.24854892914,0.104498527817519,1.99817990082922,-0.00832301494932837,0
GFM-MWT+AD,h_mp,h,mp,8.57695898590894,54.1169526546464,4345.1381825204,8.50067104472519e-05,1718.24854892977,0.104497372242344,1.99818012681409,-0.00832292197616047,0
GFM-MWT+AD,h_mp,h,mp,8.57695898590894,73.5642254459641,4345.1381825204,0.000115554415114032,1718.2485489293,0.104496522378736,1.9981802930877,-0.00832285359908404,0
GFM-MWT+AD,h_mp,h,mp,8.57695898590894,100,4345.1381825204,0.00015707963267949,1718.24854892951,0.104495897300996,1.99818041542148,-0.00832280330734352,0
GFM-MWT+AD,h_mp,h,mp,11.6591440117983,0.01,5906.5913576594,1.5707963267949e-08,1718.24854871857,0.116229729537598,1.99863139478259,-0.009255205206948,0
GFM-MWT+AD,h_mp,h,mp,11.6591440117983,0.0135935639087853,5906.5913576594,2.13527202559716e-08,1718.24854871716,0.115147830670346,1.99844290549522,-0.00916992717779756,0
GFM-MWT+AD,h_mp,h,mp,11.6591440117983,0.0184784979742229,5906.5913576594,2.90259567425963e-08,1718.24854871614,0.113760382099045,1.9983129687467,-0.00906003429790139,0
GFM-MWT+AD,h_mp,h,mp,11.6591440117983,0.0251188643150958,5906.5913576594,3.94566197994119e-08,1718.24854871544,0.112325180534489,1.99825591707316,-0.00894599745130664,0
GFM-MWT+AD,h_mp,h,mp,11.6591440117983,0.034145488738336,5906.5913576594,5.36356082867947e-08,1718.24854871514,0.111064810619677,1.99825787927448,-0.00884561609127444,0
GFM-MWT+AD,h_mp,h,mp,11.6591440117983,0.0464158883361278,5906.5913576594,7.29099069033116e-08,1718.2485487146,0.110074174109641,1.99829331744792,-0.00876656873380634,0
GFM-MWT+AD,h_mp,h,mp,11.6591440117983,0.0630957344480193,5906.5913576594,9.9110547907375e-08,1718.24854871458,0.109344863413918,1.99834081924228,-0.00870828212653766,0
GFM-MWT+AD,h_mp,h,mp,11.6591440117983,0.0857695898590894,5906.5913576594,1.34726556701362e-07,1718.24854871441,0.108825228166642,1.99838784103257,-0.00866669730391174,0
GFM-MWT+AD,h_mp,h,mp,11.6591440117983,0.116591440117983,5906.5913576594,1.83141405873055e-07,1718.24854871391,0.10845951656908,1.99842886018171,-0.00863739741331953,0
GFM-MWT+AD,h_mp,h,mp,11.6591440117983,0.158489319246111,5906.5913576594,2.48954440508015e-07,1718.24854871395,0.108202399692557,1.99846237253511,-0.00861677841541857,0
GFM-MWT+AD,h_mp,h,mp,11.6591440117983,0.215443469003188,5906.5913576594,3.38417809742158e-07,1718.2485487142,0.108020838480658,1.99848874566747,-0.00860220721193649,0
GFM-MWT+AD,h_mp,h,mp,11.6591440117983,0.292864456462524,5906.5913576594,4.60030412460116e-07,1718.24854871419,0.10789180998795,1.99850903515175,-0.00859184560390155,0
GFM-MWT+AD,h_mp,h,mp,11.6591440117983,0.398107170553497,5906.5913576594,6.25345281176143e-07,1718.2485487136,0.107799509010544,1.99852442239913,-0.00858442976922676,0
GFM-MWT+AD,h_mp,h,mp,11.6591440117983,0.541169526546464,5906.5913576594,8.50067104472518e-07,1718.24854871359,0.107733087401176,1.99853598330405,-0.0085790911632544,0
GFM-MWT+AD,h_mp,h,mp,11.6591440117983,0.735642254459641,5906.5913576594,1.15554415114032e-06,1718.2485487142,0.10768504903694,1.99854461513449,-0.00857522897914329,0
GFM-MWT+AD,h_mp,h,mp,11.6591440117983,1,5906.5913576594,1.5707963267949e-06,1718.24854871388,0.107650165219941,1.99855103243564,-0.00857242377406023,0
GFM-MWT+AD,h_mp,h,mp,11.6591440117983,1.35935639087853,5906.5913576594,2.13527202559716e-06,1718.24854871401,0.107624753145603,1.99855578913698,-0.00857037990566947,0
GFM-MWT+AD,h_mp,h,mp,11.6591440117983,1.84784979742229,5906.5913576594,2.90259567425963e-06,1718.24854871395,0.107606195610213,1.99855930753918,-0.00856888715538739,0
GFM-MWT+AD,h_mp,h,mp,11.6591440117983,2.51188643150958,5906.5913576594,3.94566197994119e-06,1718.24854871392,0.107592618406661,1.99856190610213,-0.0085677949168892,0
GFM-MWT+AD,h_mp,h,mp,11.6591440117983,3.4145488738336,5906.5913576594,5.36356082867947e-06,1718.24854871364,0.107582670976917,1.99856382323789,-0.00856699462584474,0
GFM-MWT+AD,h_mp,h,mp,11.6591440117983,4.64158883361278,5906.5913576594,7.29099069033116e-06,1718.24854871322,0.107575375252574,1.99856523653849,-0.00856640763994044,0
GFM-MWT+AD,h_mp,h,mp,11.6591440117983,6.30957344480193,5906.5913576594,9.9110547907375e-06,1718.24854871375,0.107570020156992,1.99856627782467,-0.00856597677329367,0
GFM-MWT+AD,h_mp,h,mp,11.6591440117983,8.57695898590894,5906.5913576594,1.34726556701362e-05,1718.24854871399,0.107566087208795,1.99856704470406,-0.00856566032264129,0
GFM-MWT+AD,h_mp,h,mp,11.6591440117983,11.6591440117983,5906.5913576594,1.83141405873055e-05,1718.24854871384,0.107563197475921,1.99856760932045,-0.0085654278058066,0
GFM-MWT+AD,h_mp,h,mp,11.6591440117983,15.8489319246111,5906.5913576594,2.48954440508015e-05,1718.24854871419,0.107561073568946,1.99856802492813,-0.00856525690709958,0
GFM-MWT+AD,h_mp,h,mp,11.6591440117983,21.5443469003188,5906.5913576594,3.38417809742158e-05,1718.24854871365,0.107559512166916,1.99856833080343,-0.00856513126855639,0
GFM-MWT+AD,h_mp,h,mp,11.6591440117983,29.2864456462524,5906.5913576594,4.60030412460116e-05,1718.24854871394,0.107558364088257,1.99856855589172,-0.00856503888740893,0
GFM-MWT+AD,h_mp,h,mp,11.6591440117983,39.8107170553497,5906.5913576594,6.25345281176143e-05,1718.2485487139,0.107557519816597,1.99856872151679,-0.00856497095193996,0
GFM-MWT+AD,h_mp,h,mp,11.6591440117983,54.1169526546464,5906.5913576594,8.50067104472519e-05,1718.24854871436,0.107556898895279,1.99856884337818,-0.00856492098844428,0
GFM-MWT+AD,h_mp,h,mp,11.6591440117983,73.5642254459641,5906.5913576594,0.000115554415114032,1718.24854871398,0.107556442212965,1.99856893303691,-0.00856488424059311,0
GFM-MWT+AD,h_mp,h,mp,11.6591440117983,100,5906.5913576594,0.00015707963267949,1718.24854871393,0.107556106303552,1.99856899899924,-0.00856485721091377,0
GFM-MWT+AD,h_mp,h,mp,15.8489319246111,0.01,8029.16271034217,1.5707963267949e-08,1718.24854855771,0.115371485975637,1.99875883901299,-0.00918628458219612,0
GFM-MWT+AD,h_mp,h,mp,15.8489319246111,0.0135935639087853,8029.16271034217,2.13527202559716e-08,1718.2485485572,0.114350600909428,1.99866381557325,-0.00910543772954908,0
GFM-MWT+AD,h_mp,h,mp,15.8489319246111,0.0184784979742229,8029.16271034217,2.90259567425963e-08,1718.24854855664,0.113296193673907,1.99862238225191,-0.00902167192703831,0
GFM-MWT+AD,h_mp,h,mp,15.8489319246111,0.0251188643150958,8029.16271034217,3.94566197994119e-08,1718.24854855637,0.112371380302519,1.99862419785558,-0.00894802767960268,0
GFM-MWT+AD,h_mp,h,mp,15.8489319246111,0.034145488738336,8029.16271034217,5.36356082867947e-08,1718.24854855634,0.111645139146104,1.99865045924345,-0.00889008555845123,0
GFM-MWT+AD,h_mp,h,mp,15.8489319246111,0.0464158883361278,8029.16271034217,7.29099069033116e-08,1718.24854855529,0.111110794503774,1.99868546786541,-0.00884738511141837,0
GFM-MWT+AD,h_mp,h,mp,15.8489319246111,0.0630957344480193,8029.16271034217,9.9110547907375e-08,1718.24854855576,0.110730214656333,1.99872005464365,-0.0088169305936856,0
GFM-MWT+AD,h_mp,h,mp,15.8489319246111,0.0857695898590894,8029.16271034217,1.34726556701362e-07,1718.24854855554,0.110462429258291,1.99875019650437,-0.0087954771121972,0
GFM-MWT+AD,h_mp,h,mp,15.8489319246111,0.116591440117983,8029.16271034217,1.83141405873055e-07,1718.24854855563,0.110274186446611,1.99877480832486,-0.00878038148494854,0
GFM-MWT+AD,h_mp,h,mp,15.8489319246111,0.158489319246111,8029.16271034217,2.48954440508015e-07,1718.24854855538,0.110141271486236,1.9987941703167,-0.00876971424238408,0
GFM-MWT+AD,h_mp,h,mp,15.8489319246111,0.215443469003188,8029.16271034217,3.38417809742158e-07,1718.2485485554,0.110046818998102,1.9988090626337,-0.00876212900608645,0
GFM-MWT+AD,h_mp,h,mp,15.8489319246111,0.292864456462524,8029.16271034217,4.60030412460116e-07,1718.24854855553,0.109979254359193,1.99882035506548,-0.0087567003307134,0
GFM-MWT+AD,h_mp,h,mp,15.8489319246111,0.398107170553497,8029.16271034217,6.25345281176143e-07,1718.24854855551,0.109930634563336,1.99882883854757,-0.00875279230582776,0
GFM-MWT+AD,h_mp,h,mp,15.8489319246111,0.541169526546464,8029.16271034217,8.50067104472518e-07,1718.248548555,0.109895471580847,1.99883517220345,-0.00874996508295944,0
GFM-MWT+AD,h_mp,h,mp,15.8489319246111,0.735642254459641,8029.16271034217,1.15554415114032e-06,1718.24854855535,0.109869937667586,1.99883988069855,-0.00874791160284788,0
GFM-MWT+AD,h_mp,h,mp,15.8489319246111,1,8029.16271034217,1.5707963267949e-06,1718.2485485552,0.109851336914451,1.99884337065731,-0.00874641544281414,0
GFM-MWT+AD,h_mp,h,mp,15.8489319246111,1.35935639087853,8029.16271034217,2.13527202559716e-06,1718.24854855528,0.109837753504441,1.9988459520167,-0.00874532271492193,0
GFM-MWT+AD,h_mp,h,mp,15.8489319246111,1.84784979742229,8029.16271034217,2.90259567425963e-06,1718.2485485551,0.109827815542939,1.99884785847926,-0.00874452317151768,0
GFM-MWT+AD,h_mp,h,mp,15.8489319246111,2.51188643150958,8029.16271034217,3.94566197994119e-06,1718.24854855503,0.109820534442134,1.99884926498693,-0.00874393734016077,0
GFM-MWT+AD,h_mp,h,mp,15.8489319246111,3.4145488738336,8029.16271034217,5.36356082867947e-06,1718.24854855535,0.109815194288112,1.99885030184496,-0.00874350765316919,0
GFM-MWT+AD,h_mp,h,mp,15.8489319246111,4.64158883361278,8029.16271034217,7.29099069033116e-06,1718.24854855483,0.109811274598374,1.99885106577279,-0.00874319224929918,0
GFM-MWT+AD,h_mp,h,mp,15.8489319246111,6.30957344480193,8029.16271034217,9.9110547907375e-06,1718.24854855531,0.109808395852765,1.99885162838121,-0.0087429605999505,0
GFM-MWT+AD,h_mp,h,mp,15.8489319246111,8.57695898590894,8029.16271034217,1.34726556701362e-05,1718.24854855552,0.109806280700894,1.99885204260162,-0.00874279039249776,0
GFM-MWT+AD,h_mp,h,mp,15.8489319246111,11.6591440117983,8029.16271034217,1.83141405873055e-05,1718.24854855492,0.109804726097525,1.99885234750352,-0.00874266529074451,0
GFM-MWT+AD,h_mp,h,mp,15.8489319246111,15.8489319246111,8029.16271034217,2.48954440508015e-05,1718.24854855506,0.109803583221969,1.99885257190191,-0.0087425733204146,0
GFM-MWT+AD,h_mp,h,mp,15.8489319246111,21.5443469003188,8029.16271034217,3.38417809742158e-05,1718.24854855504,0.109802742881919,1.99885273703284,-0.00874250569537352,0
GFM-MWT+AD,h_mp,h,mp,15.8489319246111,29.2864456462524,8029.16271034217,4.60030412460116e-05,1718.24854855555,0.10980212491616,1.99885285853921,-0.00874245596524048,0
GFM-MWT+AD,h_mp,h,mp,15.8489319246111,39.8107170553497,8029.16271034217,6.25345281176143e-05,1718.24854855516,0.109801670429859,1.99885294794002,-0.00874241939077821,0
GFM-MWT+AD,h_mp,h,mp,15.8489319246111,54.1169526546464,8029.16271034217,8.50067104472519e-05,1718.24854855505,0.109801336159232,1.99885301371532,-0.00874239249049368,0
GFM-MWT+AD,h_mp,h,mp,15.8489319246111,73.5642254459641,8029.16271034217,0.000115554415114032,1718.24854855499,0.10980109028942,1.99885306210765,-0.00874237270417567,0
GFM-MWT+AD,h_mp,h,mp,15.8489319246111,100,8029.16271034217,0.00015707963267949,1718.24854855519,0.109800909435934,1.99885309770909,-0.00874235815000768,0
GFM-MWT+AD,h_mp,h,mp,21.5443469003188,0.01,10914.4936437072,1.5707963267949e-08,1718.24854843985,0.11478797413519,1.99892140554839,-0.00913908394891836,0
GFM-MWT+AD,h_mp,h,mp,21.5443469003188,0.0135935639087853,10914.4936437072,2.13527202559716e-08,1718.2485484399,0.114013065118289,1.99889121412127,-0.00907753014688512,0
GFM-MWT+AD,h_mp,h,mp,21.5443469003188,0.0184784979742229,10914.4936437072,2.90259567425963e-08,1718.24854843941,0.113334015317627,1.99889274931552,-0.00902346281960346,0
GFM-MWT+AD,h_mp,h,mp,21.5443469003188,0.0251188643150958,10914.4936437072,3.94566197994119e-08,1718.24854843917,0.112801117605989,1.99891217051688,-0.00898095058276675,0
GFM-MWT+AD,h_mp,h,mp,21.5443469003188,0.034145488738336,10914.4936437072,5.36356082867947e-08,1718.24854843909,0.112409198341899,1.99893795820882,-0.00894963397930064,0
GFM-MWT+AD,h_mp,h,mp,21.5443469003188,0.0464158883361278,10914.4936437072,7.29099069033116e-08,1718.24854843862,0.112130134703568,1.99896339879938,-0.00892730405539911,0
GFM-MWT+AD,h_mp,h,mp,21.5443469003188,0.0630957344480193,10914.4936437072,9.9110547907375e-08,1718.24854843907,0.111933811164709,1.99898555402284,-0.00891157612597679,0
GFM-MWT+AD,h_mp,h,mp,21.5443469003188,0.0857695898590894,10914.4936437072,1.34726556701362e-07,1718.24854843868,0.111795817199131,1.99900363707744,-0.00890051014084632,0
GFM-MWT+AD,h_mp,h,mp,21.5443469003188,0.116591440117983,10914.4936437072,1.83141405873055e-07,1718.24854843855,0.111698388087753,1.99901785933524,-0.00889269077145032,0
GFM-MWT+AD,h_mp,h,mp,21.5443469003188,0.158489319246111,10914.4936437072,2.48954440508015e-07,1718.24854843868,0.111629155332724,1.99902879663556,-0.00888713072981801,0
GFM-MWT+AD,h_mp,h,mp,21.5443469003188,0.215443469003188,10914.4936437072,3.38417809742158e-07,1718.24854843887,0.111579632309817,1.99903708918806,-0.00888315151813674,0
GFM-MWT+AD,h_mp,h,mp,21.5443469003188,0.292864456462524,10914.4936437072,4.60030412460116e-07,1718.2485484385,0.111543995895465,1.99904331853802,-0.00888028696175899,0
GFM-MWT+AD,h_mp,h,mp,21.5443469003188,0.398107170553497,10914.4936437072,6.25345281176143e-07,1718.24854843878,0.111518223064503,1.99904796904781,-0.0088782146338157,0
GFM-MWT+AD,h_mp,h,mp,21.5443469003188,0.541169526546464,10914.4936437072,8.50067104472518e-07,1718.24854843858,0.111499508024557,1.99905142615215,-0.00887670945517467,0
GFM-MWT+AD,h_mp,h,mp,21.5443469003188,0.735642254459641,10914.4936437072,1.15554415114032e-06,1718.24854843853,0.111485874697422,1.99905398850703,-0.00887561278720921,0
GFM-MWT+AD,h_mp,h,mp,21.5443469003188,1,10914.4936437072,1.5707963267949e-06,1718.24854843856,0.111475918840698,1.99905588372602,-0.00887481183086079,0
GFM-MWT+AD,h_mp,h,mp,21.5443469003188,1.35935639087853,10914.4936437072,2.13527202559716e-06,1718.24854843835,0.111468634901316,1.99905728342066,-0.00887422577508995,0
GFM-MWT+AD,h_mp,h,mp,21.5443469003188,1.84784979742229,10914.4936437072,2.90259567425963e-06,1718.24854843863,0.111463298295561,1.99905831604648,-0.00887379636796026,0
GFM-MWT+AD,h_mp,h,mp,21.5443469003188,2.51188643150958,10914.4936437072,3.94566197994119e-06,1718.24854843842,0.111459384289499,1.99905907727833,-0.00887348141262497,0
GFM-MWT+AD,h_mp,h,mp,21.5443469003188,3.4145488738336,10914.4936437072,5.36356082867947e-06,1718.24854843868,0.111456511399529,1.99905963812934,-0.00887325022545098,0
GFM-MWT+AD,h_mp,h,mp,21.5443469003188,4.64158883361278,10914.4936437072,7.29099069033116e-06,1718.24854843865,0.111454401459224,1.99906005117702,-0.00887308042937218,0
GFM-MWT+AD,h_mp,h,mp,21.5443469003188,6.30957344480193,10914.4936437072,9.9110547907375e-06,1718.24854843844,0.111452851184479,1.99906035528222,-0.0088729556693128,0
GFM-MWT+AD,h_mp,h,mp,21.5443469003188,8.57695898590894,10914.4936437072,1.34726556701362e-05,1718.24854843859,0.111451711758413,1.99906057912939,-0.00887286397128868,0
GFM-MWT+AD,h_mp,h,mp,21.5443469003188,11.6591440117983,10914.4936437072,1.83141405873055e-05,1718.24854843855,0.111450874103234,1.99906074387371,-0.00887279655820055,0
GFM-MWT+AD,h_mp,h,mp,21.5443469003188,15.8489319246111,10914.4936437072,2.48954440508015e-05,1718.24854843903,0.111450258186977,1.99906086510617,-0.00887274698986115,0
GFM-MWT+AD,h_mp,h,mp,21.5443469003188,21.5443469003188,10914.4936437072,3.38417809742158e-05,1718.24854843837,0.111449805255966,1.9990609543113,-0.00887271053818161,0
GFM-MWT+AD,h_mp,h,mp,21.5443469003188,29.2864456462524,10914.4936437072,4.60030412460116e-05,1718.24854843828,0.111449472148381,1.99906101994552,-0.00887268372971232,0
GFM-MWT+AD,h_mp,h,mp,21.5443469003188,39.8107170553497,10914.4936437072,6.25345281176143e-05,1718.24854843845,0.111449227147951,1.99906106823544,-0.00887266401202932,0
GFM-MWT+AD,h_mp,h,mp,21.5443469003188,54.1169526546464,10914.4936437072,8.50067104472519e-05,1718.24854843866,0.111449046940046,1.99906110376279,-0.00887264950882608,0
GFM-MWT+AD,h_mp,h,mp,21.5443469003188,73.5642254459641,10914.4936437072,0.000115554415114032,1718.24854843858,0.111448914386994,1.9990611298999,-0.00887263884088343,0
GFM-MWT+AD,h_mp,h,mp,21.5443469003188,100,10914.4936437072,0.00015707963267949,1718.24854843858,0.111448816880725,1.99906114912829,-0.008872630993517,0
GFM-MWT+AD,h_mp,h,mp,29.2864456462524,0.01,14836.6866877764,1.5707963267949e-08,1718.24854835364,0.114541792239332,1.99908856978613,-0.00911872278567274,0
GFM-MWT+AD,h_mp,h,mp,29.2864456462524,0.0135935639087853,14836.6866877764,2.13527202559716e-08,1718.24854835386,0.114042948459025,1.99908980641301,-0.00907900727638021,0
GFM-MWT+AD,h_mp,h,mp,29.2864456462524,0.0184784979742229,14836.6866877764,2.90259567425963e-08,1718.24854835301,0.113651658611372,1.99910414821081,-0.00904779417586677,0
GFM-MWT+AD,h_mp,h,mp,29.2864456462524,0.0251188643150958,14836.6866877764,3.94566197994119e-08,1718.24854835296,0.113363975703775,1.99912313669273,-0.00902480792857878,0
GFM-MWT+AD,h_mp,h,mp,29.2864456462524,0.034145488738336,14836.6866877764,5.36356082867947e-08,1718.24854835305,0.113159173422533,1.99914185009711,-0.00900842080142567,0
GFM-MWT+AD,h_mp,h,mp,29.2864456462524,0.0464158883361278,14836.6866877764,7.29099069033116e-08,1718.24854835319,0.113015110762703,1.99915813836236,-0.00899687983511812,0
GFM-MWT+AD,h_mp,h,mp,29.2864456462524,0.0630957344480193,14836.6866877764,9.9110547907375e-08,1718.24854835255,0.112913857910018,1.99917142883899,-0.00898876022109641,0
GFM-MWT+AD,h_mp,h,mp,29.2864456462524,0.0857695898590894,14836.6866877764,1.34726556701362e-07,1718.2485483527,0.112842372668398,1.99918187982717,-0.0089830229815054,0
GFM-MWT+AD,h_mp,h,mp,29.2864456462524,0.116591440117983,14836.6866877764,1.83141405873055e-07,1718.24854835308,0.112791576941593,1.99918991596492,-0.00897894353120131,0
GFM-MWT+AD,h_mp,h,mp,29.2864456462524,0.158489319246111,14836.6866877764,2.48954440508015e-07,1718.24854835317,0.112755242788847,1.99919600840235,-0.00897602397746498,0
GFM-MWT+AD,h_mp,h,mp,29.2864456462524,0.215443469003188,14836.6866877764,3.38417809742158e-07,1718.24854835249,0.11272909728592,1.99920058478212,-0.00897392225856672,0
GFM-MWT+AD,h_mp,h,mp,29.2864456462524,0.292864456462524,14836.6866877764,4.60030412460116e-07,1718.24854835283,0.112710188578449,1.99920400114149,-0.00897240180018635,0
GFM-MWT+AD,h_mp,h,mp,29.2864456462524,0.398107170553497,14836.6866877764,6.25345281176143e-07,1718.24854835259,0.112696458017937,1.99920654073324,-0.00897129745849543,0
GFM-MWT+AD,h_mp,h,mp,29.2864456462524,0.541169526546464,14836.6866877764,8.50067104472518e-07,1718.24854835306,0.112686455760987,1.9992084230054,-0.00897049283926828,0
GFM-MWT+AD,h_mp,h,mp,29.2864456462524,0.735642254459641,14836.6866877764,1.15554415114032e-06,1718.24854835328,0.112679151543634,1.99920981518959,-0.00896990518230789,0
GFM-MWT+AD,h_mp,h,mp,29.2864456462524,1,14836.6866877764,1.5707963267949e-06,1718.24854835286,0.112673807616354,1.99921084336295,-0.00896947519680626,0
GFM-MWT+AD,h_mp,h,mp,29.2864456462524,1.35935639087853,14836.6866877764,2.13527202559716e-06,1718.24854835319,0.112669892371732,1.99921160189296,-0.00896916014340744,0
GFM-MWT+AD,h_mp,h,mp,29.2864456462524,1.84784979742229,14836.6866877764,2.90259567425963e-06,1718.24854835293,0.112667020830178,1.99921216106366,-0.0089689290624925,0
GFM-MWT+AD,h_mp,h,mp,29.2864456462524,2.51188643150958,14836.6866877764,3.94566197994119e-06,1718.2485483529,0.112664913114498,1.99921257304105,-0.00896875944191422,0
GFM-MWT+AD,h_mp,h,mp,29.2864456462524,3.4145488738336,14836.6866877764,5.36356082867947e-06,1718.24854835299,0.11266336514223,1.99921287644749,-0.00896863486354811,0
GFM-MWT+AD,h_mp,h,mp,29.2864456462524,4.64158883361278,14836.6866877764,7.29099069033116e-06,1718.24854835268,0.112662227772621,1.99921309982911,-0.00896854332782219,0
GFM-MWT+AD,h_mp,h,mp,29.2864456462524,6.30957344480193,14836.6866877764,9.9110547907375e-06,1718.24854835287,0.112661391825816,1.99921326425701,-0.00896847604956979,0
GFM-MWT+AD,h_mp,h,mp,29.2864456462524,8.57695898590894,14836.6866877764,1.34726556701362e-05,1718.24854835239,0.112660777273054,1.99921338527029,-0.00896842658885312,0
GFM-MWT+AD,h_mp,h,mp,29.2864456462524,11.6591440117983,14836.6866877764,1.83141405873055e-05,1718.24854835298,0.112660325403827,1.99921347432194,-0.00896839022098428,0
GFM-MWT+AD,h_mp,h,mp,29.2864456462524,15.8489319246111,14836.6866877764,2.48954440508015e-05,1718.24854835234,0.112659993108135,1.99921353984743,-0.00896836347660137,0
GFM-MWT+AD,h_mp,h,mp,29.2864456462524,21.5443469003188,14836.6866877764,3.38417809742158e-05,1718.24854835298,0.112659748720326,1.99921358805914,-0.00896834380727692,0
GFM-MWT+AD,h_mp,h,mp,29.2864456462524,29.2864456462524,14836.6866877764,4.60030412460116e-05,1718.24854835266,0.112659568974778,1.99921362353054,-0.00896832934057114,0
GFM-MWT+AD,h_mp,h,mp,29.2864456462524,39.8107170553497,14836.6866877764,6.25345281176143e-05,1718.24854835282,0.112659436765668,1.99921364962718,-0.00896831869977783,0
GFM-MWT+AD,h_mp,h,mp,29.2864456462524,54.1169526546464,14836.6866877764,8.50067104472519e-05,1718.24854835244,0.112659339517152,1.99921366882633,-0.008968310872758,0
GFM-MWT+AD,h_mp,h,mp,29.2864456462524,73.5642254459641,14836.6866877764,0.000115554415114032,1718.24854835271,0.112659267981067,1.99921368295067,-0.00896830511518975,0
GFM-MWT+AD,h_mp,h,mp,29.2864456462524,100,14836.6866877764,0.00015707963267949,1718.24854835304,0.112659215360535,1.99921369334163,-0.00896830088003005,0
GFM-MWT+AD,h_mp,h,mp,39.8107170553497,0.01,20168.3448684912,1.5707963267949e-08,1718.24854829021,0.114564884497582,1.9992344995691,-0.00911989533748206,0
GFM-MWT+AD,h_mp,h,mp,39.8107170553497,0.0135935639087853,20168.3448684912,2.13527202559716e-08,1718.24854829006,0.114277430776012,1.9992450793985,-0.00909696644952528,0
GFM-MWT+AD,h_mp,h,mp,39.8107170553497,0.0184784979742229,20168.3448684912,2.90259567425963e-08,1718.24854828973,0.114066138843372,1.99925905770824,-0.0090800846259333,0
GFM-MWT+AD,h_mp,h,mp,39.8107170553497,0.0251188643150958,20168.3448684912,3.94566197994119e-08,1718.24854828993,0.11391574127724,1.99927282304378,-0.00906805098068177,0
GFM-MWT+AD,h_mp,h,mp,39.8107170553497,0.034145488738336,20168.3448684912,5.36356082867947e-08,1718.24854828998,0.113809957493506,1.99928479990284,-0.00905957668262896,0
GFM-MWT+AD,h_mp,h,mp,39.8107170553497,0.0464158883361278,20168.3448684912,7.29099069033116e-08,1718.24854828995,0.113735612515612,1.99929457033154,-0.00905361486797097,0
GFM-MWT+AD,h_mp,h,mp,39.8107170553497,0.0630957344480193,20168.3448684912,9.9110547907375e-08,1718.24854828958,0.113683126145677,1.99930225228969,-0.00904940240713452,0
GFM-MWT+AD,h_mp,h,mp,39.8107170553497,0.0857695898590894,20168.3448684912,1.34726556701362e-07,1718.24854828968,0.113645831329009,1.99930815870825,-0.00904640718565405,0
GFM-MWT+AD,h_mp,h,mp,39.8107170553497,0.116591440117983,20168.3448684912,1.83141405873055e-07,1718.24854828971,0.113619154709143,1.99931263628225,-0.00904426360018925,0
GFM-MWT+AD,h_mp,h,mp,39.8107170553497,0.158489319246111,20168.3448684912,2.48954440508015e-07,1718.24854828977,0.113599958779959,1.99931599951204,-0.00904272048860491,0
GFM-MWT+AD,h_mp,h,mp,39.8107170553497,0.215443469003188,20168.3448684912,3.38417809742158e-07,1718.24854828963,0.113586076151828,1.99931851016156,-0.00904160414863409,0
GFM-MWT+AD,h_mp,h,mp,39.8107170553497,0.292864456462524,20168.3448684912,4.60030412460116e-07,1718.2485482897,0.113575995317089,1.9993203764465,-0.00904079332771332,0
GFM-MWT+AD,h_mp,h,mp,39.8107170553497,0.398107170553497,20168.3448684912,6.25345281176143e-07,1718.24854828989,0.113568651783292,1.9993217596642,-0.00904020256698221,0
GFM-MWT+AD,h_mp,h,mp,39.8107170553497,0.541169526546464,20168.3448684912,8.50067104472518e-07,1718.24854828951,0.113563289125199,1.99932278272226,-0.00903977110247504,0
GFM-MWT+AD,h_mp,h,mp,39.8107170553497,0.735642254459641,20168.3448684912,1.15554415114032e-06,1718.24854828977,0.113559365690177,1.99932353827885,-0.00903945540217465,0
GFM-MWT+AD,h_mp,h,mp,39.8107170553497,1,20168.3448684912,1.5707963267949e-06,1718.24854828916,0.113556491175784,1.99932409568399,-0.00903922408633559,0
GFM-MWT+AD,h_mp,h,mp,39.8107170553497,1.35935639087853,20168.3448684912,2.13527202559716e-06,1718.24854828948,0.113554382934562,1.99932450658875,-0.00903905442410964,0
GFM-MWT+AD,h_mp,h,mp,39.8107170553497,1.84784979742229,20168.3448684912,2.90259567425963e-06,1718.24854828962,0.113552835481611,1.999324809328,-0.00903892988663812,0
GFM-MWT+AD,h_mp,h,mp,39.8107170553497,2.51188643150958,20168.3448684912,3.94566197994119e-06,1718.24854828993,0.113551698987012,1.9993250322843,-0.00903883841992551,0
GFM-MWT+AD,h_mp,h,mp,39.8107170553497,3.4145488738336,20168.3448684912,5.36356082867947e-06,1718.24854828949,0.113550863949351,1.99932519643442,-0.0090387712134049,0
GFM-MWT+AD,h_mp,h,mp,39.8107170553497,4.64158883361278,20168.3448684912,7.29099069033116e-06,1718.2485482897,0.113550250210305,1.99932531726255,-0.00903872181690077,0
GFM-MWT+AD,h_mp,h,mp,39.8107170553497,6.30957344480193,20168.3448684912,9.9110547907375e-06,1718.24854828938,0.113549799017583,1.9993254061883,-0.00903868550242121,0
GFM-MWT+AD,h_mp,h,mp,39.8107170553497,8.57695898590894,20168.3448684912,1.34726556701362e-05,1718.24854828956,0.113549467260555,1.99932547162674,-0.00903865880055073,0
GFM-MWT+AD,h_mp,h,mp,39.8107170553497,11.6591440117983,20168.3448684912,1.83141405873055e-05,1718.24854828988,0.113549223294626,1.99932551977765,-0.00903863916452402,0
GFM-MWT+AD,h_mp,h,mp,39.8107170553497,15.8489319246111,20168.3448684912,2.48954440508015e-05,1718.24854828922,0.11354904387118,1.99932555520568,-0.00903862472324204,0
GFM-MWT+AD,h_mp,h,mp,39.8107170553497,21.5443469003188,20168.3448684912,3.38417809742158e-05,1718.24854828956,0.11354891190389,1.9993255812713,-0.00903861410153494,0
GFM-MWT+AD,h_mp,h,mp,39.8107170553497,29.2864456462524,20168.3448684912,4.60030412460116e-05,1718.24854828945,0.113548814837361,1.99932560044805,-0.00903860628887949,0
GFM-MWT+AD,h_mp,h,mp,39.8107170553497,39.8107170553497,20168.3448684912,6.25345281176143e-05,1718.24854828971,0.113548743438812,1.99932561455631,-0.00903860054216773,0
GFM-MWT+AD,h_mp,h,mp,39.8107170553497,54.1169526546464,20168.3448684912,8.50067104472519e-05,1718.24854828976,0.113548690919459,1.99932562493551,-0.00903859631499432,0
GFM-MWT+AD,h_mp,h,mp,39.8107170553497,73.5642254459641,20168.3448684912,0.000115554415114032,1718.24854828996,0.11354865228551,1.99932563257132,-0.0090385932054249,0
GFM-MWT+AD,h_mp,h,mp,39.8107170553497,100,20168.3448684912,0.00015707963267949,1718.24854828958,0.113548623866507,1.99932563818836,-0.00903859091803536,0
GFM-MWT+AD,h_mp,h,mp,54.1169526546464,0.01,27415.9684904256,1.5707963267949e-08,1718.24854824333,0.114737815487135,1.99934859467697,-0.00913313911824761,0
GFM-MWT+AD,h_mp,h,mp,54.1169526546464,0.0135935639087853,27415.9684904256,2.13527202559716e-08,1718.24854824372,0.114582563737029,1.99935888283959,-0.00912073516631481,0
GFM-MWT+AD,h_mp,h,mp,54.1169526546464,0.0184784979742229,27415.9684904256,2.90259567425963e-08,1718.24854824313,0.114472067278063,1.99936900861172,-0.0091118942709472,0
GFM-MWT+AD,h_mp,h,mp,54.1169526546464,0.0251188643150958,27415.9684904256,3.94566197994119e-08,1718.24854824351,0.114394353402632,1.99937781631661,-0.00910566870605123,0
GFM-MWT+AD,h_mp,h,mp,54.1169526546464,0.034145488738336,27415.9684904256,5.36356082867947e-08,1718.24854824314,0.114339738134002,1.99938500027525,-0.00910128904991648,0
GFM-MWT+AD,h_mp,h,mp,54.1169526546464,0.0464158883361278,27415.9684904256,7.29099069033116e-08,1718.24854824325,0.114301181548185,1.99939064807499,-0.00909819455357728,0
GFM-MWT+AD,h_mp,h,mp,54.1169526546464,0.0630957344480193,27415.9684904256,9.9110547907375e-08,1718.24854824312,0.114273785112654,1.99939499021617,-0.00909599426835064,0
GFM-MWT+AD,h_mp,h,mp,54.1169526546464,0.0857695898590894,27415.9684904256,1.34726556701362e-07,1718.24854824347,0.114254188892165,1.99939828179339,-0.00909441960156903,0
GFM-MWT+AD,h_mp,h,mp,54.1169526546464,0.116591440117983,27415.9684904256,1.83141405873055e-07,1718.24854824348,0.11424008795235,1.99940075411624,-0.00909328604274346,0
GFM-MWT+AD,h_mp,h,mp,54.1169526546464,0.158489319246111,27415.9684904256,2.48954440508015e-07,1718.2485482432,0.114229890096713,1.99940259966731,-0.00909246598850127,0
GFM-MWT+AD,h_mp,h,mp,54.1169526546464,0.215443469003188,27415.9684904256,3.38417809742158e-07,1718.24854824324,0.11422248496917,1.99940397153328,-0.00909187036643441,0
GFM-MWT+AD,h_mp,h,mp,54.1169526546464,0.292864456462524,27415.9684904256,4.60030412460116e-07,1718.24854824358,0.114217090605011,1.99940498829669,-0.00909143639893055,0
GFM-MWT+AD,h_mp,h,mp,54.1169526546464,0.398107170553497,27415.9684904256,6.25345281176143e-07,1718.24854824376,0.114213151343683,1.99940574031163,-0.00909111944899664,0
GFM-MWT+AD,h_mp,h,mp,54.1169526546464,0.541169526546464,27415.9684904256,8.50067104472518e-07,1718.24854824321,0.114210269299629,1.99940629569239,-0.00909088753849835,0
GFM-MWT+AD,h_mp,h,mp,54.1169526546464,0.735642254459641,27415.9684904256,1.15554415114032e-06,1718.24854824312,0.114208157762869,1.99940670541782,-0.00909071761593421,0
GFM-MWT+AD,h_mp,h,mp,54.1169526546464,1,27415.9684904256,1.5707963267949e-06,1718.2485482432,0.114206609111336,1.99940700745635,-0.00909059298372406,0
GFM-MWT+AD,h_mp,h,mp,54.1169526546464,1.35935639087853,27415.9684904256,2.13527202559716e-06,1718.24854824313,0.114205472396501,1.9994072299865,-0.0090905014995477,0
GFM-MWT+AD,h_mp,h,mp,54.1169526546464,1.84784979742229,27415.9684904256,2.90259567425963e-06,1718.24854824365,0.114204637560086,1.99940739387146,-0.00909043430886584,0
GFM-MWT+AD,h_mp,h,mp,54.1169526546464,2.51188643150958,27415.9684904256,3.94566197994119e-06,1718.24854824329,0.114204024166727,1.99940751453054,-0.00909038493962193,0
GFM-MWT+AD,h_mp,h,mp,54.1169526546464,3.4145488738336,27415.9684904256,5.36356082867947e-06,1718.24854824323,0.114203573330983,1.99940760334579,-0.00909034865330314,0
GFM-MWT+AD,h_mp,h,mp,54.1169526546464,4.64158883361278,27415.9684904256,7.29099069033116e-06,1718.24854824318,0.114203241897511,1.99940766871058,-0.00909032197696418,0
GFM-MWT+AD,h_mp,h,mp,54.1169526546464,6.30957344480193,27415.9684904256,9.9110547907375e-06,1718.24854824365,0.114202998200806,1.9994077168112,-0.0090903023621845,0
GFM-MWT+AD,h_mp,h,mp,54.1169526546464,8.57695898590894,27415.9684904256,1.34726556701362e-05,1718.24854824337,0.11420281898921,1.99940775220456,-0.00909028793762013,0
GFM-MWT+AD,h_mp,h,mp,54.1169526546464,11.6591440117983,27415.9684904256,1.83141405873055e-05,1718.24854824275,0.114202687189161,1.99940777824601,-0.00909027732911182,0
GFM-MWT+AD,h_mp,h,mp,54.1169526546464,15.8489319246111,27415.9684904256,2.48954440508015e-05,1718.24854824314,0.114202590250635,1.99940779740578,-0.00909026952655819,0
GFM-MWT+AD,h_mp,h,mp,54.1169526546464,21.5443469003188,27415.9684904256,3.38417809742158e-05,1718.24854824336,0.114202518948389,1.99940781150189,-0.00909026378744631,0
GFM-MWT+AD,h_mp,h,mp,54.1169526546464,29.2864456462524,27415.9684904256,4.60030412460116e-05,1718.24854824307,0.114202466501223,1.999407821872,-0.00909025956597119,0
GFM-MWT+AD,h_mp,h,mp,54.1169526546464,39.8107170553497,27415.9684904256,6.25345281176143e-05,1718.24854824327,0.114202427922647,1.99940782950122,-0.00909025646077385,0
GFM-MWT+AD,h_mp,h,mp,54.1169526546464,54.1169526546464,27415.9684904256,8.50067104472519e-05,1718.24854824313,0.114202399542664,1.99940783511373,-0.00909025417646269,0
GFM-MWT+AD,h_mp,h,mp,54.1169526546464,73.5642254459641,27415.9684904256,0.000115554415114032,1718.24854824293,0.114202378666896,1.99940783924286,-0.00909025249616432,0
GFM-MWT+AD,h_mp,h,mp,54.1169526546464,100,27415.9684904256,0.00015707963267949,1718.24854824315,0.114202363311017,1.99940784228031,-0.00909025126016337,0
GFM-MWT+AD,h_mp,h,mp,73.5642254459641,0.01,37268.0719795843,1.5707963267949e-08,1718.24854820902,0.114962404329678,1.99943222979651,-0.00915063216241367,0
GFM-MWT+AD,h_mp,h,mp,73.5642254459641,0.0135935639087853,37268.0719795843,2.13527202559716e-08,1718.24854820913,0.114881195366262,1.99943967841061,-0.00914413467227478,0
GFM-MWT+AD,h_mp,h,mp,73.5642254459641,0.0184784979742229,37268.0719795843,2.90259567425963e-08,1718.24854820906,0.114824082547089,1.99944615611283,-0.00913955946727752,0
GFM-MWT+AD,h_mp,h,mp,73.5642254459641,0.0251188643150958,37268.0719795843,3.94566197994119e-08,1718.24854820913,0.114783946314824,1.99945143899574,-0.00913634090505468,0
GFM-MWT+AD,h_mp,h,mp,73.5642254459641,0.034145488738336,37268.0719795843,5.36356082867947e-08,1718.248548209,0.114755611949898,1.99945559192973,-0.00913406682143636,0
GFM-MWT+AD,h_mp,h,mp,73.5642254459641,0.0464158883361278,37268.0719795843,7.29099069033116e-08,1718.2485482092,0.114735479146124,1.99945878463931,-0.00913244988672701,0
GFM-MWT+AD,h_mp,h,mp,73.5642254459641,0.0630957344480193,37268.0719795843,9.9110547907375e-08,1718.24854820913,0.114721078580772,1.99946120481003,-0.00913129270762512,0
GFM-MWT+AD,h_mp,h,mp,73.5642254459641,0.0857695898590894,37268.0719795843,1.34726556701362e-07,1718.2485482088,0.114710716348412,1.99946302257614,-0.00913045968825449,0
GFM-MWT+AD,h_mp,h,mp,73.5642254459641,0.116591440117983,37268.0719795843,1.83141405873055e-07,1718.24854820951,0.114703222361604,1.99946437948992,-0.00912985705480037,0
GFM-MWT+AD,h_mp,h,mp,73.5642254459641,0.158489319246111,37268.0719795843,2.48954440508015e-07,1718.2485482089,0.114697780646974,1.99946538812357,-0.00912941935009108,0
GFM-MWT+AD,h_mp,h,mp,73.5642254459641,0.215443469003188,37268.0719795843,3.38417809742158e-07,1718.24854820906,0.114693816563102,1.99946613567047,-0.0091291004405775,0
GFM-MWT+AD,h_mp,h,mp,73.5642254459641,0.292864456462524,37268.0719795843,4.60030412460116e-07,1718.24854820877,0.114690921773062,1.99946668856544,-0.00912886752368654,0
GFM-MWT+AD,h_mp,h,mp,73.5642254459641,0.398107170553497,37268.0719795843,6.25345281176143e-07,1718.24854820891,0.114688803884801,1.99946709688973,-0.00912869709953694,0
GFM-MWT+AD,h_mp,h,mp,73.5642254459641,0.541169526546464,37268.0719795843,8.50067104472518e-07,1718.24854820918,0.114687252212804,1.99946739812544,-0.00912857222875354,0
GFM-MWT+AD,h_mp,h,mp,73.5642254459641,0.735642254459641,37268.0719795843,1.15554415114032e-06,1718.24854820902,0.114686114178971,1.99946762018765,-0.00912848064036725,0
GFM-MWT+AD,h_mp,h,mp,73.5642254459641,1,37268.0719795843,1.5707963267949e-06,1718.24854820889,0.114685278858151,1.99946778379412,-0.00912841341138968,0
GFM-MWT+AD,h_mp,h,mp,73.5642254459641,1.35935639087853,37268.0719795843,2.13527202559716e-06,1718.24854820878,0.114684665375292,1.99946790428391,-0.00912836403504583,0
GFM-MWT+AD,h_mp,h,mp,73.5642254459641,1.84784979742229,37268.0719795843,2.90259567425963e-06,1718.24854820913,0.114684214619673,1.99946799299355,-0.00912832775503294,0
GFM-MWT+AD,h_mp,h,mp,73.5642254459641,2.51188643150958,37268.0719795843,3.94566197994119e-06,1718.24854820909,0.114683883321562,1.99946805829121,-0.00912830108936534,0
GFM-MWT+AD,h_mp,h,mp,73.5642254459641,3.4145488738336,37268.0719795843,5.36356082867947e-06,1718.24854820909,0.114683639766759,1.99946810634791,-0.00912828148577908,0
GFM-MWT+AD,h_mp,h,mp,73.5642254459641,4.64158883361278,37268.0719795843,7.29099069033116e-06,1718.24854820922,0.11468346068388,1.99946814171229,-0.00912826707136983,0
GFM-MWT+AD,h_mp,h,mp,73.5642254459641,6.30957344480193,37268.0719795843,9.9110547907375e-06,1718.24854820901,0.114683328991281,1.99946816773362,-0.00912825647134189,0
GFM-MWT+AD,h_mp,h,mp,73.5642254459641,8.57695898590894,37268.0719795843,1.34726556701362e-05,1718.24854820918,0.114683232136279,1.99946818687936,-0.00912824867537977,0
GFM-MWT+AD,h_mp,h,mp,73.5642254459641,11.6591440117983,37268.0719795843,1.83141405873055e-05,1718.24854820887,0.11468316090064,1.99946820096585,-0.00912824294152447,0
GFM-MWT+AD,h_mp,h,mp,73.5642254459641,15.8489319246111,37268.0719795843,2.48954440508015e-05,1718.24854820893,0.114683108504224,1.99946821132927,-0.00912823872405389,0
GFM-MWT+AD,h_mp,h,mp,73.5642254459641,21.5443469003188,37268.0719795843,3.38417809742158e-05,1718.248548209,0.114683069963439,1.9994682189535,-0.00912823562183912,0
GFM-MWT+AD,h_mp,h,mp,73.5642254459641,29.2864456462524,37268.0719795843,4.60030412460116e-05,1718.24854820932,0.11468304161292,1.99946822456256,-0.00912823333985349,0
GFM-MWT+AD,h_mp,h,mp,73.5642254459641,39.8107170553497,37268.0719795843,6.25345281176143e-05,1718.24854820946,0.114683020757443,1.99946822868918,-0.00912823166115567,0
GFM-MWT+AD,h_mp,h,mp,73.5642254459641,54.1169526546464,37268.0719795843,8.50067104472519e-05,1718.24854820917,0.114683005417816,1.99946823172476,-0.00912823042643755,0
GFM-MWT+AD,h_mp,h,mp,73.5642254459641,73.5642254459641,37268.0719795843,0.000115554415114032,1718.24854820903,0.114682994132498,1.99946823395782,-0.00912822951806017,0
GFM-MWT+AD,h_mp,h,mp,73.5642254459641,100,37268.0719795843,0.00015707963267949,1718.24854820882,0.114682985831407,1.99946823560068,-0.00912822884988762,0
GFM-MWT+AD,h_mp,h,mp,100,0.01,50660.5918211689,1.5707963267949e-08,1718.24854818386,0.115182097394171,1.99949161835764,-0.00916784525786763,0
GFM-MWT+AD,h_mp,h,mp,100,0.0135935639087853,50660.5918211689,2.13527202559716e-08,1718.24854818409,0.115140113483056,1.99949638275141,-0.00916448202075239,0
GFM-MWT+AD,h_mp,h,mp,100,0.0184784979742229,50660.5918211689,2.90259567425963e-08,1718.24854818394,0.115110609765308,1.99950026801229,-0.00916211609232161,0
GFM-MWT+AD,h_mp,h,mp,100,0.0251188643150958,50660.5918211689,3.94566197994119e-08,1718.24854818389,0.115089781743312,1.99950332209752,-0.00916044445475047,0
GFM-MWT+AD,h_mp,h,mp,100,0.034145488738336,50660.5918211689,5.36356082867947e-08,1718.24854818415,0.115074982641039,1.99950566994898,-0.00915925588126975,0
GFM-MWT+AD,h_mp,h,mp,100,0.0464158883361278,50660.5918211689,7.29099069033116e-08,1718.24854818419,0.115064397211897,1.99950744965131,-0.00915840526639619,0
GFM-MWT+AD,h_mp,h,mp,100,0.0630957344480193,50660.5918211689,9.9110547907375e-08,1718.24854818353,0.115056780266485,1.99950878634705,-0.00915779293451346,0
GFM-MWT+AD,h_mp,h,mp,100,0.0857695898590894,50660.5918211689,1.34726556701362e-07,1718.24854818406,0.115051271689337,1.99950978414386,-0.00915734995400973,0
GFM-MWT+AD,h_mp,h,mp,100,0.116591440117983,50660.5918211689,1.83141405873055e-07,1718.24854818359,0.115047271671685,1.99951052582972,-0.00915702820835874,0
GFM-MWT+AD,h_mp,h,mp,100,0.158489319246111,50660.5918211689,2.48954440508015e-07,1718.24854818393,0.115044357813866,1.99951107552547,-0.00915679378619844,0
GFM-MWT+AD,h_mp,h,mp,100,0.215443469003188,50660.5918211689,3.38417809742158e-07,1718.24854818426,0.115042229956959,1.99951148208612,-0.00915662257496192,0
GFM-MWT+AD,h_mp,h,mp,100,0.292864456462524,50660.5918211689,4.60030412460116e-07,1718.24854818385,0.115040673175926,1.99951178233819,-0.00915649730073072,0
GFM-MWT+AD,h_mp,h,mp,100,0.398107170553497,50660.5918211689,6.25345281176143e-07,1718.24854818391,0.115039532597963,1.99951200384485,-0.0091564055114107,0
GFM-MWT+AD,h_mp,h,mp,100,0.541169526546464,50660.5918211689,8.50067104472518e-07,1718.24854818405,0.115038696069574,1.99951216713294,-0.00915633818704324,0
GFM-MWT+AD,h_mp,h,mp,100,0.735642254459641,50660.5918211689,1.15554415114032e-06,1718.24854818351,0.115038082056893,1.99951228743688,-0.00915628876883456,0
GFM-MWT+AD,h_mp,h,mp,100,1,50660.5918211689,1.5707963267949e-06,1718.24854818385,0.115037631107754,1.99951237603592,-0.00915625247352054,0
GFM-MWT+AD,h_mp,h,mp,100,1.35935639087853,50660.5918211689,2.13527202559716e-06,1718.24854818362,0.115037299773526,1.99951244126616,-0.00915622580498772,0
GFM-MWT+AD,h_mp,h,mp,100,1.84784979742229,50660.5918211689,2.90259567425963e-06,1718.248548184,0.115037056249243,1.99951248928105,-0.00915620620380093,0
GFM-MWT+AD,h_mp,h,mp,100,2.51188643150958,50660.5918211689,3.94566197994119e-06,1718.248548184,0.115036877221304,1.99951252461834,-0.00915619179372524,0
GFM-MWT+AD,h_mp,h,mp,100,3.4145488738336,50660.5918211689,5.36356082867947e-06,1718.24854818416,0.115036745582987,1.99951255062251,-0.00915618119797608,0
GFM-MWT+AD,h_mp,h,mp,100,4.64158883361278,50660.5918211689,7.29099069033116e-06,1718.24854818392,0.11503664878127,1.99951256975662,-0.00915617340621955,0
GFM-MWT+AD,h_mp,h,mp,100,6.30957344480193,50660.5918211689,9.9110547907375e-06,1718.24854818397,0.115036577586767,1.99951258383494,-0.00915616767561043,0
GFM-MWT+AD,h_mp,h,mp,100,8.57695898590894,50660.5918211689,1.34726556701362e-05,1718.24854818387,0.115036525223788,1.99951259419281,-0.00915616346077862,0
GFM-MWT+AD,h_mp,h,mp,100,11.6591440117983,50660.5918211689,1.83141405873055e-05,1718.24854818373,0.115036486709526,1.99951260181351,-0.0091561603606557,0
GFM-MWT+AD,h_mp,h,mp,100,15.8489319246111,50660.5918211689,2.48954440508015e-05,1718.24854818385,0.115036458379017,1.99951260741985,-0.00915615808024905,0
GFM-MWT+AD,h_mp,h,mp,100,21.5443469003188,50660.5918211689,3.38417809742158e-05,1718.24854818391,0.115036437539246,1.99951261154423,-0.00915615640279237,0
GFM-MWT+AD,h_mp,h,mp,100,29.2864456462524,50660.5918211689,4.60030412460116e-05,1718.24854818386,0.115036422210734,1.99951261457852,-0.00915615516895075,0
GFM-MWT+AD,h_mp,h,mp,100,39.8107170553497,50660.5918211689,6.25345281176143e-05,1718.24854818379,0.115036410933855,1.99951261681068,-0.00915615426123879,0
GFM-MWT+AD,h_mp,h,mp,100,54.1169526546464,50660.5918211689,8.50067104472519e-05,1718.24854818417,0.115036402640006,1.99951261845291,-0.00915615359363789,0
GFM-MWT+AD,h_mp,h,mp,100,73.5642254459641,50660.5918211689,0.000115554415114032,1718.24854818384,0.11503639653734,1.99951261966071,-0.00915615310241558,0
GFM-MWT+AD,h_mp,h,mp,100,100,50660.5918211689,0.00015707963267949,1718.24854818375,0.115036392048753,1.99951262054926,-0.00915615274111459,0
GFM-MWT,dvc,k_pdc,k_idc,0.01,0.01,0.005,0.5,1718.24855511372,0.525154123687585,1.96024781554882,-0.0425992074975896,0
GFM-MWT,dvc,k_pdc,k_idc,0.01,0.0135935639087853,0.005,0.679678195439263,1718.24855511342,0.386487392394911,1.98817873831092,-0.0309237593714692,0
GFM-MWT,dvc,k_pdc,k_idc,0.01,0.0184784979742229,0.005,0.923924898711145,1718.24855511377,0.290628479482904,1.99619928523619,-0.0231652956039432,0
GFM-MWT,dvc,k_pdc,k_idc,0.01,0.0251188643150958,0.005,1.25594321575479,1718.24855511356,0.235638521741267,1.99875859868121,-0.0187598620938375,0
GFM-MWT,dvc,k_pdc,k_idc,0.01,0.034145488738336,0.005,1.7072744369168,1718.24855511359,0.202625500792334,1.99972881008046,-0.0161245151153407,0
GFM-MWT,dvc,k_pdc,k_idc,0.01,0.0464158883361278,0.005,2.32079441680639,1718.24855511361,0.18166357432976,2.00014616793541,-0.0144537614554992,0
GFM-MWT,dvc,k_pdc,k_idc,0.01,0.0630957344480193,0.005,3.15478672240097,1718.24855511379,0.167779655190254,2.00034230025099,-0.013348006758991,0
GFM-MWT,dvc,k_pdc,k_idc,0.01,0.0857695898590894,0.005,4.28847949295447,1718.2485551135,0.158304732716183,2.00044064164979,-0.0125937166739597,0
GFM-MWT,dvc,k_pdc,k_idc,0.01,0.116591440117983,0.005,5.82957200589916,1718.24855511364,0.151700985088664,2.00049251731533,-0.0120681298307426,0
GFM-MWT,dvc,k_pdc,k_idc,0.01,0.158489319246111,0.005,7.92446596230557,1718.24855511343,0.147029038493468,2.00052107001009,-0.0116963514700276,0
GFM-MWT,dvc,k_pdc,k_idc,0.01,0.215443469003188,0.005,10.7721734501594,1718.24855511351,0.143688260039317,2.00053738876666,-0.0114305300921947,0
GFM-MWT,dvc,k_pdc,k_idc,0.01,0.292864456462524,0.005,14.6432228231262,1718.24855511381,0.141280908295257,2.00054704437159,-0.0112389932578794,0
GFM-MWT,dvc,k_pdc,k_idc,0.01,0.398107170553497,0.005,19.9053585276749,1718.24855511394,0.139536490859428,2.00055294559529,-0.0111002081191436,0
GFM-MWT,dvc,k_pdc,k_idc,0.01,0.541169526546464,0.005,27.0584763273232,1718.24855511432,0.138267321944319,2.00055666269094,-0.0109992368382873,0
GFM-MWT,dvc,k_pdc,k_idc,0.01,0.735642254459641,0.005,36.7821127229821,1718.24855511325,0.137341195551296,2.00055906950448,-0.0109255586869195,0
GFM-MWT,dvc,k_pdc,k_idc,0.01,1,0.005,50,1718.24855511395,0.136663931750643,2.00056066666813,-0.0108716797284312,0
GFM-MWT,dvc,k_pdc,k_idc,0.01,1.35935639087853,0.005,67.9678195439263,1718.24855511402,0.136167875201336,2.00056174930329,-0.0108322169751776,0
GFM-MWT,dvc,k_pdc,k_idc,0.01,1.84784979742229,0.005,92.3924898711145,1718.24855511354,0.135804121694609,2.00056249638175,-0.0108032795646635,0
GFM-MWT,dvc,k_pdc,k_idc,0.01,2.51188643150958,0.005,125.594321575479,1718.24855511415,0.135537158149925,2.00056301949261,-0.0107820421457385,0
GFM-MWT,dvc,k_pdc,k_idc,0.01,3.4145488738336,0.005,170.72744369168,1718.24855511379,0.135341107845902,2.00056339008228,-0.0107664460704625,0
GFM-MWT,dvc,k_pdc,k_idc,0.01,4.64158883361278,0.005,232.079441680639,1718.24855511346,0.135197068229461,2.0005636550388,-0.010754987555979,0
GFM-MWT,dvc,k_pdc,k_idc,0.01,6.30957344480193,0.005,315.478672240097,1718.24855511362,0.135091205623399,2.00056384581826,-0.0107465660863307,0
GFM-MWT,dvc,k_pdc,k_idc,0.01,8.57695898590894,0.005,428.847949295447,1718.24855511373,0.135013382149663,2.00056398393295,-0.0107403751669921,0
GFM-MWT,dvc,k_pdc,k_idc,0.01,11.6591440117983,0.005,582.957200589916,1718.24855511387,0.1349561608496,2.00056408433029,-0.0107358231729344,0
GFM-MWT,dvc,k_pdc,k_idc,0.01,15.8489319246111,0.005,792.446596230557,1718.24855511351,0.134914082097802,2.00056415753551,-0.0107324757822925,0
GFM-MWT,dvc,k_pdc,k_idc,0.01,21.5443469003188,0.005,1077.21734501594,1718.24855511382,0.134883135660916,2.00056421103665,-0.0107300139758968,0
GFM-MWT,dvc,k_pdc,k_idc,0.01,29.2864456462524,0.005,1464.32228231262,1718.24855511362,0.134860374733412,2.00056425020383,-0.0107282033322979,0
GFM-MWT,dvc,k_pdc,k_idc,0.01,39.8107170553497,0.005,1990.53585276749,1718.24855511345,0.134843633317639,2.00056427891437,-0.0107268715444866,0
GFM-MWT,dvc,k_pdc,k_idc,0.01,54.1169526546464,0.005,2705.84763273232,1718.24855511357,0.134831318953976,2.00056429997844,-0.0107258919311147,0
GFM-MWT,dvc,k_pdc,k_idc,0.01,73.5642254459641,0.005,3678.21127229821,1718.24855511368,0.134822260724142,2.00056431544472,-0.0107251713448514,0
GFM-MWT,dvc,k_pdc,k_idc,0.01,100,0.005,5000,1718.24855511381,0.134815597493986,2.00056432680564,-0.0107246412819738,0
GFM-MWT,dvc,k_pdc,k_idc,0.0135935639087853,0.01,0.00679678195439263,0.5,1718.24855511358,0.483465096153318,1.9582525881729,-0.0392628248076086,0
GFM-MWT,dvc,k_pdc,k_idc,0.0135935639087853,0.0135935639087853,0.00679678195439263,0.679678195439263,1718.24855511357,0.376150267922556,1.98624331935756,-0.0301267220810939,0
GFM-MWT,dvc,k_pdc,k_idc,0.0135935639087853,0.0184784979742229,0.00679678195439263,0.923924898711145,1718.24855511383,0.288234689206397,1.99532499588877,-0.0229846549159217,0
GFM-MWT,dvc,k_pdc,k_idc,0.0135935639087853,0.0251188643150958,0.00679678195439263,1.25594321575479,1718.24855511315,0.234992165184443,1.99837543447839,-0.0187120076768909,0
GFM-MWT,dvc,k_pdc,k_idc,0.0135935639087853,0.034145488738336,0.00679678195439263,1.7072744369168,1718.24855511372,0.202425176986602,1.99955268650868,-0.0161099964021824,0
GFM-MWT,dvc,k_pdc,k_idc,0.0135935639087853,0.0464158883361278,0.00679678195439263,2.32079441680639,1718.24855511356,0.181594871910031,2.0000615358749,-0.014448907650649,0
GFM-MWT,dvc,k_pdc,k_idc,0.0135935639087853,0.0630957344480193,0.00679678195439263,3.15478672240097,1718.24855511379,0.167754244577267,2.00030026008205,-0.0133462659745754,0
GFM-MWT,dvc,k_pdc,k_idc,0.0135935639087853,0.0857695898590894,0.00679678195439263,4.28847949295447,1718.24855511358,0.15829475885077,2.00041925467261,-0.012593057955267,0
GFM-MWT,dvc,k_pdc,k_idc,0.0135935639087853,0.116591440117983,0.00679678195439263,5.82957200589916,1718.24855511343,0.151696872125271,2.00048145007592,-0.0120678694364117,0
GFM-MWT,dvc,k_pdc,k_idc,0.0135935639087853,0.158489319246111,0.00679678195439263,7.92446596230557,1718.24855511385,0.147027268263029,2.00051527248848,-0.0116962445563033,0
GFM-MWT,dvc,k_pdc,k_idc,0.0135935639087853,0.215443469003188,0.00679678195439263,10.7721734501594,1718.24855511353,0.143687468676511,2.00053432485489,-0.0114304846508053,0
GFM-MWT,dvc,k_pdc,k_idc,0.0135935639087853,0.292864456462524,0.00679678195439263,14.6432228231262,1718.24855511354,0.141280542343725,2.00054541475479,-0.0112389733038103,0
GFM-MWT,dvc,k_pdc,k_idc,0.0135935639087853,0.398107170553497,0.00679678195439263,19.9053585276749,1718.24855511388,0.139536316511731,2.00055207480763,-0.0111001990824199,0
GFM-MWT,dvc,k_pdc,k_idc,0.0135935639087853,0.541169526546464,0.00679678195439263,27.0584763273232,1718.24855511381,0.138267236718922,2.00055619580621,-0.010999232626045,0
GFM-MWT,dvc,k_pdc,k_idc,0.0135935639087853,0.735642254459641,0.00679678195439263,36.7821127229821,1718.24855511337,0.13734115297658,2.00055881855742,-0.0109255566708059,0
GFM-MWT,dvc,k_pdc,k_idc,0.0135935639087853,1,0.00679678195439263,50,1718.2485551138,0.136663910094072,2.000560531541,-0.0108716787400812,0
GFM-MWT,dvc,k_pdc,k_idc,0.0135935639087853,1.35935639087853,0.00679678195439263,67.9678195439263,1718.24855511409,0.136167864024373,2.00056167644477,-0.0108322164806019,0
GFM-MWT,dvc,k_pdc,k_idc,0.0135935639087853,1.84784979742229,0.00679678195439263,92.3924898711145,1718.24855511383,0.135804115862901,2.00056245705954,-0.0108032793131225,0
GFM-MWT,dvc,k_pdc,k_idc,0.0135935639087853,2.51188643150958,0.00679678195439263,125.594321575479,1718.2485551139,0.135537155075795,2.00056299825457,-0.0107820420156677,0
GFM-MWT,dvc,k_pdc,k_idc,0.0135935639087853,3.4145488738336,0.00679678195439263,170.72744369168,1718.24855511376,0.135341106216084,2.00056337860567,-0.0107664460025814,0
GFM-MWT,dvc,k_pdc,k_idc,0.0135935639087853,4.64158883361278,0.00679678195439263,232.079441680639,1718.24855511379,0.135197067360801,2.00056364883465,-0.0107549875202342,0
GFM-MWT,dvc,k_pdc,k_idc,0.0135935639087853,6.30957344480193,0.00679678195439263,315.478672240097,1718.24855511343,0.135091205159582,2.00056384246349,-0.0107465660674571,0
GFM-MWT,dvc,k_pdc,k_idc,0.0135935639087853,8.57695898590894,0.00679678195439263,428.847949295447,1718.24855511377,0.135013381895602,2.00056398211808,-0.0107403751565261,0
GFM-MWT,dvc,k_pdc,k_idc,0.0135935639087853,11.6591440117983,0.00679678195439263,582.957200589916,1718.24855511408,0.134956160709599,2.00056408334833,-0.0107358231670676,0
GFM-MWT,dvc,k_pdc,k_idc,0.0135935639087853,15.8489319246111,0.00679678195439263,792.446596230557,1718.24855511368,0.134914082030105,2.00056415700487,-0.0107324757797542,0
GFM-MWT,dvc,k_pdc,k_idc,0.0135935639087853,21.5443469003188,0.00679678195439263,1077.21734501594,1718.24855511359,0.134883135619709,2.00056421074922,-0.0107300139741606,0
GFM-MWT,dvc,k_pdc,k_idc,0.0135935639087853,29.2864456462524,0.00679678195439263,1464.32228231262,1718.24855511336,0.13486037471337,2.00056425004843,-0.010728203331537,0
GFM-MWT,dvc,k_pdc,k_idc,0.0135935639087853,39.8107170553497,0.00679678195439263,1990.53585276749,1718.24855511368,0.13484363330384,2.00056427883004,-0.0107268715438412,0
GFM-MWT,dvc,k_pdc,k_idc,0.0135935639087853,54.1169526546464,0.00679678195439263,2705.84763273232,1718.24855511346,0.134831318947702,2.00056429993285,-0.0107258919308602,0
GFM-MWT,dvc,k_pdc,k_idc,0.0135935639087853,73.5642254459641,0.00679678195439263,3678.21127229821,1718.24855511345,0.134822260720574,2.00056431542005,-0.0107251713446999,0
GFM-MWT,dvc,k_pdc,k_idc,0.0135935639087853,100,0.00679678195439263,5000,1718.24855511361,0.134815597494446,2.00056432679248,-0.0107246412820809,0
GFM-MWT,dvc,k_pdc,k_idc,0.0184784979742229,0.01,0.00923924898711145,0.5,1718.24855511338,0.432095657486424,1.95702224347023,-0.0351185273582493,0
GFM-MWT,dvc,k_pdc,k_idc,0.0184784979742229,0.0135935639087853,0.00923924898711145,0.679678195439263,1718.24855511346,0.361107415712561,1.9840425758084,-0.0289549900879706,0
GFM-MWT,dvc,k_pdc,k_idc,0.0184784979742229,0.0184784979742229,0.00923924898711145,0.923924898711145,1718.24855511359,0.284447375052678,1.99421100230966,-0.0226954645198547,0
GFM-MWT,dvc,k_pdc,k_idc,0.0184784979742229,0.0251188643150958,0.00923924898711145,1.25594321575479,1718.24855511313,0.233939154271679,1.99786828234823,-0.0186329145160011,0
GFM-MWT,dvc,k_pdc,k_idc,0.0184784979742229,0.034145488738336,0.00923924898711145,1.7072744369168,1718.24855511299,0.202096341281216,1.99931616503077,-0.0160857350506767,0
GFM-MWT,dvc,k_pdc,k_idc,0.0184784979742229,0.0464158883361278,0.00923924898711145,2.32079441680639,1718.24855511332,0.181482354749772,1.99994717597327,-0.0144407824226435,0
GFM-MWT,dvc,k_pdc,k_idc,0.0184784979742229,0.0630957344480193,0.00923924898711145,3.15478672240097,1718.24855511366,0.167712959044524,2.00024328977628,-0.0133433619098412,0
GFM-MWT,dvc,k_pdc,k_idc,0.0184784979742229,0.0857695898590894,0.00923924898711145,4.28847949295447,1718.24855511362,0.158278745532484,2.0003902312863,-0.0125919668894756,0
GFM-MWT,dvc,k_pdc,k_idc,0.0184784979742229,0.116591440117983,0.00923924898711145,5.82957200589916,1718.24855511329,0.151690365539364,2.0004664201641,-0.0120674425477121,0
GFM-MWT,dvc,k_pdc,k_idc,0.0184784979742229,0.158489319246111,0.00923924898711145,7.92446596230557,1718.24855511344,0.147024514406006,2.00050739602415,-0.0116960715564064,0
GFM-MWT,dvc,k_pdc,k_idc,0.0184784979742229,0.215443469003188,0.00923924898711145,10.7721734501594,1718.24855511342,0.143686259305517,2.00053016132535,-0.0114304122426453,0
GFM-MWT,dvc,k_pdc,k_idc,0.0184784979742229,0.292864456462524,0.00923924898711145,14.6432228231262,1718.24855511351,0.141279993002151,2.00054319999466,-0.0112389420496108,0
GFM-MWT,dvc,k_pdc,k_idc,0.0184784979742229,0.398107170553497,0.00923924898711145,19.9053585276749,1718.24855511384,0.139536059261595,2.00055089125993,-0.0111001851867136,0
GFM-MWT,dvc,k_pdc,k_idc,0.0184784979742229,0.541169526546464,0.00923924898711145,27.0584763273232,1718.24855511363,0.138267112905873,2.00055556120034,-0.0109992262665368,0
GFM-MWT,dvc,k_pdc,k_idc,0.0184784979742229,0.735642254459641,0.00923924898711145,36.7821127229821,1718.24855511326,0.137341091950065,2.00055847745018,-0.0109255536793459,0
GFM-MWT,dvc,k_pdc,k_idc,0.0184784979742229,1,0.00923924898711145,50,1718.24855511384,0.136663879415477,2.0005603478627,-0.0108716772979207,0
GFM-MWT,dvc,k_pdc,k_idc,0.0184784979742229,1.35935639087853,0.00923924898711145,67.9678195439263,1718.24855511362,0.136167848337896,2.00056157740684,-0.0108322157690684,0
GFM-MWT,dvc,k_pdc,k_idc,0.0184784979742229,1.84784979742229,0.00923924898711145,92.3924898711145,1718.24855511359,0.135804107736977,2.00056240360732,-0.0108032789553918,0
GFM-MWT,dvc,k_pdc,k_idc,0.0184784979742229,2.51188643150958,0.00923924898711145,125.594321575479,1718.24855511368,0.135537150827124,2.00056296938562,-0.0107820418332945,0
GFM-MWT,dvc,k_pdc,k_idc,0.0184784979742229,3.4145488738336,0.00923924898711145,170.72744369168,1718.2485551139,0.135341103973755,2.00056336300536,-0.0107664459081703,0
GFM-MWT,dvc,k_pdc,k_idc,0.0184784979742229,4.64158883361278,0.00923924898711145,232.079441680639,1718.24855511405,0.135197066165767,2.00056364040095,-0.010754987470514,0
GFM-MWT,dvc,k_pdc,k_idc,0.0184784979742229,6.30957344480193,0.00923924898711145,315.478672240097,1718.24855511363,0.135091204522251,2.00056383790295,-0.0107465660412583,0
GFM-MWT,dvc,k_pdc,k_idc,0.0184784979742229,8.57695898590894,0.00923924898711145,428.847949295447,1718.24855511391,0.135013381554776,2.00056397965159,-0.0107403751426567,0
GFM-MWT,dvc,k_pdc,k_idc,0.0184784979742229,11.6591440117983,0.00923924898711145,582.957200589916,1718.24855511396,0.1349561605345,2.00056408201467,-0.0107358231602961,0
GFM-MWT,dvc,k_pdc,k_idc,0.0184784979742229,15.8489319246111,0.00923924898711145,792.446596230557,1718.24855511383,0.134914081931326,2.00056415628307,-0.010732475775769,0
GFM-MWT,dvc,k_pdc,k_idc,0.0184784979742229,21.5443469003188,0.00923924898711145,1077.21734501594,1718.24855511401,0.134883135574221,2.00056421035918,-0.0107300139726341,0
GFM-MWT,dvc,k_pdc,k_idc,0.0184784979742229,29.2864456462524,0.00923924898711145,1464.32228231262,1718.24855511392,0.134860374684655,2.00056424983718,-0.0107282033303857,0
GFM-MWT,dvc,k_pdc,k_idc,0.0184784979742229,39.8107170553497,0.00923924898711145,1990.53585276749,1718.24855511384,0.134843633288205,2.00056427871577,-0.0107268715432102,0
GFM-MWT,dvc,k_pdc,k_idc,0.0184784979742229,54.1169526546464,0.00923924898711145,2705.84763273232,1718.24855511333,0.134831318942307,2.00056429987125,-0.0107258919307613,0
GFM-MWT,dvc,k_pdc,k_idc,0.0184784979742229,73.5642254459641,0.00923924898711145,3678.21127229821,1718.2485551135,0.134822260715879,2.00056431538661,-0.0107251713445056,0
GFM-MWT,dvc,k_pdc,k_idc,0.0184784979742229,100,0.00923924898711145,5000,1718.24855511339,0.134815597489647,2.00056432677415,-0.0107246412817974,0
GFM-MWT,dvc,k_pdc,k_idc,0.0251188643150958,0.01,0.0125594321575479,0.5,1718.24855511329,0.372840016832358,1.95727513894195,-0.0303033940896558,0
GFM-MWT,dvc,k_pdc,k_idc,0.0251188643150958,0.0135935639087853,0.0125594321575479,0.679678195439263,1718.24855511331,0.339928319225108,1.98179558422464,-0.027288951860724,0
GFM-MWT,dvc,k_pdc,k_idc,0.0251188643150958,0.0184784979742229,0.0125594321575479,0.923924898711145,1718.24855511311,0.278489841298896,1.99284808660062,-0.0222355515680659,0
GFM-MWT,dvc,k_pdc,k_idc,0.0251188643150958,0.0251188643150958,0.0125594321575479,1.25594321575479,1718.24855511326,0.232209171402679,1.99720857471816,-0.0185012783367193,0
GFM-MWT,dvc,k_pdc,k_idc,0.0251188643150958,0.034145488738336,0.0125594321575479,1.7072744369168,1718.24855511336,0.201548381612627,1.9990010595491,-0.016044659868374,0
GFM-MWT,dvc,k_pdc,k_idc,0.0251188643150958,0.0464158883361278,0.0125594321575479,2.32079441680639,1718.24855511367,0.181294639729673,1.99979324621608,-0.0144269589764931,0
GFM-MWT,dvc,k_pdc,k_idc,0.0251188643150958,0.0630957344480193,0.0125594321575479,3.15478672240097,1718.24855511339,0.167644481660945,2.00016624010508,-0.0133384284769347,0
GFM-MWT,dvc,k_pdc,k_idc,0.0251188643150958,0.0857695898590894,0.0125594321575479,4.28847949295447,1718.24855511345,0.158252461403697,2.00035088616776,-0.012590123762647,0
GFM-MWT,dvc,k_pdc,k_idc,0.0251188643150958,0.116591440117983,0.0125594321575479,5.82957200589916,1718.24855511334,0.151679833185194,2.00044602042164,-0.0120667278204876,0
GFM-MWT,dvc,k_pdc,k_idc,0.0251188643150958,0.158489319246111,0.0125594321575479,7.92446596230557,1718.24855511327,0.147020129782975,2.00049669857068,-0.011695785332401,0
GFM-MWT,dvc,k_pdc,k_idc,0.0251188643150958,0.215443469003188,0.0125594321575479,10.7721734501594,1718.2485551136,0.143684368758098,2.00052450459268,-0.0114302941832756,0
GFM-MWT,dvc,k_pdc,k_idc,0.0251188643150958,0.292864456462524,0.0125594321575479,14.6432228231262,1718.24855511325,0.141279150637704,2.00054019033041,-0.0112388919531939,0
GFM-MWT,dvc,k_pdc,k_idc,0.0251188643150958,0.398107170553497,0.0125594321575479,19.9053585276749,1718.24855511387,0.13953567215963,2.00054928272678,-0.0111001633202246,0
GFM-MWT,dvc,k_pdc,k_idc,0.0251188643150958,0.541169526546464,0.0125594321575479,27.0584763273232,1718.24855511394,0.138266929917736,2.00055469866025,-0.0109992164532306,0
GFM-MWT,dvc,k_pdc,k_idc,0.0251188643150958,0.735642254459641,0.0125594321575479,36.7821127229821,1718.24855511302,0.137341003227937,2.00055801380733,-0.0109255491540651,0
GFM-MWT,dvc,k_pdc,k_idc,0.0251188643150958,1,0.0125594321575479,50,1718.24855511401,0.136663835418015,2.00056009819302,-0.0108716751549386,0
GFM-MWT,dvc,k_pdc,k_idc,0.0251188643150958,1.35935639087853,0.0125594321575479,67.9678195439263,1718.24855511395,0.136167826110411,2.00056144278485,-0.0108322147299061,0
GFM-MWT,dvc,k_pdc,k_idc,0.0251188643150958,1.84784979742229,0.0125594321575479,92.3924898711145,1718.24855511394,0.135804096331912,2.000562330949,-0.0108032784405375,0
GFM-MWT,dvc,k_pdc,k_idc,0.0251188643150958,2.51188643150958,0.0125594321575479,125.594321575479,1718.24855511378,0.135537144899893,2.00056293014234,-0.0107820415733126,0
GFM-MWT,dvc,k_pdc,k_idc,0.0251188643150958,3.4145488738336,0.0125594321575479,170.72744369168,1718.2485551136,0.135341100863865,2.00056334179891,-0.0107664457749195,0
GFM-MWT,dvc,k_pdc,k_idc,0.0251188643150958,4.64158883361278,0.0125594321575479,232.079441680639,1718.24855511382,0.135197064524392,2.00056362893717,-0.0107549874015788,0
GFM-MWT,dvc,k_pdc,k_idc,0.0251188643150958,6.30957344480193,0.0125594321575479,315.478672240097,1718.24855511386,0.135091203647653,2.00056383170386,-0.010746566004988,0
GFM-MWT,dvc,k_pdc,k_idc,0.0251188643150958,8.57695898590894,0.0125594321575479,428.847949295447,1718.24855511366,0.135013381087379,2.00056397629871,-0.0107403751234778,0
GFM-MWT,dvc,k_pdc,k_idc,0.0251188643150958,11.6591440117983,0.0125594321575479,582.957200589916,1718.24855511372,0.134956160284402,2.00056408020105,-0.0107358231501344,0
GFM-MWT,dvc,k_pdc,k_idc,0.0251188643150958,15.8489319246111,0.0125594321575479,792.446596230557,1718.24855511378,0.134914081797144,2.00056415530182,-0.0107324757703595,0
GFM-MWT,dvc,k_pdc,k_idc,0.0251188643150958,21.5443469003188,0.0125594321575479,1077.21734501594,1718.24855511343,0.134883135501915,2.00056420982831,-0.0107300139697298,0
GFM-MWT,dvc,k_pdc,k_idc,0.0251188643150958,29.2864456462524,0.0125594321575479,1464.32228231262,1718.24855511315,0.134860374645142,2.00056424954984,-0.0107282033287835,0
GFM-MWT,dvc,k_pdc,k_idc,0.0251188643150958,39.8107170553497,0.0125594321575479,1990.53585276749,1718.24855511349,0.134843633264945,2.00056427856009,-0.0107268715421947,0
GFM-MWT,dvc,k_pdc,k_idc,0.0251188643150958,54.1169526546464,0.0125594321575479,2705.84763273232,1718.24855511391,0.134831318928515,2.00056429978695,-0.0107258919301161,0
GFM-MWT,dvc,k_pdc,k_idc,0.0251188643150958,73.5642254459641,0.0125594321575479,3678.21127229821,1718.24855511388,0.134822260712594,2.00056431534126,-0.0107251713444875,0
GFM-MWT,dvc,k_pdc,k_idc,0.0251188643150958,100,0.0125594321575479,5000,1718.24855511331,0.134815597486026,2.00056432674953,-0.0107246412816414,0
GFM-MWT,dvc,k_pdc,k_idc,0.034145488738336,0.01,0.017072744369168,0.5,1718.24855511336,0.310892326172077,1.95963538272834,-0.0252415758639587,0
GFM-MWT,dvc,k_pdc,k_idc,0.034145488738336,0.0135935639087853,0.017072744369168,0.679678195439263,1718.24855511342,0.311799778020683,1.97991884856001,-0.0250560250413573,0
GFM-MWT,dvc,k_pdc,k_idc,0.034145488738336,0.0184784979742229,0.017072744369168,0.923924898711145,1718.24855511292,0.269334768957803,1.99129195603792,-0.0215217216753226,0
GFM-MWT,dvc,k_pdc,k_idc,0.034145488738336,0.0251188643150958,0.017072744369168,1.25594321575479,1718.24855511328,0.229372584762654,1.99637567839546,-0.0182829710962228,0
GFM-MWT,dvc,k_pdc,k_idc,0.034145488738336,0.034145488738336,0.017072744369168,1.7072744369168,1718.24855511353,0.20062731501497,1.99858703096838,-0.0159746630681273,0
GFM-MWT,dvc,k_pdc,k_idc,0.034145488738336,0.0464158883361278,0.017072744369168,2.32079441680639,1718.24855511354,0.180976972796813,1.99958744881472,-0.0144031670234694,0
GFM-MWT,dvc,k_pdc,k_idc,0.034145488738336,0.0630957344480193,0.017072744369168,3.15478672240097,1718.2485551133,0.167528883242586,2.00006239070602,-0.0133299246364299,0
GFM-MWT,dvc,k_pdc,k_idc,0.034145488738336,0.0857695898590894,0.017072744369168,4.28847949295447,1718.2485551134,0.158208448568948,2.00029764448469,-0.0125869577428187,0
GFM-MWT,dvc,k_pdc,k_idc,0.034145488738336,0.116591440117983,0.017072744369168,5.82957200589916,1718.24855511342,0.151662410398326,2.00041835924955,-0.0120655087825541,0
GFM-MWT,dvc,k_pdc,k_idc,0.034145488738336,0.158489319246111,0.017072744369168,7.92446596230557,1718.2485551134,0.147012987570294,2.00048217761179,-0.0116953021116788,0
GFM-MWT,dvc,k_pdc,k_idc,0.034145488738336,0.215443469003188,0.017072744369168,10.7721734501594,1718.24855511329,0.143681343777565,2.00051682148989,-0.0114300974653065,0
GFM-MWT,dvc,k_pdc,k_idc,0.034145488738336,0.292864456462524,0.017072744369168,14.6432228231262,1718.2485551133,0.141277828774097,2.00053610117801,-0.0112388097804549,0
GFM-MWT,dvc,k_pdc,k_idc,0.034145488738336,0.398107170553497,0.017072744369168,19.9053585276749,1718.24855511383,0.139535076876183,2.00054709683985,-0.011100128097819,0
GFM-MWT,dvc,k_pdc,k_idc,0.034145488738336,0.541169526546464,0.017072744369168,27.0584763273232,1718.24855511387,0.13826665403843,2.00055352639424,-0.0109992009539503,0
GFM-MWT,dvc,k_pdc,k_idc,0.034145488738336,0.735642254459641,0.017072744369168,36.7821127229821,1718.24855511302,0.137340871909241,2.0005573836316,-0.0109255421499752,0
GFM-MWT,dvc,k_pdc,k_idc,0.034145488738336,1,0.017072744369168,50,1718.24855511353,0.13666377139018,2.00055975883287,-0.0108716719060665,0
GFM-MWT,dvc,k_pdc,k_idc,0.034145488738336,1.35935639087853,0.017072744369168,67.9678195439263,1718.24855511394,0.136167794223102,2.00056125979629,-0.0108322131842444,0
GFM-MWT,dvc,k_pdc,k_idc,0.034145488738336,1.84784979742229,0.017072744369168,92.3924898711145,1718.24855511411,0.135804080162654,2.00056223218413,-0.0108032776876956,0
GFM-MWT,dvc,k_pdc,k_idc,0.034145488738336,2.51188643150958,0.017072744369168,125.594321575479,1718.248555114,0.135537136579104,2.00056287679831,-0.0107820411989314,0
GFM-MWT,dvc,k_pdc,k_idc,0.034145488738336,3.4145488738336,0.017072744369168,170.72744369168,1718.24855511413,0.135341096533354,2.00056331297251,-0.0107664455855827,0
GFM-MWT,dvc,k_pdc,k_idc,0.034145488738336,4.64158883361278,0.017072744369168,232.079441680639,1718.24855511354,0.135197062248437,2.00056361335369,-0.0107549873043132,0
GFM-MWT,dvc,k_pdc,k_idc,0.034145488738336,6.30957344480193,0.017072744369168,315.478672240097,1718.24855511343,0.135091202443253,2.00056382327721,-0.0107465659544492,0
GFM-MWT,dvc,k_pdc,k_idc,0.034145488738336,8.57695898590894,0.017072744369168,428.847949295447,1718.24855511358,0.135013380446721,2.00056397174104,-0.0107403750969848,0
GFM-MWT,dvc,k_pdc,k_idc,0.034145488738336,11.6591440117983,0.017072744369168,582.957200589916,1718.24855511388,0.134956159944294,2.00056407773585,-0.0107358231363096,0
GFM-MWT,dvc,k_pdc,k_idc,0.034145488738336,15.8489319246111,0.017072744369168,792.446596230557,1718.2485551134,0.134914081613292,2.00056415396805,-0.0107324757628902,0
GFM-MWT,dvc,k_pdc,k_idc,0.034145488738336,21.5443469003188,0.017072744369168,1077.21734501594,1718.24855511353,0.134883135399933,2.00056420910656,-0.0107300139654887,0
GFM-MWT,dvc,k_pdc,k_idc,0.034145488738336,29.2864456462524,0.017072744369168,1464.32228231262,1718.24855511355,0.13486037459446,2.00056424915963,-0.0107282033268445,0
GFM-MWT,dvc,k_pdc,k_idc,0.034145488738336,39.8107170553497,0.017072744369168,1990.53585276749,1718.24855511339,0.134843633235482,2.00056427834877,-0.0107268715409841,0
GFM-MWT,dvc,k_pdc,k_idc,0.034145488738336,54.1169526546464,0.017072744369168,2705.84763273232,1718.24855511311,0.134831318917318,2.00056429967303,-0.0107258919298363,0
GFM-MWT,dvc,k_pdc,k_idc,0.034145488738336,73.5642254459641,0.017072744369168,3678.21127229821,1718.24855511351,0.134822260696639,2.0005643152789,-0.0107251713435526,0
GFM-MWT,dvc,k_pdc,k_idc,0.034145488738336,100,0.017072744369168,5000,1718.24855511356,0.134815597478219,2.00056432671583,-0.0107246412812011,0
GFM-MWT,dvc,k_pdc,k_idc,0.0464158883361278,0.01,0.0232079441680639,0.5,1718.24855511353,0.254146869155732,1.96415904956553,-0.0205890435975306,0
GFM-MWT,dvc,k_pdc,k_idc,0.0464158883361278,0.0135935639087853,0.0232079441680639,0.679678195439263,1718.24855511373,0.277654487414867,1.97898050534603,-0.0223241569033034,0
GFM-MWT,dvc,k_pdc,k_idc,0.0464158883361278,0.0184784979742229,0.0232079441680639,0.923924898711145,1718.24855511361,0.255927868125844,1.98971755313022,-0.0204670522048156,0
GFM-MWT,dvc,k_pdc,k_idc,0.0464158883361278,0.0251188643150958,0.0232079441680639,1.25594321575479,1718.24855511361,0.224802242874929,1.99537723355739,-0.0179277569379322,0
GFM-MWT,dvc,k_pdc,k_idc,0.0464158883361278,0.034145488738336,0.0232079441680639,1.7072744369168,1718.24855511347,0.199080139276315,1.998056033382,-0.0158557140774498,0
GFM-MWT,dvc,k_pdc,k_idc,0.0464158883361278,0.0464158883361278,0.0232079441680639,2.32079441680639,1718.24855511379,0.180434961459812,1.99931554487645,-0.0143619921576091,0
GFM-MWT,dvc,k_pdc,k_idc,0.0464158883361278,0.0630957344480193,0.0232079441680639,3.15478672240097,1718.24855511365,0.167331118201288,1.9999232576527,-0.0133151177681019,0
GFM-MWT,dvc,k_pdc,k_idc,0.0464158883361278,0.0857695898590894,0.0232079441680639,4.28847949295447,1718.24855511346,0.158133503347357,2.00022582349704,-0.0125814477626654,0
GFM-MWT,dvc,k_pdc,k_idc,0.0464158883361278,0.116591440117983,0.0232079441680639,5.82957200589916,1718.24855511326,0.151633027050909,2.0003809148131,-0.0120633973029044,0
GFM-MWT,dvc,k_pdc,k_idc,0.0464158883361278,0.158489319246111,0.0232079441680639,7.92446596230557,1718.24855511367,0.147001103039699,2.00046248467265,-0.0116944718984681,0
GFM-MWT,dvc,k_pdc,k_idc,0.0464158883361278,0.215443469003188,0.0232079441680639,10.7721734501594,1718.2485551136,0.143676392724887,2.00050639150558,-0.0114297632349662,0
GFM-MWT,dvc,k_pdc,k_idc,0.0464158883361278,0.292864456462524,0.0232079441680639,14.6432228231262,1718.24855511328,0.141275705749466,2.00053054700151,-0.011238672111275,0
GFM-MWT,dvc,k_pdc,k_idc,0.0464158883361278,0.398107170553497,0.0232079441680639,19.9053585276749,1718.24855511375,0.139534140123812,2.00054412688362,-0.0111000700644157,0
GFM-MWT,dvc,k_pdc,k_idc,0.0464158883361278,0.541169526546464,0.0232079441680639,27.0584763273232,1718.24855511348,0.138266228904829,2.00055193335008,-0.0109991758959942,0
GFM-MWT,dvc,k_pdc,k_idc,0.0464158883361278,0.735642254459641,0.0232079441680639,36.7821127229821,1718.24855511358,0.137340673650801,2.00055652716561,-0.0109255310571006,0
GFM-MWT,dvc,k_pdc,k_idc,0.0464158883361278,1,0.0232079441680639,50,1718.24855511358,0.136663676542369,2.00055929758037,-0.0108716668680611,0
GFM-MWT,dvc,k_pdc,k_idc,0.0464158883361278,1.35935639087853,0.0232079441680639,67.9678195439263,1718.24855511389,0.13616774778151,2.00056101107086,-0.0108322108368142,0
GFM-MWT,dvc,k_pdc,k_idc,0.0464158883361278,1.84784979742229,0.0232079441680639,92.3924898711145,1718.2485551134,0.13580405695972,2.00056209793575,-0.0108032765669796,0
GFM-MWT,dvc,k_pdc,k_idc,0.0464158883361278,2.51188643150958,0.0232079441680639,125.594321575479,1718.24855511399,0.135537124784114,2.00056280428795,-0.0107820406514931,0
GFM-MWT,dvc,k_pdc,k_idc,0.0464158883361278,3.4145488738336,0.0232079441680639,170.72744369168,1718.24855511385,0.135341090454814,2.0005632737883,-0.0107664453129415,0
GFM-MWT,dvc,k_pdc,k_idc,0.0464158883361278,4.64158883361278,0.0232079441680639,232.079441680639,1718.24855511389,0.13519705907655,2.00056359217051,-0.0107549871658846,0
GFM-MWT,dvc,k_pdc,k_idc,0.0464158883361278,6.30957344480193,0.0232079441680639,315.478672240097,1718.24855511359,0.135091200774924,2.00056381182238,-0.0107465658832738,0
GFM-MWT,dvc,k_pdc,k_idc,0.0464158883361278,8.57695898590894,0.0232079441680639,428.847949295447,1718.24855511349,0.135013379567335,2.00056396554596,-0.0107403750602928,0
GFM-MWT,dvc,k_pdc,k_idc,0.0464158883361278,11.6591440117983,0.0232079441680639,582.957200589916,1718.24855511367,0.134956159468374,2.00056407438409,-0.0107358231164391,0
GFM-MWT,dvc,k_pdc,k_idc,0.0464158883361278,15.8489319246111,0.0232079441680639,792.446596230557,1718.24855511364,0.134914081353939,2.00056415215434,-0.0107324757519898,0
GFM-MWT,dvc,k_pdc,k_idc,0.0464158883361278,21.5443469003188,0.0232079441680639,1077.21734501594,1718.24855511343,0.134883135262817,2.00056420812535,-0.0107300139598444,0
GFM-MWT,dvc,k_pdc,k_idc,0.0464158883361278,29.2864456462524,0.0232079441680639,1464.32228231262,1718.24855511391,0.134860374524675,2.00056424862899,-0.010728203324139,0
GFM-MWT,dvc,k_pdc,k_idc,0.0464158883361278,39.8107170553497,0.0232079441680639,1990.53585276749,1718.24855511377,0.13484363320183,2.00056427806195,-0.0107268715398452,0
GFM-MWT,dvc,k_pdc,k_idc,0.0464158883361278,54.1169526546464,0.0232079441680639,2705.84763273232,1718.24855511413,0.134831318893869,2.00056429951733,-0.0107258919288057,0
GFM-MWT,dvc,k_pdc,k_idc,0.0464158883361278,73.5642254459641,0.0232079441680639,3678.21127229821,1718.24855511355,0.134822260689817,2.00056431519508,-0.0107251713434594,0
GFM-MWT,dvc,k_pdc,k_idc,0.0464158883361278,100,0.0232079441680639,5000,1718.24855511338,0.134815597469981,2.00056432667008,-0.010724641280791,0
GFM-MWT,dvc,k_pdc,k_idc,0.0630957344480193,0.01,0.0315478672240097,0.5,1718.24855511315,0.209416680193504,1.97008272284494,-0.0169154983745223,0
GFM-MWT,dvc,k_pdc,k_idc,0.0630957344480193,0.0135935639087853,0.0315478672240097,0.679678195439263,1718.24855511351,0.241031366812259,1.97946205423604,-0.0193760378969529,0
GFM-MWT,dvc,k_pdc,k_idc,0.0630957344480193,0.0184784979742229,0.0315478672240097,0.923924898711145,1718.24855511356,0.237813109553349,1.98845230531088,-0.0190310208100323,0
GFM-MWT,dvc,k_pdc,k_idc,0.0630957344480193,0.0251188643150958,0.0315478672240097,1.25594321575479,1718.24855511366,0.217727613387599,1.99428435079241,-0.0173732476733022,0
GFM-MWT,dvc,k_pdc,k_idc,0.0630957344480193,0.034145488738336,0.0315478672240097,1.7072744369168,1718.2485551136,0.196518697987168,1.99740340044066,-0.0156568715050537,0
GFM-MWT,dvc,k_pdc,k_idc,0.0630957344480193,0.0464158883361278,0.0315478672240097,2.32079441680639,1718.24855511362,0.17951054301377,1.99896373708374,-0.014290940921081,0
GFM-MWT,dvc,k_pdc,k_idc,0.0630957344480193,0.0630957344480193,0.0315478672240097,3.15478672240097,1718.24855511315,0.166990225605571,1.99973882075744,-0.0132892218978356,0
GFM-MWT,dvc,k_pdc,k_idc,0.0630957344480193,0.0857695898590894,0.0315478672240097,4.28847949295447,1718.24855511353,0.158004284222066,2.00012947341345,-0.0125717739131898,0
GFM-MWT,dvc,k_pdc,k_idc,0.0630957344480193,0.116591440117983,0.0315478672240097,5.82957200589916,1718.24855511328,0.151582673242022,2.00033037573194,-0.0120596965519836,0
GFM-MWT,dvc,k_pdc,k_idc,0.0630957344480193,0.158489319246111,0.0315478672240097,7.92446596230557,1718.24855511339,0.146980952927374,2.00043582023473,-0.0116930249396166,0
GFM-MWT,dvc,k_pdc,k_idc,0.0630957344480193,0.215443469003188,0.0315478672240097,10.7721734501594,1718.24855511349,0.143668117721826,2.00049224508095,-0.0114291858368667,0
GFM-MWT,dvc,k_pdc,k_idc,0.0630957344480193,0.292864456462524,0.0315478672240097,14.6432228231262,1718.24855511367,0.141272218434287,2.00052300669304,-0.0112384370797628,0
GFM-MWT,dvc,k_pdc,k_idc,0.0630957344480193,0.398107170553497,0.0315478672240097,19.9053585276749,1718.24855511387,0.139532631348243,2.00054009277757,-0.0110999724350957,0
GFM-MWT,dvc,k_pdc,k_idc,0.0630957344480193,0.541169526546464,0.0315478672240097,27.0584763273232,1718.24855511381,0.138265558465379,2.00054976885998,-0.0109991344675511,0
GFM-MWT,dvc,k_pdc,k_idc,0.0630957344480193,0.735642254459641,0.0315478672240097,36.7821127229821,1718.24855511359,0.137340367648638,2.00055536326802,-0.0109255130729167,0
GFM-MWT,dvc,k_pdc,k_idc,0.0630957344480193,1,0.0315478672240097,50,1718.24855511375,0.136663533180667,2.00055867069328,-0.0108716588712067,0
GFM-MWT,dvc,k_pdc,k_idc,0.0630957344480193,1.35935639087853,0.0315478672240097,67.9678195439263,1718.2485551137,0.136167678948023,2.0005606730077,-0.0108322071919761,0
GFM-MWT,dvc,k_pdc,k_idc,0.0630957344480193,1.84784979742229,0.0315478672240097,92.3924898711145,1718.24855511392,0.135804023155854,2.00056191545999,-0.0108032748634559,0
GFM-MWT,dvc,k_pdc,k_idc,0.0630957344480193,2.51188643150958,0.0315478672240097,125.594321575479,1718.2485551139,0.135537107853573,2.00056270572643,-0.0107820398359532,0
GFM-MWT,dvc,k_pdc,k_idc,0.0630957344480193,3.4145488738336,0.0315478672240097,170.72744369168,1718.24855511375,0.135341081831933,2.00056322052494,-0.0107664449136815,0
GFM-MWT,dvc,k_pdc,k_idc,0.0630957344480193,4.64158883361278,0.0315478672240097,232.079441680639,1718.2485551139,0.135197054627026,2.00056356337619,-0.0107549869667436,0
GFM-MWT,dvc,k_pdc,k_idc,0.0630957344480193,6.30957344480193,0.0315478672240097,315.478672240097,1718.24855511372,0.135091198450561,2.00056379625161,-0.010746565782024,0
GFM-MWT,dvc,k_pdc,k_idc,0.0630957344480193,8.57695898590894,0.0315478672240097,428.847949295447,1718.24855511399,0.135013378343278,2.00056395712429,-0.0107403750081378,0
GFM-MWT,dvc,k_pdc,k_idc,0.0630957344480193,11.6591440117983,0.0315478672240097,582.957200589916,1718.24855511395,0.134956158820639,2.00056406982843,-0.010735823089362,0
GFM-MWT,dvc,k_pdc,k_idc,0.0630957344480193,15.8489319246111,0.0315478672240097,792.446596230557,1718.2485551138,0.134914081012138,2.00056414968995,-0.0107324757380218,0
GFM-MWT,dvc,k_pdc,k_idc,0.0630957344480193,21.5443469003188,0.0315478672240097,1077.21734501594,1718.24855511371,0.134883135080079,2.00056420679198,-0.0107300139524599,0
GFM-MWT,dvc,k_pdc,k_idc,0.0630957344480193,29.2864456462524,0.0315478672240097,1464.32228231262,1718.24855511336,0.134860374424851,2.00056424790747,-0.0107282033200676,0
GFM-MWT,dvc,k_pdc,k_idc,0.0630957344480193,39.8107170553497,0.0315478672240097,1990.53585276749,1718.2485551138,0.1348436331455,2.00056427767131,-0.0107268715374589,0
GFM-MWT,dvc,k_pdc,k_idc,0.0630957344480193,54.1169526546464,0.0315478672240097,2705.84763273232,1718.24855511354,0.134831318862881,2.00056429930595,-0.0107258919274741,0
GFM-MWT,dvc,k_pdc,k_idc,0.0630957344480193,73.5642254459641,0.0315478672240097,3678.21127229821,1718.24855511355,0.134822260672,2.00056431508061,-0.0107251713426558,0
GFM-MWT,dvc,k_pdc,k_idc,0.0630957344480193,100,0.0315478672240097,5000,1718.2485551132,0.134815597467065,2.00056432660868,-0.0107246412808882,0
GFM-MWT,dvc,k_pdc,k_idc,0.0857695898590894,0.01,0.0428847949295447,0.5,1718.24855511369,0.178700403324555,1.97625360566555,-0.0143899080821524,0
GFM-MWT,dvc,k_pdc,k_idc,0.0857695898590894,0.0135935639087853,0.0428847949295447,0.679678195439263,1718.24855511378,0.207214350229622,1.9814084323935,-0.0166420109869968,0
GFM-MWT,dvc,k_pdc,k_idc,0.0857695898590894,0.0184784979742229,0.0428847949295447,0.923924898711145,1718.24855511393,0.21604331046711,1.98790482758591,-0.0172941973502049,0
GFM-MWT,dvc,k_pdc,k_idc,0.0857695898590894,0.0251188643150958,0.0428847949295447,1.25594321575479,1718.24855511347,0.207526007168563,1.99327027344639,-0.0165678768597097,0
GFM-MWT,dvc,k_pdc,k_idc,0.0857695898590894,0.034145488738336,0.0428847949295447,1.7072744369168,1718.24855511336,0.192423508356002,1.99665941605846,-0.0153363916102944,0
GFM-MWT,dvc,k_pdc,k_idc,0.0857695898590894,0.0464158883361278,0.0428847949295447,2.32079441680639,1718.24855511354,0.177954267196871,1.99852513051652,-0.014170178408088,0
GFM-MWT,dvc,k_pdc,k_idc,0.0857695898590894,0.0630957344480193,0.0428847949295447,3.15478672240097,1718.24855511346,0.166402921950166,1.99949890165041,-0.0132440806749281,0
GFM-MWT,dvc,k_pdc,k_idc,0.0857695898590894,0.0857695898590894,0.0428847949295447,4.28847949295447,1718.24855511351,0.157779949093244,2.00000147983596,-0.0125547305560816,0
GFM-MWT,dvc,k_pdc,k_idc,0.0857695898590894,0.116591440117983,0.0428847949295447,5.82957200589916,1718.24855511401,0.151495363360376,2.00026251678934,-0.0120531601448252,0
GFM-MWT,dvc,k_pdc,k_idc,0.0857695898590894,0.158489319246111,0.0428847949295447,7.92446596230557,1718.2485551137,0.146946259609938,2.00039981750983,-0.0116904756704382,0
GFM-MWT,dvc,k_pdc,k_idc,0.0857695898590894,0.215443469003188,0.0428847949295447,10.7721734501594,1718.24855511386,0.143654031861024,2.00047308747457,-0.0114281748420523,0
GFM-MWT,dvc,k_pdc,k_idc,0.0857695898590894,0.292864456462524,0.0428847949295447,14.6432228231262,1718.24855511373,0.141266370535381,2.00051277881197,-0.0112380293768834,0
GFM-MWT,dvc,k_pdc,k_idc,0.0857695898590894,0.398107170553497,0.0428847949295447,19.9053585276749,1718.24855511385,0.139530146315237,2.00053461590385,-0.0110998051565417,0
GFM-MWT,dvc,k_pdc,k_idc,0.0857695898590894,0.541169526546464,0.0428847949295447,27.0584763273232,1718.24855511349,0.138264476350464,2.00054682877102,-0.0109990645575836,0
GFM-MWT,dvc,k_pdc,k_idc,0.0857695898590894,0.735642254459641,0.0428847949295447,36.7821127229821,1718.24855511357,0.137339884321761,2.00055378185191,-0.0109254832639861,0
GFM-MWT,dvc,k_pdc,k_idc,0.0857695898590894,1,0.0428847949295447,50,1718.24855511365,0.13666331166853,2.00055781878023,-0.0108716458808858,0
GFM-MWT,dvc,k_pdc,k_idc,0.0857695898590894,1.35935639087853,0.0428847949295447,67.9678195439263,1718.24855511395,0.136167574814533,2.00056021354513,-0.0108322013965829,0
GFM-MWT,dvc,k_pdc,k_idc,0.0857695898590894,1.84784979742229,0.0428847949295447,92.3924898711145,1718.24855511362,0.135803973017215,2.00056166744112,-0.0108032722145439,0
GFM-MWT,dvc,k_pdc,k_idc,0.0857695898590894,2.51188643150958,0.0428847949295447,125.594321575479,1718.24855511343,0.13553708317507,2.00056257175735,-0.0107820385949379,0
GFM-MWT,dvc,k_pdc,k_idc,0.0857695898590894,3.4145488738336,0.0428847949295447,170.72744369168,1718.24855511371,0.135341069449871,2.00056314812529,-0.0107664443183854,0
GFM-MWT,dvc,k_pdc,k_idc,0.0857695898590894,4.64158883361278,0.0428847949295447,232.079441680639,1718.24855511425,0.13519704830748,2.00056352423537,-0.0107549866744748,0
GFM-MWT,dvc,k_pdc,k_idc,0.0857695898590894,6.30957344480193,0.0428847949295447,315.478672240097,1718.24855511372,0.135091195186309,2.00056377508596,-0.0107465656360651,0
GFM-MWT,dvc,k_pdc,k_idc,0.0857695898590894,8.57695898590894,0.0428847949295447,428.847949295447,1718.24855511365,0.135013376635885,2.00056394567641,-0.0107403749337824,0
GFM-MWT,dvc,k_pdc,k_idc,0.0857695898590894,11.6591440117983,0.0428847949295447,582.957200589916,1718.24855511349,0.134956157922227,2.00056406363588,-0.0107358230511291,0
GFM-MWT,dvc,k_pdc,k_idc,0.0857695898590894,15.8489319246111,0.0428847949295447,792.446596230557,1718.24855511373,0.134914080535619,2.00056414633979,-0.0107324757180895,0
GFM-MWT,dvc,k_pdc,k_idc,0.0857695898590894,21.5443469003188,0.0428847949295447,1077.21734501594,1718.24855511375,0.134883134823535,2.00056420497926,-0.0107300139417754,0
GFM-MWT,dvc,k_pdc,k_idc,0.0857695898590894,29.2864456462524,0.0428847949295447,1464.32228231262,1718.24855511353,0.134860374287203,2.00056424692657,-0.0107282033143785,0
GFM-MWT,dvc,k_pdc,k_idc,0.0857695898590894,39.8107170553497,0.0428847949295447,1990.53585276749,1718.24855511355,0.134843633075533,2.00056427714088,-0.0107268715347374,0
GFM-MWT,dvc,k_pdc,k_idc,0.0857695898590894,54.1169526546464,0.0428847949295447,2705.84763273232,1718.24855511382,0.134831318833815,2.00056429901953,-0.0107258919266976,0
GFM-MWT,dvc,k_pdc,k_idc,0.0857695898590894,73.5642254459641,0.0428847949295447,3678.21127229821,1718.248555114,0.134822260650705,2.00056431492517,-0.0107251713417952,0
GFM-MWT,dvc,k_pdc,k_idc,0.0857695898590894,100,0.0428847949295447,5000,1718.24855511376,0.13481559745262,2.0005643265244,-0.010724641280191,0
GFM-MWT,dvc,k_pdc,k_idc,0.116591440117983,0.01,0.0582957200589916,0.5,1718.24855511373,0.159653098542851,1.98180380408455,-0.0128203869051545,0
GFM-MWT,dvc,k_pdc,k_idc,0.116591440117983,0.0135935639087853,0.0582957200589916,0.679678195439263,1718.24855511362,0.180460379422607,1.98432608329068,-0.0144724970520159,0
GFM-MWT,dvc,k_pdc,k_idc,0.116591440117983,0.0184784979742229,0.0582957200589916,0.923924898711145,1718.24855511369,0.193512025996673,1.98834085754068,-0.0154876370361458,0
GFM-MWT,dvc,k_pdc,k_idc,0.116591440117983,0.0251188643150958,0.0582957200589916,1.25594321575479,1718.24855511362,0.194325960443925,1.99260496374231,-0.0155194897868542,0
GFM-MWT,dvc,k_pdc,k_idc,0.116591440117983,0.034145488738336,0.0582957200589916,1.7072744369168,1718.24855511346,0.186280478832583,1.99591872113354,-0.0148524028005984,0
GFM-MWT,dvc,k_pdc,k_idc,0.116591440117983,0.0464158883361278,0.0582957200589916,2.32079441680639,1718.24855511355,0.175415996762901,1.99801325219339,-0.0139716780564563,0
GFM-MWT,dvc,k_pdc,k_idc,0.116591440117983,0.0630957344480193,0.0582957200589916,3.15478672240097,1718.24855511329,0.1654033529494,1.99919715287144,-0.0131665250189716,0
GFM-MWT,dvc,k_pdc,k_idc,0.116591440117983,0.0857695898590894,0.0582957200589916,4.28847949295447,1718.24855511313,0.157390771452414,1.99983440911321,-0.0125248142102623,0
GFM-MWT,dvc,k_pdc,k_idc,0.116591440117983,0.116591440117983,0.0582957200589916,5.82957200589916,1718.24855511372,0.151343014013451,2.00017224483169,-0.0120415841575291,0
GFM-MWT,dvc,k_pdc,k_idc,0.116591440117983,0.158489319246111,0.0582957200589916,7.92446596230557,1718.24855511393,0.146885856740818,2.00035144786103,-0.0116859534359522,0
GFM-MWT,dvc,k_pdc,k_idc,0.116591440117983,0.215443469003188,0.0582957200589916,10.7721734501594,1718.24855511386,0.14362969570937,2.00044721386017,-0.0114263868365564,0
GFM-MWT,dvc,k_pdc,k_idc,0.116591440117983,0.292864456462524,0.0582957200589916,14.6432228231262,1718.24855511328,0.141256386891196,2.00049892620921,-0.0112373130610563,0
GFM-MWT,dvc,k_pdc,k_idc,0.116591440117983,0.398107170553497,0.0582957200589916,19.9053585276749,1718.24855511407,0.139525968886373,2.00052718651389,-0.0110995140927805,0
GFM-MWT,dvc,k_pdc,k_idc,0.116591440117983,0.541169526546464,0.0582957200589916,27.0584763273232,1718.24855511392,0.138262690444978,2.00054283707526,-0.0109989444479336,0
GFM-MWT,dvc,k_pdc,k_idc,0.116591440117983,0.735642254459641,0.0582957200589916,36.7821127229821,1718.24855511341,0.137339102962692,2.0005516337405,-0.0109254328436234,0
GFM-MWT,dvc,k_pdc,k_idc,0.116591440117983,1,0.0582957200589916,50,1718.24855511408,0.136662961363742,2.00055666125712,-0.0108716243068102,0
GFM-MWT,dvc,k_pdc,k_idc,0.116591440117983,1.35935639087853,0.0582957200589916,67.9678195439263,1718.24855511377,0.136167413776166,2.00055958915333,-0.0108321919678224,0
GFM-MWT,dvc,k_pdc,k_idc,0.116591440117983,1.84784979742229,0.0582957200589916,92.3924898711145,1718.24855511377,0.13580389712667,2.00056133035832,-0.0108032679981929,0
GFM-MWT,dvc,k_pdc,k_idc,0.116591440117983,2.51188643150958,0.0582957200589916,125.594321575479,1718.24855511372,0.135537046558916,2.00056238966829,-0.0107820366636996,0
GFM-MWT,dvc,k_pdc,k_idc,0.116591440117983,3.4145488738336,0.0582957200589916,170.72744369168,1718.24855511353,0.135341051393919,2.00056304971632,-0.0107664434117395,0
GFM-MWT,dvc,k_pdc,k_idc,0.116591440117983,4.64158883361278,0.0582957200589916,232.079441680639,1718.24855511393,0.135197039240886,2.00056347103286,-0.0107549862392891,0
GFM-MWT,dvc,k_pdc,k_idc,0.116591440117983,6.30957344480193,0.0582957200589916,315.478672240097,1718.24855511393,0.135091190552523,2.00056374631529,-0.0107465654220194,0
GFM-MWT,dvc,k_pdc,k_idc,0.116591440117983,8.57695898590894,0.0582957200589916,428.847949295447,1718.24855511364,0.135013374237632,2.00056393011488,-0.0107403748265575,0
GFM-MWT,dvc,k_pdc,k_idc,0.116591440117983,11.6591440117983,0.0582957200589916,582.957200589916,1718.2485551137,0.1349561566675,2.0005640552178,-0.010735822996496,0
GFM-MWT,dvc,k_pdc,k_idc,0.116591440117983,15.8489319246111,0.0582957200589916,792.446596230557,1718.24855511367,0.134914079876054,2.00056414178572,-0.0107324756900553,0
GFM-MWT,dvc,k_pdc,k_idc,0.116591440117983,21.5443469003188,0.0582957200589916,1077.21734501594,1718.24855511363,0.134883134470686,2.00056420251503,-0.0107300139269247,0
GFM-MWT,dvc,k_pdc,k_idc,0.116591440117983,29.2864456462524,0.0582957200589916,1464.32228231262,1718.24855511392,0.134860374099403,2.00056424559326,-0.0107282033065897,0
GFM-MWT,dvc,k_pdc,k_idc,0.116591440117983,39.8107170553497,0.0582957200589916,1990.53585276749,1718.24855511375,0.13484363296983,2.00056427641901,-0.0107268715301998,0
GFM-MWT,dvc,k_pdc,k_idc,0.116591440117983,54.1169526546464,0.0582957200589916,2705.84763273232,1718.24855511382,0.134831318774686,2.0005642986287,-0.0107258919240896,0
GFM-MWT,dvc,k_pdc,k_idc,0.116591440117983,73.5642254459641,0.0582957200589916,3678.21127229821,1718.24855511374,0.134822260619376,2.0005643147138,-0.0107251713404363,0
GFM-MWT,dvc,k_pdc,k_idc,0.116591440117983,100,0.0582957200589916,5000,1718.24855511373,0.134815597439281,2.00056432641025,-0.0107246412797419,0
GFM-MWT,dvc,k_pdc,k_idc,0.158489319246111,0.01,0.0792446596230557,0.5,1718.24855511388,0.148567393767634,1.9863741785511,-0.0119028732284869,0
GFM-MWT,dvc,k_pdc,k_idc,0.158489319246111,0.0135935639087853,0.0792446596230557,0.679678195439263,1718.24855511394,0.161940955379024,1.98751169768369,-0.0129667346009482,0
GFM-MWT,dvc,k_pdc,k_idc,0.158489319246111,0.0184784979742229,0.0792446596230557,0.923924898711145,1718.24855511397,0.173725616565894,1.98966545259295,-0.013895110493264,0
GFM-MWT,dvc,k_pdc,k_idc,0.158489319246111,0.0251188643150958,0.0792446596230557,1.25594321575479,1718.24855511398,0.179550566343733,1.99254170034354,-0.0143401875991838,0
GFM-MWT,dvc,k_pdc,k_idc,0.158489319246111,0.034145488738336,0.0792446596230557,1.7072744369168,1718.24855511362,0.177947536050884,1.99535261723147,-0.0141921670326224,0
GFM-MWT,dvc,k_pdc,k_idc,0.158489319246111,0.0464158883361278,0.0792446596230557,2.32079441680639,1718.24855511371,0.171512504343353,1.99748270988018,-0.013664455865706,0
GFM-MWT,dvc,k_pdc,k_idc,0.158489319246111,0.0630957344480193,0.0792446596230557,3.15478672240097,1718.24855511374,0.163751866261776,1.99883982189294,-0.0130374148292457,0
GFM-MWT,dvc,k_pdc,k_idc,0.158489319246111,0.0857695898590894,0.0792446596230557,4.28847949295447,1718.24855511363,0.156723516565064,1.99962308455854,-0.0124730416329314,0
GFM-MWT,dvc,k_pdc,k_idc,0.158489319246111,0.116591440117983,0.0792446596230557,5.82957200589916,1718.24855511373,0.151077433660117,2.00005414119105,-0.012021166060596,0
GFM-MWT,dvc,k_pdc,k_idc,0.158489319246111,0.158489319246111,0.0792446596230557,7.92446596230557,1718.24855511376,0.146780072624128,2.00028704054489,-0.0116779145593915,0
GFM-MWT,dvc,k_pdc,k_idc,0.158489319246111,0.215443469003188,0.0792446596230557,10.7721734501594,1718.24855511388,0.143587198203037,2.0004124383193,-0.0114232049641865,0
GFM-MWT,dvc,k_pdc,k_idc,0.158489319246111,0.292864456462524,0.0792446596230557,14.6432228231262,1718.24855511429,0.141239094178545,2.00048021392832,-0.0112360426409684,0
GFM-MWT,dvc,k_pdc,k_idc,0.158489319246111,0.398107170553497,0.0792446596230557,19.9053585276749,1718.24855511382,0.139518821582005,2.00051712333643,-0.0110990014073402,0
GFM-MWT,dvc,k_pdc,k_idc,0.158489319246111,0.541169526546464,0.0792446596230557,27.0584763273232,1718.24855511387,0.138259682787575,2.00053742211922,-0.0109987349816759,0
GFM-MWT,dvc,k_pdc,k_idc,0.158489319246111,0.735642254459641,0.0792446596230557,36.7821127229821,1718.24855511394,0.137337811496419,2.00054871724227,-0.0109253460443183,0
GFM-MWT,dvc,k_pdc,k_idc,0.158489319246111,1,0.0792446596230557,50,1718.24855511349,0.136662394379994,2.00055508892414,-0.0108715877517183,0
GFM-MWT,dvc,k_pdc,k_idc,0.158489319246111,1.35935639087853,0.0792446596230557,67.9678195439263,1718.24855511383,0.136167158881209,2.00055874076683,-0.0108321762862807,0
GFM-MWT,dvc,k_pdc,k_idc,0.158489319246111,1.84784979742229,0.0792446596230557,92.3924898711145,1718.24855511374,0.135803779689255,2.00056087227424,-0.0108032611304961,0
GFM-MWT,dvc,k_pdc,k_idc,0.158489319246111,2.51188643150958,0.0792446596230557,125.594321575479,1718.24855511368,0.135536991113981,2.00056214219027,-0.0107820335871694,0
GFM-MWT,dvc,k_pdc,k_idc,0.158489319246111,3.4145488738336,0.0792446596230557,170.72744369168,1718.24855511376,0.135341024604641,2.00056291596055,-0.0107664420006378,0
GFM-MWT,dvc,k_pdc,k_idc,0.158489319246111,4.64158883361278,0.0792446596230557,232.079441680639,1718.24855511363,0.135197026023931,2.00056339871806,-0.0107549855767137,0
GFM-MWT,dvc,k_pdc,k_idc,0.158489319246111,6.30957344480193,0.0792446596230557,315.478672240097,1718.24855511376,0.135091183905171,2.00056370720834,-0.0107465651033298,0
GFM-MWT,dvc,k_pdc,k_idc,0.158489319246111,8.57695898590894,0.0792446596230557,428.847949295447,1718.24855511354,0.135013370839515,2.00056390896236,-0.0107403746698148,0
GFM-MWT,dvc,k_pdc,k_idc,0.158489319246111,11.6591440117983,0.0792446596230557,582.957200589916,1718.24855511383,0.134956154909188,2.00056404377526,-0.0107358229180358,0
GFM-MWT,dvc,k_pdc,k_idc,0.158489319246111,15.8489319246111,0.0792446596230557,792.446596230557,1718.24855511367,0.134914078956188,2.00056413559516,-0.0107324756500948,0
GFM-MWT,dvc,k_pdc,k_idc,0.158489319246111,21.5443469003188,0.0792446596230557,1077.21734501594,1718.24855511368,0.134883133990322,2.00056419916596,-0.0107300139066766,0
GFM-MWT,dvc,k_pdc,k_idc,0.158489319246111,29.2864456462524,0.0792446596230557,1464.32228231262,1718.24855511374,0.134860373839767,2.00056424378075,-0.0107282032956566,0
GFM-MWT,dvc,k_pdc,k_idc,0.158489319246111,39.8107170553497,0.0792446596230557,1990.53585276749,1718.24855511354,0.134843632830236,2.00056427543818,-0.0107268715243549,0
GFM-MWT,dvc,k_pdc,k_idc,0.158489319246111,54.1169526546464,0.0792446596230557,2705.84763273232,1718.24855511376,0.134831318703729,2.00056429809836,-0.0107258919212886,0
GFM-MWT,dvc,k_pdc,k_idc,0.158489319246111,73.5642254459641,0.0792446596230557,3678.21127229821,1718.24855511373,0.134822260585035,2.00056431442704,-0.0107251713392419,0
GFM-MWT,dvc,k_pdc,k_idc,0.158489319246111,100,0.0792446596230557,5000,1718.24855511388,0.134815597421028,2.00056432625508,-0.0107246412791217,0
GFM-MWT,dvc,k_pdc,k_idc,0.215443469003188,0.01,0.107721734501594,0.5,1718.2485551137,0.142338829484079,1.989954642675,-0.0113834054320699,0
GFM-MWT,dvc,k_pdc,k_idc,0.215443469003188,0.0135935639087853,0.107721734501594,0.679678195439263,1718.24855511361,0.15031547108245,1.99044260329748,-0.0120182930168045,0
GFM-MWT,dvc,k_pdc,k_idc,0.215443469003188,0.0184784979742229,0.107721734501594,0.923924898711145,1718.24855511372,0.158819712406647,1.99147820821684,-0.0126915305237151,0
GFM-MWT,dvc,k_pdc,k_idc,0.215443469003188,0.0251188643150958,0.107721734501594,1.25594321575479,1718.24855511385,0.165562174869892,1.99313585577025,-0.0132192374299601,0
GFM-MWT,dvc,k_pdc,k_idc,0.215443469003188,0.034145488738336,0.107721734501594,1.7072744369168,1718.24855511345,0.168114572503516,1.99515510387966,-0.0134094133863824,0
GFM-MWT,dvc,k_pdc,k_idc,0.215443469003188,0.0464158883361278,0.107721734501594,2.32079441680639,1718.24855511376,0.166051810653234,1.99704365008597,-0.0132323861104529,0
GFM-MWT,dvc,k_pdc,k_idc,0.215443469003188,0.0630957344480193,0.107721734501594,3.15478672240097,1718.24855511375,0.161170386693779,1.99846009930304,-0.0128343573200904,0
GFM-MWT,dvc,k_pdc,k_idc,0.215443469003188,0.0857695898590894,0.107721734501594,4.28847949295447,1718.24855511375,0.155611475248419,1.99937044209511,-0.0123861167088794,0
GFM-MWT,dvc,k_pdc,k_idc,0.215443469003188,0.116591440117983,0.107721734501594,5.82957200589916,1718.24855511417,0.150619765884656,1.99990418277983,-0.0119856533935847,0
GFM-MWT,dvc,k_pdc,k_idc,0.215443469003188,0.158489319246111,0.107721734501594,7.92446596230557,1718.24855511383,0.146595030148292,2.00020264289114,-0.0116636865242807,0
GFM-MWT,dvc,k_pdc,k_idc,0.215443469003188,0.215443469003188,0.107721734501594,10.7721734501594,1718.24855511388,0.143512575019922,2.00036610147016,-0.0114175334630007,0
GFM-MWT,dvc,k_pdc,k_idc,0.215443469003188,0.292864456462524,0.107721734501594,14.6432228231262,1718.2485551137,0.141208830210566,2.00045505627982,-0.0112337766008394,0
GFM-MWT,dvc,k_pdc,k_idc,0.215443469003188,0.398107170553497,0.107721734501594,19.9053585276749,1718.24855511356,0.139506418454855,2.00050352808619,-0.0110980902471582,0
GFM-MWT,dvc,k_pdc,k_idc,0.215443469003188,0.541169526546464,0.107721734501594,27.0584763273232,1718.24855511369,0.138254528602386,2.00053008706973,-0.0109983653302991,0
GFM-MWT,dvc,k_pdc,k_idc,0.215443469003188,0.735642254459641,0.107721734501594,36.7821127229821,1718.24855511392,0.137335633593087,2.00054476073673,-0.0109251944151243,0
GFM-MWT,dvc,k_pdc,k_idc,0.215443469003188,1,0.107721734501594,50,1718.2485551137,0.136661456215316,2.00055295413211,-0.0108715247285229,0
GFM-MWT,dvc,k_pdc,k_idc,0.215443469003188,1.35935639087853,0.107721734501594,67.9678195439263,1718.24855511397,0.136166745965638,2.00055758834493,-0.0108321496815902,0
GFM-MWT,dvc,k_pdc,k_idc,0.215443469003188,1.84784979742229,0.107721734501594,92.3924898711145,1718.2485551139,0.135803593679535,2.00056024985441,-0.0108032496957969,0
GFM-MWT,dvc,k_pdc,k_idc,0.215443469003188,2.51188643150958,0.107721734501594,125.594321575479,1718.24855511348,0.135536905277876,2.00056180587589,-0.0107820285720147,0
GFM-MWT,dvc,k_pdc,k_idc,0.215443469003188,3.4145488738336,0.107721734501594,170.72744369168,1718.24855511366,0.135340984023796,2.0005627341722,-0.0107664397510047,0
GFM-MWT,dvc,k_pdc,k_idc,0.215443469003188,4.64158883361278,0.107721734501594,232.079441680639,1718.24855511392,0.135197006394051,2.00056330042756,-0.0107549845436748,0
GFM-MWT,dvc,k_pdc,k_idc,0.215443469003188,6.30957344480193,0.107721734501594,315.478672240097,1718.24855511373,0.135091174208076,2.00056365405231,-0.0107465646175195,0
GFM-MWT,dvc,k_pdc,k_idc,0.215443469003188,8.57695898590894,0.107721734501594,428.847949295447,1718.24855511366,0.135013365956525,2.00056388021018,-0.0107403744357588,0
GFM-MWT,dvc,k_pdc,k_idc,0.215443469003188,11.6591440117983,0.107721734501594,582.957200589916,1718.24855511344,0.134956152413366,2.00056402822121,-0.0107358228029745,0
GFM-MWT,dvc,k_pdc,k_idc,0.215443469003188,15.8489319246111,0.107721734501594,792.446596230557,1718.24855511388,0.134914077660482,2.00056412717987,-0.0107324755921732,0
GFM-MWT,dvc,k_pdc,k_idc,0.215443469003188,21.5443469003188,0.107721734501594,1077.21734501594,1718.24855511385,0.134883133310934,2.00056419461274,-0.0107300138770555,0
GFM-MWT,dvc,k_pdc,k_idc,0.215443469003188,29.2864456462524,0.107721734501594,1464.32228231262,1718.24855511357,0.134860373485474,2.00056424131742,-0.010728203280684,0
GFM-MWT,dvc,k_pdc,k_idc,0.215443469003188,39.8107170553497,0.107721734501594,1990.53585276749,1718.2485551136,0.134843632643014,2.00056427410533,-0.0107268715166088,0
GFM-MWT,dvc,k_pdc,k_idc,0.215443469003188,54.1169526546464,0.107721734501594,2705.84763273232,1718.24855511357,0.13483131859955,2.00056429737673,-0.0107258919168706,0
GFM-MWT,dvc,k_pdc,k_idc,0.215443469003188,73.5642254459641,0.107721734501594,3678.21127229821,1718.24855511395,0.13482226052603,2.00056431403632,-0.010725171336643,0
GFM-MWT,dvc,k_pdc,k_idc,0.215443469003188,100,0.107721734501594,5000,1718.24855511376,0.134815597389888,2.00056432604367,-0.0107246412777781,0
GFM-MWT,dvc,k_pdc,k_idc,0.292864456462524,0.01,0.146432228231262,0.5,1718.24855511366,0.138903340016071,1.99268377178554,-0.0110934776182533,0
GFM-MWT,dvc,k_pdc,k_idc,0.292864456462524,0.0135935639087853,0.146432228231262,0.679678195439263,1718.24855511374,0.143462596602544,1.99288742109623,-0.0114563836975874,0
GFM-MWT,dvc,k_pdc,k_idc,0.292864456462524,0.0184784979742229,0.146432228231262,0.923924898711145,1718.24855511356,0.148877174810108,1.99334991907734,-0.0118859535223636,0
GFM-MWT,dvc,k_pdc,k_idc,0.292864456462524,0.0251188643150958,0.146432228231262,1.25594321575479,1718.24855511368,0.154330633026642,1.99418957483465,-0.0123160909385923,0
GFM-MWT,dvc,k_pdc,k_idc,0.292864456462524,0.034145488738336,0.146432228231262,1.7072744369168,1718.24855511339,0.15829808953517,1.99541762758835,-0.0126248837349108,0
GFM-MWT,dvc,k_pdc,k_idc,0.292864456462524,0.0464158883361278,0.146432228231262,2.32079441680639,1718.24855511384,0.159373331370289,1.99683618282341,-0.0127015964259896,0
GFM-MWT,dvc,k_pdc,k_idc,0.292864456462524,0.0630957344480193,0.146432228231262,3.15478672240097,1718.24855511363,0.157483829044411,1.99813058632675,-0.0125429030153878,0
GFM-MWT,dvc,k_pdc,k_idc,0.292864456462524,0.0857695898590894,0.146432228231262,4.28847949295447,1718.24855511378,0.153853979868182,1.99909755530708,-0.0122479188866418,0
GFM-MWT,dvc,k_pdc,k_idc,0.292864456462524,0.116591440117983,0.146432228231262,5.82957200589916,1718.24855511352,0.149852450710642,1.9997237501499,-0.0119256783468801,0
GFM-MWT,dvc,k_pdc,k_idc,0.292864456462524,0.158489319246111,0.146432228231262,7.92446596230557,1718.2485551137,0.146275006149851,2.00009519946958,-0.0116388526995201,0
GFM-MWT,dvc,k_pdc,k_idc,0.292864456462524,0.215443469003188,0.146432228231262,10.7721734501594,1718.24855511374,0.143381717678078,2.00030531589807,-0.0114074707025958,0
GFM-MWT,dvc,k_pdc,k_idc,0.292864456462524,0.292864456462524,0.146432228231262,14.6432228231262,1718.24855511395,0.141155586239838,2.00042151898191,-0.0112297295864565,0
GFM-MWT,dvc,k_pdc,k_idc,0.292864456462524,0.398107170553497,0.146432228231262,19.9053585276749,1718.24855511392,0.139484676898099,2.0004852462077,-0.0110964622580971,0
GFM-MWT,dvc,k_pdc,k_idc,0.292864456462524,0.541169526546464,0.146432228231262,27.0584763273232,1718.24855511379,0.138245571924113,2.00052017656443,-0.0109977073740165,0
GFM-MWT,dvc,k_pdc,k_idc,0.292864456462524,0.735642254459641,0.146432228231262,36.7821127229821,1718.24855511365,0.13733189691766,2.00053940105786,-0.0109249264597174,0
GFM-MWT,dvc,k_pdc,k_idc,0.292864456462524,1,0.146432228231262,50,1718.24855511368,0.136659872521687,2.00055005802668,-0.0108714144955275,0
GFM-MWT,dvc,k_pdc,k_idc,0.292864456462524,1.35935639087853,0.146432228231262,67.9678195439263,1718.24855511427,0.13616606216558,2.00055602365969,-0.0108321037623116,0
GFM-MWT,dvc,k_pdc,k_idc,0.292864456462524,1.84784979742229,0.146432228231262,92.3924898711145,1718.24855511405,0.135803292159327,2.00055940437451,-0.0108032302776451,0
GFM-MWT,dvc,k_pdc,k_idc,0.292864456462524,2.51188643150958,0.146432228231262,125.594321575479,1718.24855511376,0.135536769243835,2.00056134890823,-0.010782020214236,0
GFM-MWT,dvc,k_pdc,k_idc,0.292864456462524,3.4145488738336,0.146432228231262,170.72744369168,1718.24855511364,0.135340921169588,2.000562487127,-0.0107664360808721,0
GFM-MWT,dvc,k_pdc,k_idc,0.292864456462524,4.64158883361278,0.146432228231262,232.079441680639,1718.24855511389,0.135196976644587,2.00056316684002,-0.0107549828954453,0
GFM-MWT,dvc,k_pdc,k_idc,0.292864456462524,6.30957344480193,0.146432228231262,315.478672240097,1718.24855511324,0.135091159809241,2.00056358180311,-0.010746563860279,0
GFM-MWT,dvc,k_pdc,k_idc,0.292864456462524,8.57695898590894,0.146432228231262,428.847949295447,1718.24855511379,0.135013358840876,2.00056384112934,-0.010740374079559,0
GFM-MWT,dvc,k_pdc,k_idc,0.292864456462524,11.6591440117983,0.146432228231262,582.957200589916,1718.24855511373,0.134956148829517,2.00056400707912,-0.0107358226313543,0
GFM-MWT,dvc,k_pdc,k_idc,0.292864456462524,15.8489319246111,0.146432228231262,792.446596230557,1718.24855511376,0.134914075833377,2.00056411574187,-0.0107324755081976,0
GFM-MWT,dvc,k_pdc,k_idc,0.292864456462524,21.5443469003188,0.146432228231262,1077.21734501594,1718.24855511325,0.13488313236228,2.00056418842381,-0.0107300138347888,0
GFM-MWT,dvc,k_pdc,k_idc,0.292864456462524,29.2864456462524,0.146432228231262,1464.32228231262,1718.24855511371,0.134860372989085,2.0005642379687,-0.0107282032591563,0
GFM-MWT,dvc,k_pdc,k_idc,0.292864456462524,39.8107170553497,0.146432228231262,1990.53585276749,1718.24855511357,0.134843632380802,2.0005642722933,-0.010726871505467,0
GFM-MWT,dvc,k_pdc,k_idc,0.292864456462524,54.1169526546464,0.146432228231262,2705.84763273232,1718.2485551138,0.134831318461441,2.00056429639624,-0.0107258919111414,0
GFM-MWT,dvc,k_pdc,k_idc,0.292864456462524,73.5642254459641,0.146432228231262,3678.21127229821,1718.24855511306,0.134822260453636,2.00056431350581,-0.0107251713337285,0
GFM-MWT,dvc,k_pdc,k_idc,0.292864456462524,100,0.146432228231262,5000,1718.24855511383,0.134815597349444,2.00056432575647,-0.0107246412761005,0
GFM-MWT,dvc,k_pdc,k_idc,0.398107170553497,0.01,0.199053585276749,0.5,1718.24855511358,0.137026225447887,1.99473294628753,-0.0109323395334432,0
GFM-MWT,dvc,k_pdc,k_idc,0.398107170553497,0.0135935639087853,0.199053585276749,0.679678195439263,1718.24855511361,0.139570880436388,1.99481682996352,-0.0111348661642384,0
GFM-MWT,dvc,k_pdc,k_idc,0.398107170553497,0.0184784979742229,0.199053585276749,0.923924898711145,1718.24855511361,0.142780895943004,1.99501434642913,-0.011389798463763,0
GFM-MWT,dvc,k_pdc,k_idc,0.398107170553497,0.0251188643150958,0.199053585276749,1.25594321575479,1718.24855511346,0.14647392690627,1.99540228829665,-0.0116820847971751,0
GFM-MWT,dvc,k_pdc,k_idc,0.398107170553497,0.034145488738336,0.199053585276749,1.7072744369168,1718.24855511384,0.150038175367998,1.99605005093192,-0.0119624298138908,0
GFM-MWT,dvc,k_pdc,k_idc,0.398107170553497,0.0464158883361278,0.199053585276749,2.32079441680639,1718.24855511334,0.152452371234084,1.99694757724479,-0.0121494214099979,0
GFM-MWT,dvc,k_pdc,k_idc,0.398107170553497,0.0630957344480193,0.199053585276749,3.15478672240097,1718.24855511359,0.152862726130529,1.99795105583092,-0.0121760014604635,0
GFM-MWT,dvc,k_pdc,k_idc,0.398107170553497,0.0857695898590894,0.199053585276749,4.28847949295447,1718.24855511382,0.151308420370609,1.99885344758944,-0.0120467739089643,0
GFM-MWT,dvc,k_pdc,k_idc,0.398107170553497,0.116591440117983,0.199053585276749,5.82957200589916,1718.24855511346,0.148630512255581,1.9995267000365,-0.011829612230069,0
GFM-MWT,dvc,k_pdc,k_idc,0.398107170553497,0.158489319246111,0.199053585276749,7.92446596230557,1718.24855511358,0.145736208565804,1.99996534675454,-0.011596740067351,0
GFM-MWT,dvc,k_pdc,k_idc,0.398107170553497,0.215443469003188,0.199053585276749,10.7721734501594,1718.24855511357,0.143154825747834,2.00022778928423,-0.0113898628745884,0
GFM-MWT,dvc,k_pdc,k_idc,0.398107170553497,0.292864456462524,0.199053585276749,14.6432228231262,1718.24855511395,0.141062052075299,2.00037748970466,-0.0112225363261367,0
GFM-MWT,dvc,k_pdc,k_idc,0.398107170553497,0.398107170553497,0.199053585276749,19.9053585276749,1718.24855511354,0.139446372956527,2.00046086665724,-0.0110935506077662,0
GFM-MWT,dvc,k_pdc,k_idc,0.398107170553497,0.541169526546464,0.199053585276749,27.0584763273232,1718.24855511348,0.138229853176138,2.000506847661,-0.0109965303258202,0
GFM-MWT,dvc,k_pdc,k_idc,0.398107170553497,0.735642254459641,0.199053585276749,36.7821127229821,1718.24855511405,0.137325396910351,2.00053215901634,-0.0109244489798803,0
GFM-MWT,dvc,k_pdc,k_idc,0.398107170553497,1,0.199053585276749,50,1718.24855511368,0.13665715295775,2.00054613469427,-0.0108712194946847,0
GFM-MWT,dvc,k_pdc,k_idc,0.398107170553497,1.35935639087853,0.199053585276749,67.9678195439263,1718.2485551137,0.136164907003825,2.00055390094149,-0.0108320233713055,0
GFM-MWT,dvc,k_pdc,k_idc,0.398107170553497,1.84784979742229,0.199053585276749,92.3924898711145,1718.24855511382,0.135802792537607,2.0005582564275,-0.0108031967353788,0
GFM-MWT,dvc,k_pdc,k_idc,0.398107170553497,2.51188643150958,0.199053585276749,125.594321575479,1718.24855511387,0.135536548641372,2.00056072817307,-0.0107820060122931,0
GFM-MWT,dvc,k_pdc,k_idc,0.398107170553497,3.4145488738336,0.199053585276749,170.72744369168,1718.24855511388,0.135340821538837,2.00056215145454,-0.0107664299623956,0
GFM-MWT,dvc,k_pdc,k_idc,0.398107170553497,4.64158883361278,0.199053585276749,232.079441680639,1718.24855511361,0.135196930565267,2.00056298529878,-0.0107549802060865,0
GFM-MWT,dvc,k_pdc,k_idc,0.398107170553497,6.30957344480193,0.199053585276749,315.478672240097,1718.24855511354,0.135091137989072,2.00056348360886,-0.0107465626520907,0
GFM-MWT,dvc,k_pdc,k_idc,0.398107170553497,8.57695898590894,0.199053585276749,428.847949295447,1718.24855511383,0.135013348273647,2.00056378801099,-0.0107403735241703,0
GFM-MWT,dvc,k_pdc,k_idc,0.398107170553497,11.6591440117983,0.199053585276749,582.957200589916,1718.24855511407,0.134956143601496,2.00056397834185,-0.0107358223697087,0
GFM-MWT,dvc,k_pdc,k_idc,0.398107170553497,15.8489319246111,0.199053585276749,792.446596230557,1718.24855511352,0.13491407319525,2.00056410019325,-0.010732475381762,0
GFM-MWT,dvc,k_pdc,k_idc,0.398107170553497,21.5443469003188,0.199053585276749,1077.21734501594,1718.24855511362,0.134883131020139,2.00056418001141,-0.0107300137731479,0
GFM-MWT,dvc,k_pdc,k_idc,0.398107170553497,29.2864456462524,0.199053585276749,1464.32228231262,1718.24855511358,0.134860372285069,2.00056423341603,-0.0107282032275692,0
GFM-MWT,dvc,k_pdc,k_idc,0.398107170553497,39.8107170553497,0.199053585276749,1990.53585276749,1718.24855511342,0.134843632018524,2.00056426983022,-0.0107268714898562,0
GFM-MWT,dvc,k_pdc,k_idc,0.398107170553497,54.1169526546464,0.199053585276749,2705.84763273232,1718.24855511348,0.134831318265299,2.00056429506299,-0.0107258919026873,0
GFM-MWT,dvc,k_pdc,k_idc,0.398107170553497,73.5642254459641,0.199053585276749,3678.21127229821,1718.24855511364,0.134822260351511,2.00056431278451,-0.0107251713294718,0
GFM-MWT,dvc,k_pdc,k_idc,0.398107170553497,100,0.199053585276749,5000,1718.24855511346,0.134815597295203,2.00056432536617,-0.0107246412738782,0
GFM-MWT,dvc,k_pdc,k_idc,0.541169526546464,0.01,0.270584763273232,0.5,1718.24855511351,0.136005463241408,1.99625877057819,-0.0108426170345033,0
GFM-MWT,dvc,k_pdc,k_idc,0.541169526546464,0.0135935639087853,0.270584763273232,0.679678195439263,1718.24855511351,0.137407038058358,1.99629317280948,-0.0109541511799931,0
GFM-MWT,dvc,k_pdc,k_idc,0.541169526546464,0.0184784979742229,0.270584763273232,0.923924898711145,1718.24855511391,0.139235147383367,1.99637547248835,-0.0110994135127944,0
GFM-MWT,dvc,k_pdc,k_idc,0.541169526546464,0.0251188643150958,0.270584763273232,1.25594321575479,1718.24855511381,0.141500824014597,1.99654453134482,-0.0112790487245894,0
GFM-MWT,dvc,k_pdc,k_idc,0.541169526546464,0.034145488738336,0.270584763273232,1.7072744369168,1718.24855511364,0.144047235170601,1.99685206999865,-0.0114802288303755,0
GFM-MWT,dvc,k_pdc,k_idc,0.541169526546464,0.0464158883361278,0.270584763273232,2.32079441680639,1718.24855511358,0.146426971884089,1.9973402367926,-0.0116670108550455,0
GFM-MWT,dvc,k_pdc,k_idc,0.541169526546464,0.0630957344480193,0.270584763273232,3.15478672240097,1718.24855511366,0.147945665920835,1.99799371361777,-0.0117841457322317,0
GFM-MWT,dvc,k_pdc,k_idc,0.541169526546464,0.0857695898590894,0.270584763273232,4.28847949295447,1718.2485551136,0.148062220310298,1.99870918939774,-0.0117892071200869,0
GFM-MWT,dvc,k_pdc,k_idc,0.541169526546464,0.116591440117983,0.270584763273232,5.82957200589916,1718.24855511334,0.146843122328184,1.99934681424038,-0.0116884234918576,0
GFM-MWT,dvc,k_pdc,k_idc,0.541169526546464,0.158489319246111,0.270584763273232,7.92446596230557,1718.24855511363,0.144873584636673,1.99982244913445,-0.0115289308455406,0
GFM-MWT,dvc,k_pdc,k_idc,0.541169526546464,0.215443469003188,0.270584763273232,10.7721734501594,1718.24855511361,0.142771687752079,2.00013380031887,-0.0113599168337896,0
GFM-MWT,dvc,k_pdc,k_idc,0.541169526546464,0.292864456462524,0.270584763273232,14.6432228231262,1718.24855511341,0.140899575997027,2.00032126063954,-0.0112099268325828,0
GFM-MWT,dvc,k_pdc,k_idc,0.541169526546464,0.398107170553497,0.270584763273232,19.9053585276749,1718.24855511342,0.139378996701584,2.00042884216109,-0.0110883686869738,0
GFM-MWT,dvc,k_pdc,k_idc,0.541169526546464,0.541169526546464,0.270584763273232,27.0584763273232,1718.2485551134,0.138202131711182,2.00048906875122,-0.0109944229784417,0
GFM-MWT,dvc,k_pdc,k_idc,0.541169526546464,0.735642254459641,0.270584763273232,36.7821127229821,1718.24855511351,0.137313979699805,2.00052241794662,-0.0109235940146452,0
GFM-MWT,dvc,k_pdc,k_idc,0.541169526546464,1,0.270584763273232,50,1718.24855511337,0.136652418705822,2.00054083319511,-0.0108708717291857,0
GFM-MWT,dvc,k_pdc,k_idc,0.541169526546464,1.35935639087853,0.270584763273232,67.9678195439263,1718.24855511324,0.136162922060038,2.00055102524553,-0.0108318810544824,0
GFM-MWT,dvc,k_pdc,k_idc,0.541169526546464,1.84784979742229,0.270584763273232,92.3924898711145,1718.24855511383,0.135801948053483,2.00055669905707,-0.010803137972896,0
GFM-MWT,dvc,k_pdc,k_idc,0.541169526546464,2.51188643150958,0.270584763273232,125.594321575479,1718.24855511336,0.135536182929178,2.00055988536721,-0.0107819814648286,0
GFM-MWT,dvc,k_pdc,k_idc,0.541169526546464,3.4145488738336,0.270584763273232,170.72744369168,1718.24855511358,0.135340659901361,2.00056169548223,-0.0107664195591646,0
GFM-MWT,dvc,k_pdc,k_idc,0.541169526546464,4.64158883361278,0.270584763273232,232.079441680639,1718.24855511352,0.135196857507753,2.0005627386296,-0.0107549757209325,0
GFM-MWT,dvc,k_pdc,k_idc,0.541169526546464,6.30957344480193,0.270584763273232,315.478672240097,1718.24855511388,0.135091104182242,2.00056335016549,-0.0107465606797962,0
GFM-MWT,dvc,k_pdc,k_idc,0.541169526546464,8.57695898590894,0.270584763273232,428.847949295447,1718.24855511372,0.135013332257472,2.00056371581742,-0.0107403726377623,0
GFM-MWT,dvc,k_pdc,k_idc,0.541169526546464,11.6591440117983,0.270584763273232,582.957200589916,1718.2485551138,0.134956135841394,2.00056393928255,-0.0107358219620438,0
GFM-MWT,dvc,k_pdc,k_idc,0.541169526546464,15.8489319246111,0.270584763273232,792.446596230557,1718.24855511357,0.134914069357178,2.00056407905978,-0.010732475189839,0
GFM-MWT,dvc,k_pdc,k_idc,0.541169526546464,21.5443469003188,0.270584763273232,1077.21734501594,1718.24855511344,0.134883129079769,2.00056416857579,-0.0107300136801362,0
GFM-MWT,dvc,k_pdc,k_idc,0.541169526546464,29.2864456462524,0.270584763273232,1464.32228231262,1718.24855511337,0.134860371300305,2.00056422722879,-0.0107282031824157,0
GFM-MWT,dvc,k_pdc,k_idc,0.541169526546464,39.8107170553497,0.270584763273232,1990.53585276749,1718.24855511332,0.134843631503073,2.00056426648178,-0.0107268714668086,0
GFM-MWT,dvc,k_pdc,k_idc,0.541169526546464,54.1169526546464,0.270584763273232,2705.84763273232,1718.24855511362,0.134831318000879,2.00056429325154,-0.0107258918913659,0
GFM-MWT,dvc,k_pdc,k_idc,0.541169526546464,73.5642254459641,0.270584763273232,3678.21127229821,1718.24855511336,0.134822260214676,2.00056431180446,-0.0107251713238413,0
GFM-MWT,dvc,k_pdc,k_idc,0.541169526546464,100,0.270584763273232,5000,1718.24855511351,0.134815597221909,2.00056432483573,-0.0107246412708915,0
GFM-MWT,dvc,k_pdc,k_idc,0.735642254459641,0.01,0.367821127229821,0.5,1718.24855511354,0.135451696045084,1.99738953144105,-0.0107923622939766,0
GFM-MWT,dvc,k_pdc,k_idc,0.735642254459641,0.0135935639087853,0.367821127229821,0.679678195439263,1718.24855511361,0.136217988439323,1.99740365892096,-0.0108533341176171,0
GFM-MWT,dvc,k_pdc,k_idc,0.735642254459641,0.0184784979742229,0.367821127229821,0.923924898711145,1718.24855511376,0.137236043553434,1.99743754493346,-0.0109342537586035,0
GFM-MWT,dvc,k_pdc,k_idc,0.735642254459641,0.0251188643150958,0.367821127229821,1.25594321575479,1718.24855511384,0.138551011153284,1.99750876097277,-0.0110386173074875,0
GFM-MWT,dvc,k_pdc,k_idc,0.735642254459641,0.034145488738336,0.367821127229821,1.7072744369168,1718.24855511347,0.140159713619133,1.99764502813518,-0.0111660081070167,0
GFM-MWT,dvc,k_pdc,k_idc,0.735642254459641,0.0464158883361278,0.367821127229821,2.32079441680639,1718.24855511354,0.141936868837039,1.99788173747077,-0.0113062299765942,0
GFM-MWT,dvc,k_pdc,k_idc,0.735642254459641,0.0630957344480193,0.367821127229821,3.15478672240097,1718.24855511372,0.143557727373566,1.99824539868795,-0.0114332446690625,0
GFM-MWT,dvc,k_pdc,k_idc,0.735642254459641,0.0857695898590894,0.367821127229821,4.28847949295447,1718.24855511374,0.144542505085787,1.99872120202554,-0.0115089240825345,0
GFM-MWT,dvc,k_pdc,k_idc,0.735642254459641,0.116591440117983,0.367821127229821,5.82957200589916,1718.24855511374,0.144535893532941,1.9992349540893,-0.0115054407485782,0
GFM-MWT,dvc,k_pdc,k_idc,0.735642254459641,0.158489319246111,0.367821127229821,7.92446596230557,1718.24855511341,0.14360295432992,1.99969016366962,-0.0114285841917263,0
GFM-MWT,dvc,k_pdc,k_idc,0.735642254459641,0.215443469003188,0.367821127229821,10.7721734501594,1718.24855511365,0.142155941751122,2.00002981250293,-0.0113115180603539,0
GFM-MWT,dvc,k_pdc,k_idc,0.735642254459641,0.292864456462524,0.367821127229821,14.6432228231262,1718.24855511366,0.140624626352289,2.00025294009778,-0.0111884367552317,0
GFM-MWT,dvc,k_pdc,k_idc,0.735642254459641,0.398107170553497,0.367821127229821,19.9053585276749,1718.24855511385,0.139261803216098,2.0003879057574,-0.0110792731394265,0
GFM-MWT,dvc,k_pdc,k_idc,0.735642254459641,0.541169526546464,0.367821127229821,27.0584763273232,1718.24855511404,0.138153323831637,2.00046570529457,-0.010990668967244,0
GFM-MWT,dvc,k_pdc,k_idc,0.735642254459641,0.735642254459641,0.367821127229821,36.7821127229821,1718.24855511405,0.137293829296832,2.00050942241636,-0.0109220621441518,0
GFM-MWT,dvc,k_pdc,k_idc,0.735642254459641,1,0.367821127229821,50,1718.24855511413,0.13664409773652,2.00053370173288,-0.0108702486091602,0
GFM-MWT,dvc,k_pdc,k_idc,0.735642254459641,1.35935639087853,0.367821127229821,67.9678195439263,1718.24855511377,0.136159464734303,2.00054713925081,-0.0108316270909838,0
GFM-MWT,dvc,k_pdc,k_idc,0.735642254459641,1.84784979742229,0.367821127229821,92.3924898711145,1718.2485551137,0.135800496262359,2.00055458921544,-0.0108030338872406,0
GFM-MWT,dvc,k_pdc,k_idc,0.735642254459641,2.51188643150958,0.367821127229821,125.594321575479,1718.24855511387,0.135535564539947,2.00055874195973,-0.0107819384389606,0
GFM-MWT,dvc,k_pdc,k_idc,0.735642254459641,3.4145488738336,0.367821127229821,170.72744369168,1718.24855511346,0.135340391856487,2.00056107638165,-0.0107664015699486,0
GFM-MWT,dvc,k_pdc,k_idc,0.735642254459641,4.64158883361278,0.367821127229821,232.079441680639,1718.24855511377,0.13519673895015,2.00056240355722,-0.0107549680918396,0
GFM-MWT,dvc,k_pdc,k_idc,0.735642254459641,6.30957344480193,0.367821127229821,315.478672240097,1718.24855511342,0.135091050557864,2.0005631688483,-0.0107465573883254,0
GFM-MWT,dvc,k_pdc,k_idc,0.735642254459641,8.57695898590894,0.367821127229821,428.847949295447,1718.24855511421,0.135013307429501,2.00056361770776,-0.0107403711895713,0
GFM-MWT,dvc,k_pdc,k_idc,0.735642254459641,11.6591440117983,0.367821127229821,582.957200589916,1718.24855511355,0.134956124075466,2.00056388619661,-0.0107358213110141,0
GFM-MWT,dvc,k_pdc,k_idc,0.735642254459641,15.8489319246111,0.367821127229821,792.446596230557,1718.24855511419,0.134914063659608,2.00056405033556,-0.0107324748907267,0
GFM-MWT,dvc,k_pdc,k_idc,0.735642254459641,21.5443469003188,0.367821127229821,1077.21734501594,1718.24855511363,0.134883126257046,2.0005641530326,-0.0107300135389693,0
GFM-MWT,dvc,k_pdc,k_idc,0.735642254459641,29.2864456462524,0.367821127229821,1464.32228231262,1718.24855511366,0.134860369874805,2.0005642188178,-0.010728203114129,0
GFM-MWT,dvc,k_pdc,k_idc,0.735642254459641,39.8107170553497,0.367821127229821,1990.53585276749,1718.24855511391,0.134843630777063,2.00056426193053,-0.0107268714334615,0
GFM-MWT,dvc,k_pdc,k_idc,0.735642254459641,54.1169526546464,0.367821127229821,2705.84763273232,1718.24855511311,0.134831317627035,2.00056429078887,-0.0107258918748318,0
GFM-MWT,dvc,k_pdc,k_idc,0.735642254459641,73.5642254459641,0.367821127229821,3678.21127229821,1718.24855511373,0.13482226001992,2.00056431047181,-0.0107251713154938,0
GFM-MWT,dvc,k_pdc,k_idc,0.735642254459641,100,0.367821127229821,5000,1718.24855511368,0.134815597115495,2.00056432411429,-0.0107246412662943,0
GFM-MWT,dvc,k_pdc,k_idc,1,0.01,0.5,0.5,1718.24855511335,0.135151620970286,1.99822521020992,-0.0107639530781161,0
GFM-MWT,dvc,k_pdc,k_idc,1,0.0135935639087853,0.5,0.679678195439263,1718.24855511338,0.135568837626788,1.99823104307364,-0.0107971463069543,0
GFM-MWT,dvc,k_pdc,k_idc,1,0.0184784979742229,0.5,0.923924898711145,1718.24855511316,0.13612877201442,1.99824494035208,-0.0108416606920645,0
GFM-MWT,dvc,k_pdc,k_idc,1,0.0251188643150958,0.5,1.25594321575479,1718.24855511347,0.136868697325219,1.99827440885428,-0.0109004226145556,0
GFM-MWT,dvc,k_pdc,k_idc,1,0.034145488738336,0.5,1.7072744369168,1718.24855511357,0.137817590802071,1.99833234795424,-0.0109756666053168,0
GFM-MWT,dvc,k_pdc,k_idc,1,0.0464158883361278,0.5,2.32079441680639,1718.24855511345,0.13896743960539,1.99843861836908,-0.0110666398934169,0
GFM-MWT,dvc,k_pdc,k_idc,1,0.0630957344480193,0.5,3.15478672240097,1718.24855511344,0.140221637965415,1.99861780732256,-0.0111655042671446,0
GFM-MWT,dvc,k_pdc,k_idc,1,0.0857695898590894,0.5,4.28847949295447,1718.24855511331,0.141344670471031,1.9988871245128,-0.0112534010785999,0
GFM-MWT,dvc,k_pdc,k_idc,1,0.116591440117983,0.5,5.82957200589916,1718.24855511385,0.14200026561898,1.99923403632915,-0.0113036292450206,0
GFM-MWT,dvc,k_pdc,k_idc,1,0.158489319246111,0.5,7.92446596230557,1718.24855511374,0.141948479985366,1.99960508650851,-0.011297410997659,0
GFM-MWT,dvc,k_pdc,k_idc,1,0.215443469003188,0.5,10.7721734501594,1718.24855511371,0.141244428678731,1.99993259975316,-0.0112395433040904,0
GFM-MWT,dvc,k_pdc,k_idc,1,0.292864456462524,0.5,14.6432228231262,1718.24855511392,0.140181544254356,2.00017706172333,-0.0111536115125229,0
GFM-MWT,dvc,k_pdc,k_idc,1,0.398107170553497,0.5,19.9053585276749,1718.24855511367,0.139063176749604,2.00033808702295,-0.0110637484218285,0
GFM-MWT,dvc,k_pdc,k_idc,1,0.541169526546464,0.5,27.0584763273232,1718.24855511352,0.138068345878263,2.0004358198904,-0.0109840735087747,0
GFM-MWT,dvc,k_pdc,k_idc,1,0.735642254459641,0.5,36.7821127229821,1718.24855511376,0.137258326927349,2.00049233984993,-0.0109193314102704,0
GFM-MWT,dvc,k_pdc,k_idc,1,1,0.5,50,1718.24855511354,0.136629403870078,2.00052418645052,-0.0108691315190591,0
GFM-MWT,dvc,k_pdc,k_idc,1,1.35935639087853,0.5,67.9678195439263,1718.24855511348,0.13615338528344,2.00054191159496,-0.0108311718208355,0
GFM-MWT,dvc,k_pdc,k_idc,1,1.84784979742229,0.5,92.3924898711145,1718.24855511361,0.135797966544066,2.00055173806182,-0.0108028480639144,0
GFM-MWT,dvc,k_pdc,k_idc,1,2.51188643150958,0.5,125.594321575479,1718.24855511339,0.13553450108015,2.00055719291422,-0.0107818621974019,0
GFM-MWT,dvc,k_pdc,k_idc,1,3.4145488738336,0.5,170.72744369168,1718.24855511397,0.135339938481225,2.00056023646301,-0.0107663700275266,0
GFM-MWT,dvc,k_pdc,k_idc,1,4.64158883361278,0.5,232.079441680639,1718.24855511371,0.135196542298158,2.00056194860846,-0.0107549548953909,0
GFM-MWT,dvc,k_pdc,k_idc,1,6.30957344480193,0.5,315.478672240097,1718.24855511398,0.135090963537791,2.00056292255014,-0.0107465517895393,0
GFM-MWT,dvc,k_pdc,k_idc,1,8.57695898590894,0.5,428.847949295447,1718.24855511381,0.135013268050428,2.00056348440088,-0.0107403687729075,0
GFM-MWT,dvc,k_pdc,k_idc,1,11.6591440117983,0.5,582.957200589916,1718.24855511362,0.134956105837591,2.00056381405393,-0.0107358202474518,0
GFM-MWT,dvc,k_pdc,k_idc,1,15.8489319246111,0.5,792.446596230557,1718.24855511363,0.134914055008717,2.00056401129525,-0.0107324744120401,0
GFM-MWT,dvc,k_pdc,k_idc,1,21.5443469003188,0.5,1077.21734501594,1718.24855511384,0.134883122061653,2.00056413190621,-0.0107300133185606,0
GFM-MWT,dvc,k_pdc,k_idc,1,29.2864456462524,0.5,1464.32228231262,1718.24855511356,0.134860367799848,2.00056420738551,-0.0107282030103838,0
GFM-MWT,dvc,k_pdc,k_idc,1,39.8107170553497,0.5,1990.53585276749,1718.24855511392,0.134843629733666,2.00056425574419,-0.0107268713836352,0
GFM-MWT,dvc,k_pdc,k_idc,1,54.1169526546464,0.5,2705.84763273232,1718.24855511343,0.134831317089208,2.00056428744084,-0.0107258918500005,0
GFM-MWT,dvc,k_pdc,k_idc,1,73.5642254459641,0.5,3678.21127229821,1718.2485551139,0.134822259737841,2.00056430865981,-0.01072517130277,0
GFM-MWT,dvc,k_pdc,k_idc,1,100,0.5,5000,1718.24855511335,0.134815596972711,2.00056432313407,-0.0107246412601912,0
GFM-MWT,dvc,k_pdc,k_idc,1.35935639087853,0.01,0.679678195439263,0.5,1718.24855511338,0.13498910030517,1.99884179482238,-0.0107476948632495,0
GFM-MWT,dvc,k_pdc,k_idc,1.35935639087853,0.0135935639087853,0.679678195439263,0.679678195439263,1718.24855511348,0.135215716688423,1.99884422429603,-0.0107657226561556,0
GFM-MWT,dvc,k_pdc,k_idc,1.35935639087853,0.0184784979742229,0.679678195439263,0.923924898711145,1718.24855511338,0.135521556722176,1.99884993140878,-0.0107900396581984,0
GFM-MWT,dvc,k_pdc,k_idc,1.35935639087853,0.0251188643150958,0.679678195439263,1.25594321575479,1718.24855511415,0.135930817738702,1.99886203033078,-0.01082255514505,0
GFM-MWT,dvc,k_pdc,k_idc,1.35935639087853,0.034145488738336,0.679678195439263,1.7072744369168,1718.24855511403,0.136469511306694,1.99888611557747,-0.0108653089508363,0
GFM-MWT,dvc,k_pdc,k_idc,1.35935639087853,0.0464158883361278,0.679678195439263,2.32079441680639,1718.24855511395,0.137156713411908,1.99893164075913,-0.0109197668217076,0
GFM-MWT,dvc,k_pdc,k_idc,1.35935639087853,0.0630957344480193,0.679678195439263,3.15478672240097,1718.248555114,0.137983641178868,1.99901290662146,-0.010985148422439,0
GFM-MWT,dvc,k_pdc,k_idc,1.35935639087853,0.0857695898590894,0.679678195439263,4.28847949295447,1718.24855511395,0.138877177563307,1.99914721828951,-0.011055533220109,0
GFM-MWT,dvc,k_pdc,k_idc,1.35935639087853,0.116591440117983,0.679678195439263,5.82957200589916,1718.24855511396,0.139666253991818,1.99934605470044,-0.0111172355400553,0
GFM-MWT,dvc,k_pdc,k_idc,1.35935639087853,0.158489319246111,0.679678195439263,7.92446596230557,1718.24855511403,0.140112426498154,1.99959941284556,-0.0111513329009312,0
GFM-MWT,dvc,k_pdc,k_idc,1.35935639087853,0.215443469003188,0.679678195439263,10.7721734501594,1718.24855511341,0.140050122548529,1.99986862378182,-0.0111448745662674,0
GFM-MWT,dvc,k_pdc,k_idc,1.35935639087853,0.292864456462524,0.679678195439263,14.6432228231262,1718.2485551137,0.139523275199937,2.00010563160246,-0.0111016389024498,0
GFM-MWT,dvc,k_pdc,k_idc,1.35935639087853,0.398107170553497,0.679678195439263,19.9053585276749,1718.24855511379,0.138742458199332,2.00028260488677,-0.0110385415703401,0
GFM-MWT,dvc,k_pdc,k_idc,1.35935639087853,0.541169526546464,0.679678195439263,27.0584763273232,1718.24855511358,0.137924158857272,2.00039940804082,-0.0109728037462774,0
GFM-MWT,dvc,k_pdc,k_idc,1.35935639087853,0.735642254459641,0.679678195439263,36.7821127229821,1718.2485551139,0.137196471189359,2.00047047789362,-0.0109145304410996,0
GFM-MWT,dvc,k_pdc,k_idc,1.35935639087853,1,0.679678195439263,50,1718.24855511354,0.136603502078676,2.00051167598759,-0.0108671391757928,0
GFM-MWT,dvc,k_pdc,k_idc,1.35935639087853,1.35935639087853,0.679678195439263,67.9678195439263,1718.24855511373,0.136142645317564,2.00053493584682,-0.0108303553036106,0
GFM-MWT,dvc,k_pdc,k_idc,1.35935639087853,1.84784979742229,0.679678195439263,92.3924898711145,1718.24855511343,0.1357935166935,2.00054790237192,-0.0108025148251024,0
GFM-MWT,dvc,k_pdc,k_idc,1.35935639087853,2.51188643150958,0.679678195439263,125.594321575479,1718.2485551135,0.135532647446188,2.00055509955711,-0.0107817260372414,0
GFM-MWT,dvc,k_pdc,k_idc,1.35935639087853,3.4145488738336,0.679678195439263,170.72744369168,1718.24855511421,0.135339158582505,2.00055909856177,-0.0107663141164017,0
GFM-MWT,dvc,k_pdc,k_idc,1.35935639087853,4.64158883361278,0.679678195439263,232.079441680639,1718.24855511386,0.135196209602238,2.0005613313878,-0.0107549317500866,0
GFM-MWT,dvc,k_pdc,k_idc,1.35935639087853,6.30957344480193,0.679678195439263,315.478672240097,1718.24855511329,0.135090819152064,2.00056258813359,-0.0107465421011087,0
GFM-MWT,dvc,k_pdc,k_idc,1.35935639087853,8.57695898590894,0.679678195439263,428.847949295447,1718.24855511328,0.135013204134739,2.00056330331848,-0.0107403646610305,0
GFM-MWT,dvc,k_pdc,k_idc,1.35935639087853,11.6591440117983,0.679678195439263,582.957200589916,1718.24855511388,0.134956076907897,2.00056371602985,-0.010735818472322,0
GFM-MWT,dvc,k_pdc,k_idc,1.35935639087853,15.8489319246111,0.679678195439263,792.446596230557,1718.24855511355,0.134914041600836,2.00056395824047,-0.0107324736301514,0
GFM-MWT,dvc,k_pdc,k_idc,1.35935639087853,21.5443469003188,0.679678195439263,1077.21734501594,1718.24855511365,0.134883115704845,2.00056410319334,-0.0107300129669154,0
GFM-MWT,dvc,k_pdc,k_idc,1.35935639087853,29.2864456462524,0.679678195439263,1464.32228231262,1718.24855511387,0.134860364716745,2.00056419184678,-0.010728202848468,0
GFM-MWT,dvc,k_pdc,k_idc,1.35935639087853,39.8107170553497,0.679678195439263,1990.53585276749,1718.2485551136,0.134843628204838,2.00056424733509,-0.010726871307114,0
GFM-MWT,dvc,k_pdc,k_idc,1.35935639087853,54.1169526546464,0.679678195439263,2705.84763273232,1718.24855511367,0.134831316312527,2.00056428288954,-0.0107258918126209,0
GFM-MWT,dvc,k_pdc,k_idc,1.35935639087853,73.5642254459641,0.679678195439263,3678.21127229821,1718.24855511368,0.134822259338598,2.0005643061967,-0.0107251712842171,0
GFM-MWT,dvc,k_pdc,k_idc,1.35935639087853,100,0.679678195439263,5000,1718.24855511414,0.134815596763839,2.00056432180104,-0.0107246412507225,0
GFM-MWT,dvc,k_pdc,k_idc,1.84784979742229,0.01,0.923924898711145,0.5,1718.24855511341,0.134901094455442,1.99929626663222,-0.0107382474879568,0
GFM-MWT,dvc,k_pdc,k_idc,1.84784979742229,0.0135935639087853,0.923924898711145,0.679678195439263,1718.24855511407,0.135024012548728,1.9992972906993,-0.010748025243429,0
GFM-MWT,dvc,k_pdc,k_idc,1.84784979742229,0.0184784979742229,0.923924898711145,0.923924898711145,1718.24855511384,0.135190417103326,1.99929964672939,-0.0107612569733667,0
GFM-MWT,dvc,k_pdc,k_idc,1.84784979742229,0.0251188643150958,0.923924898711145,1.25594321575479,1718.24855511374,0.135414638723293,1.99930460739315,-0.0107790763657994,0
GFM-MWT,dvc,k_pdc,k_idc,1.84784979742229,0.034145488738336,0.923924898711145,1.7072744369168,1718.24855511385,0.135714037501787,1.99931451220043,-0.010802852375144,0
GFM-MWT,dvc,k_pdc,k_idc,1.84784979742229,0.0464158883361278,0.923924898711145,2.32079441680639,1718.24855511376,0.136106985743423,1.99933351019074,-0.0108340244968886,0
GFM-MWT,dvc,k_pdc,k_idc,1.84784979742229,0.0630957344480193,0.923924898711145,3.15478672240097,1718.24855511378,0.136606327588584,1.99936852847125,-0.0108735766528137,0
GFM-MWT,dvc,k_pdc,k_idc,1.84784979742229,0.0857695898590894,0.923924898711145,4.28847949295447,1718.2485551135,0.137204113804668,1.9994299120611,-0.0109208182713378,0
GFM-MWT,dvc,k_pdc,k_idc,1.84784979742229,0.116591440117983,0.923924898711145,5.82957200589916,1718.24855511388,0.137845584205606,1.99952996997785,-0.0109713212672558,0
GFM-MWT,dvc,k_pdc,k_idc,1.84784979742229,0.158489319246111,0.923924898711145,7.92446596230557,1718.24855511359,0.138406204308767,1.99967653147214,-0.0110151291065223,0
GFM-MWT,dvc,k_pdc,k_idc,1.84784979742229,0.215443469003188,0.923924898711145,10.7721734501594,1718.24855511354,0.13871534772804,1.99986185384425,-0.0110387065492525,0
GFM-MWT,dvc,k_pdc,k_idc,1.84784979742229,0.292864456462524,0.923924898711145,14.6432228231262,1718.24855511363,0.138656875031683,2.00005786163295,-0.011032972751323,0
GFM-MWT,dvc,k_pdc,k_idc,1.84784979742229,0.398107170553497,0.923924898711145,19.9053585276749,1718.24855511375,0.138264740343793,2.00023011387753,-0.0110008269319284,0
GFM-MWT,dvc,k_pdc,k_idc,1.84784979742229,0.541169526546464,0.923924898711145,27.0584763273232,1718.24855511363,0.137691009375386,2.00035877619856,-0.0109544798280784,0
GFM-MWT,dvc,k_pdc,k_idc,1.84784979742229,0.735642254459641,0.923924898711145,36.7821127229821,1718.24855511393,0.137091431350597,2.00044381936626,-0.0109063204160172,0
GFM-MWT,dvc,k_pdc,k_idc,1.84784979742229,1,0.923924898711145,50,1718.24855511321,0.136558350188156,2.00049565958384,-0.0108636346232746,0
GFM-MWT,dvc,k_pdc,k_idc,1.84784979742229,1.35935639087853,0.923924898711145,67.9678195439263,1718.24855511344,0.136123706303128,2.00052576287478,-0.0108288985002691,0
GFM-MWT,dvc,k_pdc,k_idc,1.84784979742229,1.84784979742229,0.923924898711145,92.3924898711145,1718.24855511373,0.13578565323865,2.0005427837013,-0.0108019169870515,0
GFM-MWT,dvc,k_pdc,k_idc,1.84784979742229,2.51188643150958,0.923924898711145,125.594321575479,1718.24855511386,0.135529386020562,2.0005522832517,-0.0107814817944865,0
GFM-MWT,dvc,k_pdc,k_idc,1.84784979742229,3.4145488738336,0.923924898711145,170.72744369168,1718.24855511378,0.135337798921818,2.00055756079761,-0.0107662142417634,0
GFM-MWT,dvc,k_pdc,k_idc,1.84784979742229,4.64158883361278,0.923924898711145,232.079441680639,1718.24855511354,0.135195637192559,2.00056049518682,-0.0107548907146968,0
GFM-MWT,dvc,k_pdc,k_idc,1.84784979742229,6.30957344480193,0.923924898711145,315.478672240097,1718.24855511344,0.135090574872025,2.00056213443691,-0.0107465251076183,0
GFM-MWT,dvc,k_pdc,k_idc,1.84784979742229,8.57695898590894,0.923924898711145,428.847949295447,1718.24855511382,0.135013098092043,2.00056305745095,-0.0107403575460852,0
GFM-MWT,dvc,k_pdc,k_idc,1.84784979742229,11.6591440117983,0.923924898711145,582.957200589916,1718.24855511398,0.134956029933944,2.00056358287424,-0.0107358154504362,0
GFM-MWT,dvc,k_pdc,k_idc,1.84784979742229,15.8489319246111,0.923924898711145,792.446596230557,1718.248555114,0.134914020338878,2.00056388615264,-0.0107324723256345,0
GFM-MWT,dvc,k_pdc,k_idc,1.84784979742229,21.5443469003188,0.923924898711145,1077.21734501594,1718.24855511409,0.13488310585413,2.0005640641735,-0.0107300123926353,0
GFM-MWT,dvc,k_pdc,k_idc,1.84784979742229,29.2864456462524,0.923924898711145,1464.32228231262,1718.24855511362,0.134860360044032,2.00056417072814,-0.0107282025900319,0
GFM-MWT,dvc,k_pdc,k_idc,1.84784979742229,39.8107170553497,0.923924898711145,1990.53585276749,1718.24855511367,0.13484362593617,2.00056423590549,-0.0107268711879388,0
GFM-MWT,dvc,k_pdc,k_idc,1.84784979742229,54.1169526546464,0.923924898711145,2705.84763273232,1718.24855511385,0.134831315195379,2.00056427670453,-0.0107258917569183,0
GFM-MWT,dvc,k_pdc,k_idc,1.84784979742229,73.5642254459641,0.923924898711145,3678.21127229821,1718.24855511348,0.13482225877792,2.00056430284964,-0.0107251712575618,0
GFM-MWT,dvc,k_pdc,k_idc,1.84784979742229,100,0.923924898711145,5000,1718.24855511358,0.134815596481625,2.00056431999003,-0.0107246412379823,0
GFM-MWT,dvc,k_pdc,k_idc,2.51188643150958,0.01,1.25594321575479,0.5,1718.24855511345,0.134853437621106,1.99963103494594,-0.0107326574965122,0
GFM-MWT,dvc,k_pdc,k_idc,2.51188643150958,0.0135935639087853,1.25594321575479,0.679678195439263,1718.24855511359,0.134920053821181,1.99963147313782,-0.0107379563540689,0
GFM-MWT,dvc,k_pdc,k_idc,2.51188643150958,0.0184784979742229,1.25594321575479,0.923924898711145,1718.24855511363,0.135010394089779,1.99963245413696,-0.0107451402138843,0
GFM-MWT,dvc,k_pdc,k_idc,2.51188643150958,0.0251188643150958,1.25594321575479,1.25594321575479,1718.24855511399,0.13513258977069,1.99963449439391,-0.0107548533666056,0
GFM-MWT,dvc,k_pdc,k_idc,2.51188643150958,0.034145488738336,1.25594321575479,1.7072744369168,1718.24855511374,0.135297049692556,1.99963855403393,-0.0107679189313741,0
GFM-MWT,dvc,k_pdc,k_idc,2.51188643150958,0.0464158883361278,1.25594321575479,2.32079441680639,1718.24855511368,0.135516303053728,1.99964637906613,-0.0107853244728586,0
GFM-MWT,dvc,k_pdc,k_idc,2.51188643150958,0.0630957344480193,1.25594321575479,3.15478672240097,1718.2485551136,0.135803452549704,1.99966103759479,-0.010808095928372,0
GFM-MWT,dvc,k_pdc,k_idc,2.51188643150958,0.0857695898590894,1.25594321575479,4.28847949295447,1718.24855511385,0.136167314071694,1.99968760762414,-0.0108369069526,0
GFM-MWT,dvc,k_pdc,k_idc,2.51188643150958,0.116591440117983,1.25594321575479,5.82957200589916,1718.24855511353,0.136601264640817,1.99973360180556,-0.0108711889177801,0
GFM-MWT,dvc,k_pdc,k_idc,2.51188643150958,0.158489319246111,1.25594321575479,7.92446596230557,1718.24855511353,0.137064547371061,1.99980784833078,-0.0109076492056601,0
GFM-MWT,dvc,k_pdc,k_idc,2.51188643150958,0.215443469003188,1.25594321575479,10.7721734501594,1718.2485551136,0.137466305595739,1.99991578355788,-0.0109390271192103,0
GFM-MWT,dvc,k_pdc,k_idc,2.51188643150958,0.292864456462524,1.25594321575479,14.6432228231262,1718.24855511361,0.137683584230002,2.00005151894095,-0.0109555717517543,0
GFM-MWT,dvc,k_pdc,k_idc,2.51188643150958,0.398107170553497,1.25594321575479,19.9053585276749,1718.24855511356,0.137633909946787,2.00019460744813,-0.0109508362558366,0
GFM-MWT,dvc,k_pdc,k_idc,2.51188643150958,0.541169526546464,1.25594321575479,27.0584763273232,1718.24855511331,0.137343071053772,2.00032019599683,-0.0109270124326643,0
GFM-MWT,dvc,k_pdc,k_idc,2.51188643150958,0.735642254459641,1.25594321575479,36.7821127229821,1718.24855511313,0.136921405465992,2.00041402822752,-0.0108929577998962,0
GFM-MWT,dvc,k_pdc,k_idc,2.51188643150958,1,1.25594321575479,50,1718.24855511362,0.136481630170761,2.00047611722198,-0.0108576380839826,0
GFM-MWT,dvc,k_pdc,k_idc,2.51188643150958,1.35935639087853,1.25594321575479,67.9678195439263,1718.24855511384,0.136090679438294,2.00051401618703,-0.0108263350212664,0
GFM-MWT,dvc,k_pdc,k_idc,2.51188643150958,1.84784979742229,1.25594321575479,92.3924898711145,1718.24855511378,0.135771782953156,2.00053605198534,-0.010800850057402,0
GFM-MWT,dvc,k_pdc,k_idc,2.51188643150958,2.51188643150958,1.25594321575479,125.594321575479,1718.2485551141,0.135523621430441,2.0005485247475,-0.0107810435219283,0
GFM-MWT,dvc,k_pdc,k_idc,2.51188643150958,3.4145488738336,1.25594321575479,170.72744369168,1718.24855511354,0.135335406208948,2.00055549191576,-0.0107660350543173,0
GFM-MWT,dvc,k_pdc,k_idc,2.51188643150958,4.64158883361278,1.25594321575479,232.079441680639,1718.24855511342,0.135194639118565,2.00055936513072,-0.0107548174008884,0
GFM-MWT,dvc,k_pdc,k_idc,2.51188643150958,6.30957344480193,1.25594321575479,315.478672240097,1718.2485551134,0.135090154492395,2.00056151977159,-0.0107464949715028,0
GFM-MWT,dvc,k_pdc,k_idc,2.51188643150958,8.57695898590894,1.25594321575479,428.847949295447,1718.24855511365,0.135012918616299,2.00056272388436,-0.010740345060949,0
GFM-MWT,dvc,k_pdc,k_idc,2.51188643150958,11.6591440117983,1.25594321575479,582.957200589916,1718.24855511372,0.134955952004291,2.00056340208068,-0.0107358102219078,0
GFM-MWT,dvc,k_pdc,k_idc,2.51188643150958,15.8489319246111,1.25594321575479,792.446596230557,1718.24855511373,0.13491398582523,2.00056378822934,-0.010732470105645,0
GFM-MWT,dvc,k_pdc,k_idc,2.51188643150958,21.5443469003188,1.25594321575479,1077.21734501594,1718.24855511381,0.13488309022804,2.0005640111551,-0.010730011434047,0
GFM-MWT,dvc,k_pdc,k_idc,2.51188643150958,29.2864456462524,1.25594321575479,1464.32228231262,1718.24855511379,0.134860352797979,2.00056414202805,-0.0107282021675606,0
GFM-MWT,dvc,k_pdc,k_idc,2.51188643150958,39.8107170553497,1.25594321575479,1990.53585276749,1718.2485551135,0.134843622502121,2.00056422037159,-0.0107268709980721,0
GFM-MWT,dvc,k_pdc,k_idc,2.51188643150958,54.1169526546464,1.25594321575479,2705.84763273232,1718.24855511374,0.134831313531174,2.00056426829739,-0.0107258916696144,0
GFM-MWT,dvc,k_pdc,k_idc,2.51188643150958,73.5642254459641,1.25594321575479,3678.21127229821,1718.24855511377,0.134822257955377,2.00056429829984,-0.0107251712165246,0
GFM-MWT,dvc,k_pdc,k_idc,2.51188643150958,100,1.25594321575479,5000,1718.24855511383,0.134815596055791,2.00056431752689,-0.0107246412173138,0
GFM-MWT,dvc,k_pdc,k_idc,3.4145488738336,0.01,1.7072744369168,0.5,1718.24855511379,0.134827626458233,1.99987752680213,-0.0107292810534096,0
GFM-MWT,dvc,k_pdc,k_idc,3.4145488738336,0.0135935639087853,1.7072744369168,0.679678195439263,1718.24855511387,0.134863711219609,1.99987771769223,-0.0107321512430651,0
GFM-MWT,dvc,k_pdc,k_idc,3.4145488738336,0.0184784979742229,1.7072744369168,0.923924898711145,1718.24855511373,0.134912694770779,1.99987813097252,-0.0107360465764622,0
GFM-MWT,dvc,k_pdc,k_idc,3.4145488738336,0.0251188643150958,1.7072744369168,1.25594321575479,1718.24855511407,0.134979091793188,1.99987897571532,-0.0107413251550215,0
GFM-MWT,dvc,k_pdc,k_idc,3.4145488738336,0.034145488738336,1.7072744369168,1.7072744369168,1718.2485551137,0.135068844400617,1.99988064237434,-0.010748457679358,0
GFM-MWT,dvc,k_pdc,k_idc,3.4145488738336,0.0464158883361278,1.7072744369168,2.32079441680639,1718.2485551138,0.135189536126741,1.99988384988969,-0.0107580436767277,0
GFM-MWT,dvc,k_pdc,k_idc,3.4145488738336,0.0630957344480193,1.7072744369168,3.15478672240097,1718.24855511348,0.13535025204992,1.99988989567624,-0.0107707990062477,0
GFM-MWT,dvc,k_pdc,k_idc,3.4145488738336,0.0857695898590894,1.7072744369168,4.28847949295447,1718.24855511359,0.135560408109615,1.9999010444993,-0.0107874605700055,0
GFM-MWT,dvc,k_pdc,k_idc,3.4145488738336,0.116591440117983,1.7072744369168,5.82957200589916,1718.24855511371,0.13582615149201,1.99992102109042,-0.0108084971529902,0
GFM-MWT,dvc,k_pdc,k_idc,3.4145488738336,0.158489319246111,1.7072744369168,7.92446596230557,1718.24855511369,0.136142202688492,1.99995529825258,-0.0108334586280821,0
GFM-MWT,dvc,k_pdc,k_idc,3.4145488738336,0.215443469003188,1.7072744369168,10.7721734501594,1718.24855511343,0.136478343997641,2.00001024820344,-0.0108599054336194,0
GFM-MWT,dvc,k_pdc,k_idc,3.4145488738336,0.292864456462524,1.7072744369168,14.6432228231262,1718.24855511369,0.13676816409398,2.00008969916596,-0.0108825321169584,0
GFM-MWT,dvc,k_pdc,k_idc,3.4145488738336,0.398107170553497,1.7072744369168,19.9053585276749,1718.24855511366,0.13692258976945,2.00018922086027,-0.0108942761655361,0
GFM-MWT,dvc,k_pdc,k_idc,3.4145488738336,0.541169526546464,1.7072744369168,27.0584763273232,1718.24855511348,0.136882514489658,2.00029388535325,-0.0108905181415314,0
GFM-MWT,dvc,k_pdc,k_idc,3.4145488738336,0.735642254459641,1.7072744369168,36.7821127229821,1718.24855511366,0.136667319218549,2.00038566719763,-0.0108729001680703,0
GFM-MWT,dvc,k_pdc,k_idc,3.4145488738336,1,1.7072744369168,50,1718.24855511365,0.136357350440377,2.000454255459,-0.0108478708524912,0
GFM-MWT,dvc,k_pdc,k_idc,3.4145488738336,1.35935639087853,1.7072744369168,67.9678195439263,1718.24855511366,0.136034537253296,2.00049967711569,-0.0108219468603078,0
GFM-MWT,dvc,k_pdc,k_idc,3.4145488738336,1.84784979742229,1.7072744369168,92.3924898711145,1718.24855511347,0.13574758853903,2.00052742985904,-0.0107989721168979,0
GFM-MWT,dvc,k_pdc,k_idc,3.4145488738336,2.51188643150958,1.7072744369168,125.594321575479,1718.24855511379,0.135513451295512,2.000543581414,-0.010780261206068,0
GFM-MWT,dvc,k_pdc,k_idc,3.4145488738336,3.4145488738336,1.7072744369168,170.72744369168,1718.24855511324,0.135331176368131,2.00055273078395,-0.0107657134631731,0
GFM-MWT,dvc,k_pdc,k_idc,3.4145488738336,4.64158883361278,1.7072744369168,232.079441680639,1718.24855511353,0.135192882441314,2.0005578447457,-0.0107546858446871,0
GFM-MWT,dvc,k_pdc,k_idc,3.4145488738336,6.30957344480193,1.7072744369168,315.478672240097,1718.24855511333,0.135089421411687,2.00056068909622,-0.0107464411229041,0
GFM-MWT,dvc,k_pdc,k_idc,3.4145488738336,8.57695898590894,1.7072744369168,428.847949295447,1718.24855511367,0.135012609744988,2.0005622719693,-0.0107403229188107,0
GFM-MWT,dvc,k_pdc,k_idc,3.4145488738336,11.6591440117983,1.7072744369168,582.957200589916,1718.24855511368,0.134955820104705,2.00056315679919,-0.0107358010465664,0
GFM-MWT,dvc,k_pdc,k_idc,3.4145488738336,15.8489319246111,1.7072744369168,792.446596230557,1718.24855511372,0.13491392853617,2.00056365527121,-0.0107324662619997,0
GFM-MWT,dvc,k_pdc,k_idc,3.4145488738336,21.5443469003188,1.7072744369168,1077.21734501594,1718.24855511377,0.134883064770744,2.00056393912861,-0.0107300097954097,0
GFM-MWT,dvc,k_pdc,k_idc,3.4145488738336,29.2864456462524,1.7072744369168,1464.32228231262,1718.24855511405,0.134860341308002,2.00056410303198,-0.0107282014627287,0
GFM-MWT,dvc,k_pdc,k_idc,3.4145488738336,39.8107170553497,1.7072744369168,1990.53585276749,1718.24855511382,0.134843617177219,2.00056419926144,-0.0107268706877004,0
GFM-MWT,dvc,k_pdc,k_idc,3.4145488738336,54.1169526546464,1.7072744369168,2705.84763273232,1718.2485551135,0.134831310999013,2.00056425687061,-0.0107258915294599,0
GFM-MWT,dvc,k_pdc,k_idc,3.4145488738336,73.5642254459641,1.7072744369168,3678.21127229821,1718.24855511396,0.134822256723761,2.00056429211516,-0.0107251711517131,0
GFM-MWT,dvc,k_pdc,k_idc,3.4145488738336,100,1.7072744369168,5000,1718.24855511355,0.134815595450926,2.0005643141801,-0.0107246411871415,0
GFM-MWT,dvc,k_pdc,k_idc,4.64158883361278,0.01,2.32079441680639,0.5,1718.24855511381,0.134813643172066,2.0000589705905,-0.0107271952837754,0
GFM-MWT,dvc,k_pdc,k_idc,4.64158883361278,0.0135935639087853,2.32079441680639,0.679678195439263,1718.24855511354,0.134833183451039,2.00005905546915,-0.0107287494802426,0
GFM-MWT,dvc,k_pdc,k_idc,4.64158883361278,0.0184784979742229,2.32079441680639,0.923924898711145,1718.24855511385,0.134859723380399,2.00005923217032,-0.0107308600857121,0
GFM-MWT,dvc,k_pdc,k_idc,4.64158883361278,0.0251188643150958,2.32079441680639,1.25594321575479,1718.24855511359,0.134895741084678,2.00005958539101,-0.0107337238080812,0
GFM-MWT,dvc,k_pdc,k_idc,4.64158883361278,0.034145488738336,2.32079441680639,1.7072744369168,1718.24855511375,0.134944546121174,2.00006027335237,-0.0107376031093916,0
GFM-MWT,dvc,k_pdc,k_idc,4.64158883361278,0.0464158883361278,2.32079441680639,2.32079441680639,1718.24855511368,0.135010487813792,2.0000615889239,-0.0107428424510528,0
GFM-MWT,dvc,k_pdc,k_idc,4.64158883361278,0.0630957344480193,2.32079441680639,3.15478672240097,1718.24855511382,0.135099104517019,2.00006406770274,-0.0107498795842397,0
GFM-MWT,dvc,k_pdc,k_idc,4.64158883361278,0.0857695898590894,2.32079441680639,4.28847949295447,1718.24855511388,0.135217007779528,2.00006867093183,-0.0107592353395864,0
GFM-MWT,dvc,k_pdc,k_idc,4.64158883361278,0.116591440117983,2.32079441680639,5.82957200589916,1718.24855511352,0.135371003868767,2.00007706851014,-0.0107714421878255,0
GFM-MWT,dvc,k_pdc,k_idc,4.64158883361278,0.158489319246111,2.32079441680639,7.92446596230557,1718.24855511382,0.135565433711604,2.00009199416675,-0.0107868306427149,0
GFM-MWT,dvc,k_pdc,k_idc,4.64158883361278,0.215443469003188,2.32079441680639,10.7721734501594,1718.24855511385,0.135796197971325,2.00011744442864,-0.0108050527507688,0
GFM-MWT,dvc,k_pdc,k_idc,4.64158883361278,0.292864456462524,2.32079441680639,14.6432228231262,1718.24855511359,0.136040947965956,2.00015804110992,-0.0108243050994105,0
GFM-MWT,dvc,k_pdc,k_idc,4.64158883361278,0.398107170553497,2.32079441680639,19.9053585276749,1718.24855511356,0.136251066279827,2.00021650943727,-0.0108407046628757,0
GFM-MWT,dvc,k_pdc,k_idc,4.64158883361278,0.541169526546464,2.32079441680639,27.0584763273232,1718.24855511367,0.136361768124413,2.0002895393311,-0.0108491154628666,0
GFM-MWT,dvc,k_pdc,k_idc,4.64158883361278,0.735642254459641,2.32079441680639,36.7821127229821,1718.2485551139,0.136330403223354,2.00036621148991,-0.0108462046332567,0
GFM-MWT,dvc,k_pdc,k_idc,4.64158883361278,1,2.32079441680639,50,1718.24855511378,0.136171439948759,2.00043340343312,-0.0108331954403787,0
GFM-MWT,dvc,k_pdc,k_idc,4.64158883361278,1.35935639087853,2.32079441680639,67.9678195439263,1718.24855511353,0.135943541094625,2.00048362385821,-0.0108147954701634,0
GFM-MWT,dvc,k_pdc,k_idc,4.64158883361278,1.84784979742229,2.32079441680639,92.3924898711145,1718.24855511366,0.135706447400094,2.00051690147805,-0.0107957564539018,0
GFM-MWT,dvc,k_pdc,k_idc,4.64158883361278,2.51188643150958,2.32079441680639,125.594321575479,1718.24855511348,0.135495707521795,2.00053724899742,-0.0107788839460756,0
GFM-MWT,dvc,k_pdc,k_idc,4.64158883361278,3.4145488738336,2.32079441680639,170.72744369168,1718.24855511357,0.13532371277629,2.00054909901126,-0.0107651393373256,0
GFM-MWT,dvc,k_pdc,k_idc,4.64158883361278,4.64158883361278,2.32079441680639,232.079441680639,1718.24855511369,0.135189776621065,2.00055581558349,-0.010754449710105,0
GFM-MWT,dvc,k_pdc,k_idc,4.64158883361278,6.30957344480193,2.32079441680639,315.478672240097,1718.2485551135,0.135088131016406,2.0005595714862,-0.0107463444858073,0
GFM-MWT,dvc,k_pdc,k_idc,4.64158883361278,8.57695898590894,2.32079441680639,428.847949295447,1718.24855511342,0.135012071086719,2.00056166123691,-0.0107402833516293,0
GFM-MWT,dvc,k_pdc,k_idc,4.64158883361278,11.6591440117983,2.32079441680639,582.957200589916,1718.24855511364,0.134955593101793,2.00056282449221,-0.0107357847735362,0
GFM-MWT,dvc,k_pdc,k_idc,4.64158883361278,15.8489319246111,2.32079441680639,792.446596230557,1718.24855511377,0.134913831574207,2.00056347488791,-0.0107324595171126,0
GFM-MWT,dvc,k_pdc,k_idc,4.64158883361278,21.5443469003188,2.32079441680639,1077.21734501594,1718.24855511358,0.134883022729493,2.00056384134783,-0.0107300069757798,0
GFM-MWT,dvc,k_pdc,k_idc,4.64158883361278,29.2864456462524,2.32079441680639,1464.32228231262,1718.24855511341,0.134860322648121,2.00056405005992,-0.0107282002625321,0
GFM-MWT,dvc,k_pdc,k_idc,4.64158883361278,39.8107170553497,2.32079441680639,1990.53585276749,1718.24855511403,0.13484360872323,2.00056417057753,-0.0107268701690424,0
GFM-MWT,dvc,k_pdc,k_idc,4.64158883361278,54.1169526546464,2.32079441680639,2705.84763273232,1718.2485551138,0.134831307081641,2.00056424134252,-0.0107258913011103,0
GFM-MWT,dvc,k_pdc,k_idc,4.64158883361278,73.5642254459641,2.32079441680639,3678.21127229821,1718.24855511381,0.134822254868179,2.00056428371029,-0.0107251710491716,0
GFM-MWT,dvc,k_pdc,k_idc,4.64158883361278,100,2.32079441680639,5000,1718.24855511359,0.13481559455134,2.00056430963099,-0.0107246411399713,0
GFM-MWT,dvc,k_pdc,k_idc,6.30957344480193,0.01,3.15478672240097,0.5,1718.24855511374,0.134806064677781,2.00019250750187,-0.0107258762815432,0
GFM-MWT,dvc,k_pdc,k_idc,6.30957344480193,0.0135935639087853,3.15478672240097,0.679678195439263,1718.24855511377,0.134816643805472,2.00019254609688,-0.0107267177085263,0
GFM-MWT,dvc,k_pdc,k_idc,6.30957344480193,0.0184784979742229,3.15478672240097,0.923924898711145,1718.2485551136,0.134831017206914,2.00019262299728,-0.010727860787554,0
GFM-MWT,dvc,k_pdc,k_idc,6.30957344480193,0.0251188643150958,3.15478672240097,1.25594321575479,1718.24855511367,0.134850536725567,2.00019277261778,-0.0107294128812517,0
GFM-MWT,dvc,k_pdc,k_idc,6.30957344480193,0.034145488738336,3.15478672240097,1.7072744369168,1718.24855511356,0.13487702197787,2.00019305907326,-0.0107315184068379,0
GFM-MWT,dvc,k_pdc,k_idc,6.30957344480193,0.0464158883361278,3.15478672240097,2.32079441680639,1718.24855511369,0.13491290117236,2.00019360113647,-0.0107343699048009,0
GFM-MWT,dvc,k_pdc,k_idc,6.30957344480193,0.0630957344480193,3.15478672240097,3.15478672240097,1718.24855511363,0.134961361764165,2.00019461727653,-0.0107382197816019,0
GFM-MWT,dvc,k_pdc,k_idc,6.30957344480193,0.0857695898590894,3.15478672240097,4.28847949295447,1718.24855511353,0.13502645592855,2.00019650508787,-0.0107433882717376,0
GFM-MWT,dvc,k_pdc,k_idc,6.30957344480193,0.116591440117983,3.15478672240097,5.82957200589916,1718.24855511334,0.135113008338338,2.00019997529819,-0.0107502553750984,0
GFM-MWT,dvc,k_pdc,k_idc,6.30957344480193,0.158489319246111,3.15478672240097,7.92446596230557,1718.24855511351,0.135225960897682,2.00020625830237,-0.0107592076034746,0
GFM-MWT,dvc,k_pdc,k_idc,6.30957344480193,0.215443469003188,3.15478672240097,10.7721734501594,1718.24855511401,0.135368409679396,2.00021736153711,-0.0107704803977852,0
GFM-MWT,dvc,k_pdc,k_idc,6.30957344480193,0.292864456462524,3.15478672240097,14.6432228231262,1718.24855511417,0.135537224228206,2.00023620890052,-0.0107838088324303,0
GFM-MWT,dvc,k_pdc,k_idc,6.30957344480193,0.398107170553497,3.15478672240097,19.9053585276749,1718.24855511402,0.135715902672381,2.00026616487637,-0.0107978617566763,0
GFM-MWT,dvc,k_pdc,k_idc,6.30957344480193,0.541169526546464,3.15478672240097,27.0584763273232,1718.24855511383,0.13586881105386,2.00030918564222,-0.0108097936050874,0
GFM-MWT,dvc,k_pdc,k_idc,6.30957344480193,0.735642254459641,3.15478672240097,36.7821127229821,1718.24855511357,0.13594869024494,2.00036280946827,-0.010815858176892,0
GFM-MWT,dvc,k_pdc,k_idc,6.30957344480193,1,3.15478672240097,50,1718.24855511382,0.135924608509046,2.00041903765901,-0.0108136385719743,0
GFM-MWT,dvc,k_pdc,k_idc,6.30957344480193,1.35935639087853,3.15478672240097,67.9678195439263,1718.24855511408,0.135807319221329,2.00046829071462,-0.0108040425982296,0
GFM-MWT,dvc,k_pdc,k_idc,6.30957344480193,1.84784979742229,3.15478672240097,92.3924898711145,1718.24855511338,0.135639737984417,2.00050510782605,-0.0107905137921913,0
GFM-MWT,dvc,k_pdc,k_idc,6.30957344480193,2.51188643150958,3.15478672240097,125.594321575479,1718.24855511381,0.135465528295508,2.00052951470608,-0.0107765250811907,0
GFM-MWT,dvc,k_pdc,k_idc,6.30957344480193,3.4145488738336,3.15478672240097,170.72744369168,1718.24855511353,0.135310689233302,2.0005444462286,-0.0107641284530494,0
GFM-MWT,dvc,k_pdc,k_idc,6.30957344480193,4.64158883361278,3.15478672240097,232.079441680639,1718.24855511351,0.135184295835069,2.00055314646731,-0.0107540281060566,0
GFM-MWT,dvc,k_pdc,k_idc,6.30957344480193,6.30957344480193,3.15478672240097,315.478672240097,1718.24855511356,0.135085849412896,2.00055807985379,-0.0107461710152966,0
GFM-MWT,dvc,k_pdc,k_idc,6.30957344480193,8.57695898590894,3.15478672240097,428.847949295447,1718.24855511339,0.135011122847103,2.0005608395354,-0.0107402123382325,0
GFM-MWT,dvc,k_pdc,k_idc,6.30957344480193,11.6591440117983,3.15478672240097,582.957200589916,1718.24855511387,0.134955197179831,2.00056237539877,-0.0107357556910994,0
GFM-MWT,dvc,k_pdc,k_idc,6.30957344480193,15.8489319246111,3.15478672240097,792.446596230557,1718.24855511349,0.134913664706564,2.00056323050523,-0.010732447555133,0
GFM-MWT,dvc,k_pdc,k_idc,6.30957344480193,21.5443469003188,3.15478672240097,1077.21734501594,1718.24855511397,0.134882951452587,2.00056370868128,-0.0107300020177954,0
GFM-MWT,dvc,k_pdc,k_idc,6.30957344480193,29.2864456462524,3.15478672240097,1464.32228231262,1718.24855511376,0.134860291686404,2.00056397813618,-0.0107281981854498,0
GFM-MWT,dvc,k_pdc,k_idc,6.30957344480193,39.8107170553497,3.15478672240097,1990.53585276749,1718.24855511361,0.134843595011415,2.00056413161439,-0.0107268692872801,0
GFM-MWT,dvc,k_pdc,k_idc,6.30957344480193,54.1169526546464,3.15478672240097,2705.84763273232,1718.2485551139,0.134831300866247,2.00056422024365,-0.0107258909198369,0
GFM-MWT,dvc,k_pdc,k_idc,6.30957344480193,73.5642254459641,3.15478672240097,3678.21127229821,1718.24855511381,0.134822251992615,2.00056427228834,-0.0107251708816723,0
GFM-MWT,dvc,k_pdc,k_idc,6.30957344480193,100,3.15478672240097,5000,1718.24855511384,0.134815593189532,2.00056430344858,-0.0107246410647903,0
GFM-MWT,dvc,k_pdc,k_idc,8.57695898590894,0.01,4.28847949295447,0.5,1718.24855511339,0.134801955131692,2.00029077394585,-0.0107250224985735,0
GFM-MWT,dvc,k_pdc,k_idc,8.57695898590894,0.0135935639087853,4.28847949295447,0.679678195439263,1718.24855511332,0.1348076819434,2.00029079191105,-0.0107254779825847,0
GFM-MWT,dvc,k_pdc,k_idc,8.57695898590894,0.0184784979742229,4.28847949295447,0.923924898711145,1718.24855511352,0.134815464168395,2.00029082606415,-0.0107260968923782,0
GFM-MWT,dvc,k_pdc,k_idc,8.57695898590894,0.0251188643150958,4.28847949295447,1.25594321575479,1718.24855511309,0.134826036771557,2.00029089046229,-0.0107269376205944,0
GFM-MWT,dvc,k_pdc,k_idc,8.57695898590894,0.034145488738336,4.28847949295447,1.7072744369168,1718.24855511355,0.134840393236116,2.00029101115259,-0.0107280790612109,0
GFM-MWT,dvc,k_pdc,k_idc,8.57695898590894,0.0464158883361278,4.28847949295447,2.32079441680639,1718.24855511352,0.134859870266414,2.0002912362766,-0.0107296272935421,0
GFM-MWT,dvc,k_pdc,k_idc,8.57695898590894,0.0630957344480193,4.28847949295447,3.15478672240097,1718.24855511315,0.134886250600218,2.0002916544901,-0.0107317236621384,0
GFM-MWT,dvc,k_pdc,k_idc,8.57695898590894,0.0857695898590894,4.28847949295447,4.28847949295447,1718.24855511335,0.134921872446288,2.00029242813326,-0.0107345533042404,0
GFM-MWT,dvc,k_pdc,k_idc,8.57695898590894,0.116591440117983,4.28847949295447,5.82957200589916,1718.24855511344,0.134969704729613,2.0002938516145,-0.0107383508209858,0
GFM-MWT,dvc,k_pdc,k_idc,8.57695898590894,0.158489319246111,4.28847949295447,7.92446596230557,1718.24855511386,0.135033275495204,2.00029644968869,-0.0107433940509397,0
GFM-MWT,dvc,k_pdc,k_idc,8.57695898590894,0.215443469003188,4.28847949295447,10.7721734501594,1718.24855511356,0.135116185008122,2.00030112848354,-0.0107499645179668,0
GFM-MWT,dvc,k_pdc,k_idc,8.57695898590894,0.292864456462524,4.28847949295447,14.6432228231262,1718.24855511327,0.135220658521869,2.00030936273025,-0.0107582312813189,0
GFM-MWT,dvc,k_pdc,k_idc,8.57695898590894,0.398107170553497,4.28847949295447,19.9053585276749,1718.24855511318,0.135344331824833,2.00032329459854,-0.0107679946692996,0
GFM-MWT,dvc,k_pdc,k_idc,8.57695898590894,0.541169526546464,4.28847949295447,27.0584763273232,1718.24855511376,0.135475033529313,2.00034537996898,-0.0107782731010694,0
GFM-MWT,dvc,k_pdc,k_idc,8.57695898590894,0.735642254459641,4.28847949295447,36.7821127229821,1718.2485551136,0.13558662169384,2.00037703182711,-0.0107869792588736,0
GFM-MWT,dvc,k_pdc,k_idc,8.57695898590894,1,4.28847949295447,50,1718.24855511363,0.135644545889938,2.00041642512559,-0.0107913745573426,0
GFM-MWT,dvc,k_pdc,k_idc,8.57695898590894,1.35935639087853,4.28847949295447,67.9678195439263,1718.24855511339,0.135626289018212,2.00045769419538,-0.0107896997096022,0
GFM-MWT,dvc,k_pdc,k_idc,8.57695898590894,1.84784979742229,4.28847949295447,92.3924898711145,1718.24855511361,0.135539819508315,2.00049383172272,-0.0107826266980038,0
GFM-MWT,dvc,k_pdc,k_idc,8.57695898590894,2.51188643150958,4.28847949295447,125.594321575479,1718.24855511352,0.135416578719026,2.00052084735407,-0.0107726781743315,0
GFM-MWT,dvc,k_pdc,k_idc,8.57695898590894,3.4145488738336,4.28847949295447,170.72744369168,1718.24855511373,0.135288534487842,2.00053876241166,-0.0107623967943774,0
GFM-MWT,dvc,k_pdc,k_idc,8.57695898590894,4.64158883361278,4.28847949295447,232.079441680639,1718.24855511382,0.135174731090814,2.00054972671485,-0.0107532856899109,0
GFM-MWT,dvc,k_pdc,k_idc,8.57695898590894,6.30957344480193,4.28847949295447,315.478672240097,1718.24855511364,0.13508182277722,2.00055611772741,-0.0107458612688955,0
GFM-MWT,dvc,k_pdc,k_idc,8.57695898590894,8.57695898590894,4.28847949295447,428.847949295447,1718.24855511311,0.135009446115385,2.00055974282406,-0.0107400848557038,0
GFM-MWT,dvc,k_pdc,k_idc,8.57695898590894,11.6591440117983,4.28847949295447,582.957200589916,1718.24855511381,0.134954500171344,2.00056177116914,-0.0107357034922343,0
GFM-MWT,dvc,k_pdc,k_idc,8.57695898590894,15.8489319246111,4.28847949295447,792.446596230557,1718.24855511396,0.134913373625336,2.00056290023455,-0.0107324261737469,0
GFM-MWT,dvc,k_pdc,k_idc,8.57695898590894,21.5443469003188,4.28847949295447,1077.21734501594,1718.24855511391,0.1348828287438,2.00056352894332,-0.0107299932212886,0
GFM-MWT,dvc,k_pdc,k_idc,8.57695898590894,29.2864456462524,4.28847949295447,1464.32228231262,1718.24855511368,0.134860239263676,2.00056388055726,-0.0107281945388927,0
GFM-MWT,dvc,k_pdc,k_idc,8.57695898590894,39.8107170553497,4.28847949295447,1990.53585276749,1718.24855511341,0.134843572235402,2.00056407871072,-0.0107268677592791,0
GFM-MWT,dvc,k_pdc,k_idc,8.57695898590894,54.1169526546464,4.28847949295447,2705.84763273232,1718.24855511394,0.134831290773757,2.00056419158304,-0.0107258902707114,0
GFM-MWT,dvc,k_pdc,k_idc,8.57695898590894,73.5642254459641,4.28847949295447,3678.21127229821,1718.24855511389,0.134822247415728,2.00056425676762,-0.0107251706008189,0
GFM-MWT,dvc,k_pdc,k_idc,8.57695898590894,100,4.28847949295447,5000,1718.2485551139,0.13481559106625,2.00056429504585,-0.0107246409409419,0
GFM-MWT,dvc,k_pdc,k_idc,11.6591440117983,0.01,5.82957200589916,0.5,1718.24855511384,0.134799725036963,2.00036307930715,-0.0107244574727486,0
GFM-MWT,dvc,k_pdc,k_idc,11.6591440117983,0.0135935639087853,5.82957200589916,0.679678195439263,1718.24855511387,0.134802824839648,2.0003630878646,-0.0107247040140125,0
GFM-MWT,dvc,k_pdc,k_idc,11.6591440117983,0.0184784979742229,5.82957200589916,0.923924898711145,1718.24855511363,0.134807037705236,2.00036310337466,-0.0107250390613744,0
GFM-MWT,dvc,k_pdc,k_idc,11.6591440117983,0.0251188643150958,5.82957200589916,1.25594321575479,1718.24855511394,0.134812762416463,2.00036313161881,-0.0107254943067169,0
GFM-MWT,dvc,k_pdc,k_idc,11.6591440117983,0.034145488738336,5.82957200589916,1.7072744369168,1718.24855511383,0.134820539328776,2.000363183229,-0.0107261126779123,0
GFM-MWT,dvc,k_pdc,k_idc,11.6591440117983,0.0464158883361278,5.82957200589916,2.32079441680639,1718.24855511378,0.134831098744871,2.00036327776152,-0.0107269521651179,0
GFM-MWT,dvc,k_pdc,k_idc,11.6591440117983,0.0630957344480193,5.82957200589916,3.15478672240097,1718.24855511381,0.134845422984549,2.00036345116001,-0.0107280907183163,0
GFM-MWT,dvc,k_pdc,k_idc,11.6591440117983,0.0857695898590894,5.82957200589916,4.28847949295447,1718.24855511381,0.13486482154966,2.00036376933413,-0.0107296321536822,0
GFM-MWT,dvc,k_pdc,k_idc,11.6591440117983,0.116591440117983,5.82957200589916,5.82957200589916,1718.2485551139,0.134891010899582,2.00036435258228,-0.0107317123683516,0
GFM-MWT,dvc,k_pdc,k_idc,11.6591440117983,0.158489319246111,5.82957200589916,7.92446596230557,1718.24855511362,0.134926168569626,2.00036541851642,-0.0107345034144618,0
GFM-MWT,dvc,k_pdc,k_idc,11.6591440117983,0.215443469003188,5.82957200589916,10.7721734501594,1718.24855511369,0.134972878436414,2.0003673541895,-0.0107382087562489,0
GFM-MWT,dvc,k_pdc,k_idc,11.6591440117983,0.292864456462524,5.82957200589916,14.6432228231262,1718.24855511359,0.135033769963385,2.00037082670497,-0.0107430339747328,0
GFM-MWT,dvc,k_pdc,k_idc,11.6591440117983,0.398107170553497,5.82957200589916,19.9053585276749,1718.24855511358,0.135110452012979,2.00037691981992,-0.0107491012124639,0
GFM-MWT,dvc,k_pdc,k_idc,11.6591440117983,0.541169526546464,5.82957200589916,27.0584763273232,1718.2485551139,0.135201152393637,2.00038720462849,-0.0107562610117078,0
GFM-MWT,dvc,k_pdc,k_idc,11.6591440117983,0.735642254459641,5.82957200589916,36.7821127229821,1718.24855511366,0.135296900593791,2.00040347742652,-0.0107637900621831,0
GFM-MWT,dvc,k_pdc,k_idc,11.6591440117983,1,5.82957200589916,50,1718.248555114,0.135378504784684,2.00042676365982,-0.0107701561202364,0
GFM-MWT,dvc,k_pdc,k_idc,11.6591440117983,1.35935639087853,5.82957200589916,67.9678195439263,1718.24855511367,0.135420664466757,2.00045571325792,-0.0107733538908487,0
GFM-MWT,dvc,k_pdc,k_idc,11.6591440117983,1.84784979742229,5.82957200589916,92.3924898711145,1718.24855511385,0.135406942719392,2.0004860212428,-0.0107720992034895,0
GFM-MWT,dvc,k_pdc,k_idc,11.6591440117983,2.51188643150958,5.82957200589916,125.594321575479,1718.24855511383,0.135343232099565,2.00051255416514,-0.0107668885997516,0
GFM-MWT,dvc,k_pdc,k_idc,11.6591440117983,3.4145488738336,5.82957200589916,170.72744369168,1718.24855511431,0.135252592382468,2.00053239097405,-0.0107595721432132,0
GFM-MWT,dvc,k_pdc,k_idc,11.6591440117983,4.64158883361278,5.82957200589916,232.079441680639,1718.24855511361,0.135158458141156,2.00054554862566,-0.0107520137627452,0
GFM-MWT,dvc,k_pdc,k_idc,11.6591440117983,6.30957344480193,5.82957200589916,315.478672240097,1718.24855511355,0.135074795127647,2.00055360365267,-0.010745315780552,0
GFM-MWT,dvc,k_pdc,k_idc,11.6591440117983,8.57695898590894,5.82957200589916,428.847949295447,1718.24855511393,0.135006486775074,2.00055830015266,-0.0107398572094895,0
GFM-MWT,dvc,k_pdc,k_idc,11.6591440117983,11.6591440117983,5.82957200589916,582.957200589916,1718.24855511348,0.134953267619351,2.00056096470604,-0.0107356097805793,0
GFM-MWT,dvc,k_pdc,k_idc,11.6591440117983,15.8489319246111,5.82957200589916,792.446596230557,1718.24855511356,0.134912861177329,2.00056245587227,-0.0107323877965365,0
GFM-MWT,dvc,k_pdc,k_idc,11.6591440117983,21.5443469003188,5.82957200589916,1077.21734501594,1718.2485551135,0.134882614716442,2.00056328603764,-0.0107299774999398,0
GFM-MWT,dvc,k_pdc,k_idc,11.6591440117983,29.2864456462524,5.82957200589916,1464.32228231262,1718.24855511357,0.13486014902895,2.00056374835683,-0.0107281880703587,0
GFM-MWT,dvc,k_pdc,k_idc,11.6591440117983,39.8107170553497,5.82957200589916,1990.53585276749,1718.2485551134,0.13484353368433,2.00056400693665,-0.0107268650776791,0
GFM-MWT,dvc,k_pdc,k_idc,11.6591440117983,54.1169526546464,5.82957200589916,2705.84763273232,1718.24855511393,0.134831274027481,2.0005641526687,-0.0107258891473034,0
GFM-MWT,dvc,k_pdc,k_idc,11.6591440117983,73.5642254459641,5.82957200589916,3678.21127229821,1718.2485551136,0.134822239993605,2.00056423568519,-0.010725170123465,0
GFM-MWT,dvc,k_pdc,k_idc,11.6591440117983,100,5.82957200589916,5000,1718.24855511416,0.134815587708402,2.00056428362944,-0.0107246407350484,0
GFM-MWT,dvc,k_pdc,k_idc,15.8489319246111,0.01,7.92446596230557,0.5,1718.2485551137,0.134798513617098,2.00041627891269,-0.0107240759314174,0
GFM-MWT,dvc,k_pdc,k_idc,15.8489319246111,0.0135935639087853,7.92446596230557,0.679678195439263,1718.24855511423,0.13480019138448,2.00041628308057,-0.0107242093707518,0
GFM-MWT,dvc,k_pdc,k_idc,15.8489319246111,0.0184784979742229,7.92446596230557,0.923924898711145,1718.24855511422,0.134802471759383,2.00041629029038,-0.0107243907295115,0
GFM-MWT,dvc,k_pdc,k_idc,15.8489319246111,0.0251188643150958,7.92446596230557,1.25594321575479,1718.24855511437,0.134805570884041,2.00041630294246,-0.0107246371883335,0
GFM-MWT,dvc,k_pdc,k_idc,15.8489319246111,0.034145488738336,7.92446596230557,1.7072744369168,1718.24855511358,0.134809782047403,2.00041632540783,-0.0107249720540907,0
GFM-MWT,dvc,k_pdc,k_idc,15.8489319246111,0.0464158883361278,7.92446596230557,2.32079441680639,1718.2485551137,0.134815502603085,2.00041636566668,-0.0107254268923506,0
GFM-MWT,dvc,k_pdc,k_idc,15.8489319246111,0.0630957344480193,7.92446596230557,3.15478672240097,1718.2485551136,0.134823269502571,2.00041643831976,-0.0107260443377842,0
GFM-MWT,dvc,k_pdc,k_idc,15.8489319246111,0.0857695898590894,7.92446596230557,4.28847949295447,1718.24855511376,0.134833804787789,2.00041657009155,-0.010726881683437,0
GFM-MWT,dvc,k_pdc,k_idc,15.8489319246111,0.116591440117983,7.92446596230557,5.82957200589916,1718.24855511398,0.134848070743311,2.00041680984306,-0.0107280152141704,0
GFM-MWT,dvc,k_pdc,k_idc,15.8489319246111,0.158489319246111,7.92446596230557,7.92446596230557,1718.24855511373,0.13486732809613,2.00041724654225,-0.010729544739748,0
GFM-MWT,dvc,k_pdc,k_idc,15.8489319246111,0.215443469003188,7.92446596230557,10.7721734501594,1718.24855511376,0.134893175159911,2.00041804082749,-0.0107315965389507,0
GFM-MWT,dvc,k_pdc,k_idc,15.8489319246111,0.292864456462524,7.92446596230557,14.6432228231262,1718.2485551138,0.134927506540505,2.00041947798068,-0.0107343197895935,0
GFM-MWT,dvc,k_pdc,k_idc,15.8489319246111,0.398107170553497,7.92446596230557,19.9053585276749,1718.24855511375,0.134972246339747,2.00042204902682,-0.0107378649084241,0
GFM-MWT,dvc,k_pdc,k_idc,15.8489319246111,0.541169526546464,7.92446596230557,27.0584763273232,1718.24855511402,0.135028562713771,2.00042655059278,-0.0107423205315971,0
GFM-MWT,dvc,k_pdc,k_idc,15.8489319246111,0.735642254459641,7.92446596230557,36.7821127229821,1718.24855511398,0.135095134486089,2.00043413586393,-0.0107475753498411,0
GFM-MWT,dvc,k_pdc,k_idc,15.8489319246111,1,7.92446596230557,50,1718.24855511404,0.135165353584287,2.00044612067024,-0.0107530966115432,0
GFM-MWT,dvc,k_pdc,k_idc,15.8489319246111,1.35935639087853,7.92446596230557,67.9678195439263,1718.2485551137,0.135225123136953,2.00046325183389,-0.0107577589203509,0
GFM-MWT,dvc,k_pdc,k_idc,15.8489319246111,1.84784979742229,7.92446596230557,92.3924898711145,1718.24855511399,0.135255893823845,2.00048453218842,-0.0107600921321912,0
GFM-MWT,dvc,k_pdc,k_idc,15.8489319246111,2.51188643150958,7.92446596230557,125.594321575479,1718.24855511405,0.135245642624694,2.00050680026786,-0.0107591569568885,0
GFM-MWT,dvc,k_pdc,k_idc,15.8489319246111,3.4145488738336,7.92446596230557,170.72744369168,1718.24855511389,0.1351987206422,2.00052629124461,-0.0107553198408813,0
GFM-MWT,dvc,k_pdc,k_idc,15.8489319246111,4.64158883361278,7.92446596230557,232.079441680639,1718.24855511397,0.135132053957168,2.00054086403377,-0.0107499386914803,0
GFM-MWT,dvc,k_pdc,k_idc,15.8489319246111,6.30957344480193,7.92446596230557,315.478672240097,1718.2485551137,0.13506283757713,2.00055053178467,-0.0107443811531603,0
GFM-MWT,dvc,k_pdc,k_idc,15.8489319246111,8.57695898590894,7.92446596230557,428.847949295447,1718.24855511376,0.135001321592305,2.00055645157906,-0.0107394562855261,0
GFM-MWT,dvc,k_pdc,k_idc,15.8489319246111,11.6591440117983,7.92446596230557,582.957200589916,1718.24855511354,0.134951092134736,2.0005599038207,-0.0107354424317606,0
GFM-MWT,dvc,k_pdc,k_idc,15.8489319246111,15.8489319246111,7.92446596230557,792.446596230557,1718.24855511387,0.134911954954287,2.00056186277822,-0.0107323188957049,0
GFM-MWT,dvc,k_pdc,k_idc,15.8489319246111,21.5443469003188,7.92446596230557,1077.21734501594,1718.24855511386,0.134882237892,2.00056295921806,-0.0107299492795069,0
GFM-MWT,dvc,k_pdc,k_idc,15.8489319246111,29.2864456462524,7.92446596230557,1464.32228231262,1718.24855511342,0.134859991633109,2.00056356969457,-0.0107281765088666,0
GFM-MWT,dvc,k_pdc,k_idc,15.8489319246111,39.8107170553497,7.92446596230557,1990.53585276749,1718.24855511369,0.134843467317359,2.00056390969608,-0.0107268603200995,0
GFM-MWT,dvc,k_pdc,k_idc,15.8489319246111,54.1169526546464,7.92446596230557,2705.84763273232,1718.24855511347,0.134831245666596,2.00056409987296,-0.0107258871744698,0
GFM-MWT,dvc,k_pdc,k_idc,15.8489319246111,73.5642254459641,7.92446596230557,3678.21127229821,1718.24855511385,0.134822227669604,2.0005642070596,-0.0107251692966441,0
GFM-MWT,dvc,k_pdc,k_idc,15.8489319246111,100,7.92446596230557,5000,1718.2485551136,0.134815582243693,2.00056426812064,-0.0107246403835085,0
GFM-MWT,dvc,k_pdc,k_idc,21.5443469003188,0.01,10.7721734501594,0.5,1718.24855511353,0.13479785471596,2.00045541945058,-0.0107238137175698,0
GFM-MWT,dvc,k_pdc,k_idc,21.5443469003188,0.0135935639087853,10.7721734501594,0.679678195439263,1718.24855511378,0.134798762726771,2.00045542151854,-0.0107238859347786,0
GFM-MWT,dvc,k_pdc,k_idc,21.5443469003188,0.0184784979742229,10.7721734501594,0.923924898711145,1718.24855511348,0.134799997010028,2.00045542495103,-0.0107239840982205,0
GFM-MWT,dvc,k_pdc,k_idc,21.5443469003188,0.0251188643150958,10.7721734501594,1.25594321575479,1718.24855511387,0.1348016745534,2.00045543074972,-0.0107241175083838,0
GFM-MWT,dvc,k_pdc,k_idc,21.5443469003188,0.034145488738336,10.7721734501594,1.7072744369168,1718.24855511344,0.134803954361644,2.00045544072915,-0.0107242988036741,0
GFM-MWT,dvc,k_pdc,k_idc,21.5443469003188,0.0464158883361278,10.7721734501594,2.32079441680639,1718.2485551137,0.134807052159734,2.00045545816932,-0.010724545126485,0
GFM-MWT,dvc,k_pdc,k_idc,21.5443469003188,0.0630957344480193,10.7721734501594,3.15478672240097,1718.24855511363,0.134811260168948,2.00045548902639,-0.0107248796898066,0
GFM-MWT,dvc,k_pdc,k_idc,21.5443469003188,0.0857695898590894,10.7721734501594,4.28847949295447,1718.24855511406,0.134816973217261,2.00045554415589,-0.0107253338422679,0
GFM-MWT,dvc,k_pdc,k_idc,21.5443469003188,0.116591440117983,10.7721734501594,5.82957200589916,1718.24855511398,0.134824722171579,2.0004556433726,-0.0107259497057434,0
GFM-MWT,dvc,k_pdc,k_idc,21.5443469003188,0.158489319246111,10.7721734501594,7.92446596230557,1718.24855511374,0.134835214336246,2.00045582282107,-0.0107267833493231,0
GFM-MWT,dvc,k_pdc,k_idc,21.5443469003188,0.215443469003188,10.7721734501594,10.7721734501594,1718.24855511381,0.134849376066378,2.00045614820344,-0.0107279081079967,0
GFM-MWT,dvc,k_pdc,k_idc,21.5443469003188,0.292864456462524,10.7721734501594,14.6432228231262,1718.24855511372,0.134868381301685,2.00045673799699,-0.0107294167276694,0
GFM-MWT,dvc,k_pdc,k_idc,21.5443469003188,0.398107170553497,10.7721734501594,19.9053585276749,1718.24855511398,0.134893620341151,2.00045780235585,-0.010731418672173,0
GFM-MWT,dvc,k_pdc,k_idc,21.5443469003188,0.541169526546464,10.7721734501594,27.0584763273232,1718.24855511369,0.134926503063083,2.000459702642,-0.0107340241498382,0
GFM-MWT,dvc,k_pdc,k_idc,21.5443469003188,0.735642254459641,10.7721734501594,36.7821127229821,1718.24855511378,0.134967880682177,2.00046302455481,-0.0107372977223455,0
GFM-MWT,dvc,k_pdc,k_idc,21.5443469003188,1,10.7721734501594,50,1718.24855511344,0.135016771684897,2.00046861501658,-0.0107411567577135,0
GFM-MWT,dvc,k_pdc,k_idc,21.5443469003188,1.35935639087853,10.7721734501594,67.9678195439263,1718.24855511391,0.135068310199516,2.00047743898173,-0.0107452090007052,0
GFM-MWT,dvc,k_pdc,k_idc,21.5443469003188,1.84784979742229,10.7721734501594,92.3924898711145,1718.24855511379,0.135112137624667,2.00049004178114,-0.0107486275325333,0
GFM-MWT,dvc,k_pdc,k_idc,21.5443469003188,2.51188643150958,10.7721734501594,125.594321575479,1718.24855511354,0.135134642220311,2.00050568771443,-0.0107503335731581,0
GFM-MWT,dvc,k_pdc,k_idc,21.5443469003188,3.4145488738336,10.7721734501594,170.72744369168,1718.24855511359,0.135127016361489,2.000522054035,-0.0107496390515365,0
GFM-MWT,dvc,k_pdc,k_idc,21.5443469003188,4.64158883361278,10.7721734501594,232.079441680639,1718.24855511361,0.135092469645888,2.00053637741218,-0.0107468141685609,0
GFM-MWT,dvc,k_pdc,k_idc,21.5443469003188,6.30957344480193,10.7721734501594,315.478672240097,1718.24855511348,0.13504343319506,2.00054708695881,-0.0107428561901106,0
GFM-MWT,dvc,k_pdc,k_idc,21.5443469003188,8.57695898590894,10.7721734501594,428.847949295447,1718.24855511399,0.134992532429904,2.00055419270972,-0.0107387693056713,0
GFM-MWT,dvc,k_pdc,k_idc,21.5443469003188,11.6591440117983,10.7721734501594,582.957200589916,1718.24855511334,0.13494729492221,2.00055854441136,-0.0107351476898266,0
GFM-MWT,dvc,k_pdc,k_idc,21.5443469003188,15.8489319246111,10.7721734501594,792.446596230557,1718.24855511359,0.134910355407189,2.00056108256582,-0.0107321958505636,0
GFM-MWT,dvc,k_pdc,k_idc,21.5443469003188,21.5443469003188,10.7721734501594,1077.21734501594,1718.24855511384,0.13488157150091,2.00056252300707,-0.0107298986131888,0
GFM-MWT,dvc,k_pdc,k_idc,21.5443469003188,29.2864456462524,10.7721734501594,1464.32228231262,1718.24855511396,0.134859714517222,2.00056332931201,-0.0107281557556223,0
GFM-MWT,dvc,k_pdc,k_idc,21.5443469003188,39.8107170553497,10.7721734501594,1990.53585276749,1718.2485551139,0.134843351556634,2.00056377828053,-0.0107268518168976,0
GFM-MWT,dvc,k_pdc,k_idc,21.5443469003188,54.1169526546464,10.7721734501594,2705.84763273232,1718.24855511369,0.134831196867268,2.00056402834568,-0.010725883676352,0
GFM-MWT,dvc,k_pdc,k_idc,21.5443469003188,73.5642254459641,10.7721734501594,3678.21127229821,1718.24855511403,0.134822206825336,2.00056416822408,-0.01072516784684,0
GFM-MWT,dvc,k_pdc,k_idc,21.5443469003188,100,10.7721734501594,5000,1718.24855511374,0.134815573195586,2.00056424706434,-0.0107246397766761,0
GFM-MWT,dvc,k_pdc,k_idc,29.2864456462524,0.01,14.6432228231262,0.5,1718.24855511384,0.134797495631781,2.00048421538092,-0.0107236308084307,0
GFM-MWT,dvc,k_pdc,k_idc,29.2864456462524,0.0135935639087853,14.6432228231262,0.679678195439263,1718.248555114,0.134797987084641,2.00048421642881,-0.0107236698951798,0
GFM-MWT,dvc,k_pdc,k_idc,29.2864456462524,0.0184784979742229,14.6432228231262,0.923924898711145,1718.24855511394,0.134798655094581,2.00048421809734,-0.0107237230227443,0
GFM-MWT,dvc,k_pdc,k_idc,29.2864456462524,0.0251188643150958,14.6432228231262,1.25594321575479,1718.24855511397,0.134799563068657,2.00048422081769,-0.0107237952324949,0
GFM-MWT,dvc,k_pdc,k_idc,29.2864456462524,0.034145488738336,14.6432228231262,1.7072744369168,1718.24855511394,0.134800797130331,2.00048422535065,-0.0107238933709998,0
GFM-MWT,dvc,k_pdc,k_idc,29.2864456462524,0.0464158883361278,14.6432228231262,2.32079441680639,1718.24855511388,0.134802474238207,2.00048423305647,-0.0107240267343794,0
GFM-MWT,dvc,k_pdc,k_idc,29.2864456462524,0.0630957344480193,14.6432228231262,3.15478672240097,1718.24855511396,0.134804753038753,2.00048424638046,-0.0107242079289761,0
GFM-MWT,dvc,k_pdc,k_idc,29.2864456462524,0.0857695898590894,14.6432228231262,4.28847949295447,1718.24855511333,0.134807848465897,2.00048426975148,-0.0107244540278548,0
GFM-MWT,dvc,k_pdc,k_idc,29.2864456462524,0.116591440117983,14.6432228231262,5.82957200589916,1718.24855511397,0.134812050879896,2.00048431121763,-0.0107247880844221,0
GFM-MWT,dvc,k_pdc,k_idc,29.2864456462524,0.158489319246111,14.6432228231262,7.92446596230557,1718.24855511391,0.134817750645518,2.00048438543915,-0.0107252410714325,0
GFM-MWT,dvc,k_pdc,k_idc,29.2864456462524,0.215443469003188,14.6432228231262,10.7721734501594,1718.24855511402,0.134825467757274,2.00048451911365,-0.0107258542084073,0
GFM-MWT,dvc,k_pdc,k_idc,29.2864456462524,0.292864456462524,14.6432228231262,14.6432228231262,1718.24855511404,0.134835883136441,2.00048476071434,-0.0107266813988794,0
GFM-MWT,dvc,k_pdc,k_idc,29.2864456462524,0.398107170553497,14.6432228231262,19.9053585276749,1718.24855511408,0.134849859268649,2.00048519755476,-0.0107277907803843,0
GFM-MWT,dvc,k_pdc,k_idc,29.2864456462524,0.541169526546464,14.6432228231262,27.0584763273232,1718.24855511399,0.134868417148778,2.00048598439563,-0.0107292627368788,0
GFM-MWT,dvc,k_pdc,k_idc,29.2864456462524,0.735642254459641,14.6432228231262,36.7821127229821,1718.24855511392,0.134892590915762,2.00048738714454,-0.0107311781007833,0
GFM-MWT,dvc,k_pdc,k_idc,29.2864456462524,1,14.6432228231262,50,1718.24855511377,0.13492300230648,2.00048983648238,-0.0107335840143679,0
GFM-MWT,dvc,k_pdc,k_idc,29.2864456462524,1.35935639087853,14.6432228231262,67.9678195439263,1718.24855511424,0.134958924172183,2.00049395468047,-0.0107364192922795,0
GFM-MWT,dvc,k_pdc,k_idc,29.2864456462524,1.84784979742229,14.6432228231262,92.3924898711145,1718.24855511367,0.13499677442453,2.00050044996237,-0.0107393951900735,0
GFM-MWT,dvc,k_pdc,k_idc,29.2864456462524,2.51188643150958,14.6432228231262,125.594321575479,1718.24855511376,0.13502893917702,2.00050972130381,-0.0107419039189128,0
GFM-MWT,dvc,k_pdc,k_idc,29.2864456462524,3.4145488738336,14.6432228231262,170.72744369168,1718.24855511398,0.135045423390269,2.00052122634116,-0.0107431533523683,0
GFM-MWT,dvc,k_pdc,k_idc,29.2864456462524,4.64158883361278,14.6432228231262,232.079441680639,1718.24855511404,0.135039767800948,2.00053325796924,-0.0107426388885962,0
GFM-MWT,dvc,k_pdc,k_idc,29.2864456462524,6.30957344480193,14.6432228231262,315.478672240097,1718.2485551137,0.135014338176747,2.00054378673435,-0.0107405596321245,0
GFM-MWT,dvc,k_pdc,k_idc,29.2864456462524,8.57695898590894,14.6432228231262,428.847949295447,1718.24855511421,0.13497826837439,2.00055165928439,-0.0107376483150936,0
GFM-MWT,dvc,k_pdc,k_idc,29.2864456462524,11.6591440117983,14.6432228231262,582.957200589916,1718.24855511392,0.134940833200966,2.00055688319321,-0.0107346426275839,0
GFM-MWT,dvc,k_pdc,k_idc,29.2864456462524,15.8489319246111,14.6432228231262,792.446596230557,1718.24855511364,0.134907563377375,2.00056008278645,-0.0107319791312616,0
GFM-MWT,dvc,k_pdc,k_idc,29.2864456462524,21.5443469003188,14.6432228231262,1077.21734501594,1718.24855511386,0.134880395267815,2.00056194916981,-0.0107298081313736,0
GFM-MWT,dvc,k_pdc,k_idc,29.2864456462524,29.2864456462524,14.6432228231262,1464.32228231262,1718.2485551137,0.134859224444078,2.00056300846854,-0.0107281184948935,0
GFM-MWT,dvc,k_pdc,k_idc,29.2864456462524,39.8107170553497,14.6432228231262,1990.53585276749,1718.24855511351,0.134843147744949,2.00056360146602,-0.010726836553402,0
GFM-MWT,dvc,k_pdc,k_idc,29.2864456462524,54.1169526546464,14.6432228231262,2705.84763273232,1718.24855511359,0.134831111726626,2.0005639316798,-0.0107258774223614,0
GFM-MWT,dvc,k_pdc,k_idc,29.2864456462524,73.5642254459641,14.6432228231262,3678.21127229821,1718.24855511383,0.134822170920875,2.00056411560884,-0.0107251652729939,0
GFM-MWT,dvc,k_pdc,k_idc,29.2864456462524,100,14.6432228231262,5000,1718.24855511369,0.134815557851933,2.0005642184963,-0.010724638709352,0
GFM-MWT,dvc,k_pdc,k_idc,39.8107170553497,0.01,19.9053585276749,0.5,1718.24855511342,0.134797299501669,2.00050540022601,-0.0107235016600536,0
GFM-MWT,dvc,k_pdc,k_idc,39.8107170553497,0.0135935639087853,19.9053585276749,0.679678195439263,1718.24855511375,0.134797565475196,2.00050540076388,-0.0107235228136745,0
GFM-MWT,dvc,k_pdc,k_idc,39.8107170553497,0.0184784979742229,19.9053585276749,0.923924898711145,1718.24855511378,0.134797927006257,2.00050540159192,-0.0107235515667347,0
GFM-MWT,dvc,k_pdc,k_idc,39.8107170553497,0.0251188643150958,19.9053585276749,1.25594321575479,1718.24855511404,0.134798418428546,2.00050540289795,-0.0107235906492546,0
GFM-MWT,dvc,k_pdc,k_idc,39.8107170553497,0.034145488738336,19.9053585276749,1.7072744369168,1718.2485551142,0.134799086377688,2.00050540500603,-0.0107236437690647,0
GFM-MWT,dvc,k_pdc,k_idc,39.8107170553497,0.0464158883361278,19.9053585276749,2.32079441680639,1718.24855511398,0.134799994203537,2.0005054084857,-0.0107237159621904,0
GFM-MWT,dvc,k_pdc,k_idc,39.8107170553497,0.0630957344480193,19.9053585276749,3.15478672240097,1718.24855511378,0.134801227940479,2.00050541435134,-0.0107238140666829,0
GFM-MWT,dvc,k_pdc,k_idc,39.8107170553497,0.0857695898590894,19.9053585276749,4.28847949295447,1718.24855511374,0.134802904279685,2.00050542442045,-0.0107239473548405,0
GFM-MWT,dvc,k_pdc,k_idc,39.8107170553497,0.116591440117983,19.9053585276749,5.82957200589916,1718.24855511401,0.134805181313713,2.0005054419763,-0.0107241283843204,0
GFM-MWT,dvc,k_pdc,k_idc,39.8107170553497,0.158489319246111,19.9053585276749,7.92446596230557,1718.24855511374,0.134808272597662,2.00050547297351,-0.0107243741101504,0
GFM-MWT,dvc,k_pdc,k_idc,39.8107170553497,0.215443469003188,19.9053585276749,10.7721734501594,1718.2485551136,0.134812465202528,2.0005055282414,-0.0107247073089428,0
GFM-MWT,dvc,k_pdc,k_idc,39.8107170553497,0.292864456462524,19.9053585276749,14.6432228231262,1718.2485551136,0.13481814148925,2.00050562747878,-0.0107251582894559,0
GFM-MWT,dvc,k_pdc,k_idc,39.8107170553497,0.398107170553497,19.9053585276749,19.9053585276749,1718.24855511365,0.134825802054894,2.00050580641899,-0.0107257666793792,0
GFM-MWT,dvc,k_pdc,k_idc,39.8107170553497,0.541169526546464,19.9053585276749,27.0584763273232,1718.24855511398,0.134836080825576,2.0005061293808,-0.010726582558527,0
GFM-MWT,dvc,k_pdc,k_idc,39.8107170553497,0.735642254459641,19.9053585276749,36.7821127229821,1718.24855511408,0.134849727872901,2.00050671029741,-0.0107276649790989,0
GFM-MWT,dvc,k_pdc,k_idc,39.8107170553497,1,19.9053585276749,50,1718.24855511381,0.134867502349938,2.00050774482475,-0.0107290732769259,0
GFM-MWT,dvc,k_pdc,k_idc,39.8107170553497,1.35935639087853,19.9053585276749,67.9678195439263,1718.248555114,0.134889859222587,2.00050954968648,-0.010730841941341,0
GFM-MWT,dvc,k_pdc,k_idc,39.8107170553497,1.84784979742229,19.9053585276749,92.3924898711145,1718.24855511412,0.134916260792325,2.00051258223896,-0.0107329257454454,0
GFM-MWT,dvc,k_pdc,k_idc,39.8107170553497,2.51188643150958,19.9053585276749,125.594321575479,1718.24855511405,0.134944070585902,2.00051736259818,-0.010735112179784,0
GFM-MWT,dvc,k_pdc,k_idc,39.8107170553497,3.4145488738336,19.9053585276749,170.72744369168,1718.24855511423,0.13496769093402,2.00052418308243,-0.0107369544144486,0
GFM-MWT,dvc,k_pdc,k_idc,39.8107170553497,4.64158883361278,19.9053585276749,232.079441680639,1718.24855511387,0.134979778985415,2.00053264408715,-0.0107378705232102,0
GFM-MWT,dvc,k_pdc,k_idc,39.8107170553497,6.30957344480193,19.9053585276749,315.478672240097,1718.24855511401,0.134975593808651,2.00054149066216,-0.0107374901467955,0
GFM-MWT,dvc,k_pdc,k_idc,39.8107170553497,8.57695898590894,19.9053585276749,428.847949295447,1718.24855511404,0.134956878294022,2.00054923167749,-0.0107359599364573,0
GFM-MWT,dvc,k_pdc,k_idc,39.8107170553497,11.6591440117983,19.9053585276749,582.957200589916,1718.24855511368,0.134930345688845,2.00055501989615,-0.0107338184306102,0
GFM-MWT,dvc,k_pdc,k_idc,39.8107170553497,15.8489319246111,19.9053585276749,792.446596230557,1718.24855511387,0.134902811988946,2.00055886099437,-0.0107316077522454,0
GFM-MWT,dvc,k_pdc,k_idc,39.8107170553497,21.5443469003188,19.9053585276749,1077.21734501594,1718.24855511384,0.134878342062694,2.00056121382965,-0.0107296487600123,0
GFM-MWT,dvc,k_pdc,k_idc,39.8107170553497,29.2864456462524,19.9053585276749,1464.32228231262,1718.24855511382,0.134858359388779,2.00056258639299,-0.0107280519503601,0
GFM-MWT,dvc,k_pdc,k_idc,39.8107170553497,39.8107170553497,19.9053585276749,1990.53585276749,1718.24855511367,0.134842787303974,2.00056336546755,-0.0107268091487032,0
GFM-MWT,dvc,k_pdc,k_idc,39.8107170553497,54.1169526546464,19.9053585276749,2705.84763273232,1718.24855511378,0.134830961819483,2.00056380161897,-0.0107258661957813,0
GFM-MWT,dvc,k_pdc,k_idc,39.8107170553497,73.5642254459641,19.9053585276749,3678.21127229821,1718.2485551141,0.134822108296882,2.00056404450184,-0.0107251606729653,0
GFM-MWT,dvc,k_pdc,k_idc,39.8107170553497,100,19.9053585276749,5000,1718.24855511406,0.134815531445284,2.00056417979216,-0.0107246368163943,0
GFM-MWT,dvc,k_pdc,k_idc,54.1169526546464,0.01,27.0584763273232,0.5,1718.24855511437,0.134797192023664,2.00052098541653,-0.0107234095783885,0
GFM-MWT,dvc,k_pdc,k_idc,54.1169526546464,0.0135935639087853,27.0584763273232,0.679678195439263,1718.2485551142,0.134797335964862,2.00052098569581,-0.0107234210264101,0
GFM-MWT,dvc,k_pdc,k_idc,54.1169526546464,0.0184784979742229,27.0584763273232,0.923924898711145,1718.24855511433,0.134797531628896,2.00052098611453,-0.010723436587875,0
GFM-MWT,dvc,k_pdc,k_idc,54.1169526546464,0.0251188643150958,27.0584763273232,1.25594321575479,1718.24855511423,0.134797797556347,2.00052098675211,-0.0107234577371317,0
GFM-MWT,dvc,k_pdc,k_idc,54.1169526546464,0.034145488738336,27.0584763273232,1.7072744369168,1718.24855511428,0.134798159103255,2.00052098775831,-0.0107234864902736,0
GFM-MWT,dvc,k_pdc,k_idc,54.1169526546464,0.0464158883361278,27.0584763273232,2.32079441680639,1718.24855511412,0.1347986504708,2.00052098936644,-0.0107235255665155,0
GFM-MWT,dvc,k_pdc,k_idc,54.1169526546464,0.0630957344480193,27.0584763273232,3.15478672240097,1718.24855511439,0.134799318305687,2.00052099200482,-0.0107235786739814,0
GFM-MWT,dvc,k_pdc,k_idc,54.1169526546464,0.0857695898590894,27.0584763273232,4.28847949295447,1718.24855511429,0.134800225886431,2.00052099642651,-0.0107236508419994,0
GFM-MWT,dvc,k_pdc,k_idc,54.1169526546464,0.116591440117983,27.0584763273232,5.82957200589916,1718.24855511422,0.134801459051136,2.00052100397864,-0.0107237488911712,0
GFM-MWT,dvc,k_pdc,k_idc,54.1169526546464,0.158489319246111,27.0584763273232,7.92446596230557,1718.24855511422,0.134803134080239,2.00052101708991,-0.0107238820577753,0
GFM-MWT,dvc,k_pdc,k_idc,54.1169526546464,0.215443469003188,27.0584763273232,10.7721734501594,1718.24855511417,0.13480540805608,2.00052104015966,-0.0107240628130332,0
GFM-MWT,dvc,k_pdc,k_idc,54.1169526546464,0.292864456462524,27.0584763273232,14.6432228231262,1718.24855511405,0.134808492100187,2.00052108117797,-0.0107243079073553,0
GFM-MWT,dvc,k_pdc,k_idc,54.1169526546464,0.398107170553497,27.0584763273232,19.9053585276749,1718.24855511422,0.134812667409875,2.0005211546687,-0.01072463963016,0
GFM-MWT,dvc,k_pdc,k_idc,54.1169526546464,0.541169526546464,27.0584763273232,27.0584763273232,1718.24855511428,0.134818302071271,2.00052128695869,-0.0107250871189716,0
GFM-MWT,dvc,k_pdc,k_idc,54.1169526546464,0.735642254459641,27.0584763273232,36.7821127229821,1718.24855511394,0.134825862104383,2.00052152541,-0.0107256871884522,0
GFM-MWT,dvc,k_pdc,k_idc,54.1169526546464,1,27.0584763273232,50,1718.24855511414,0.134835898786953,2.00052195388401,-0.0107264832391189,0
GFM-MWT,dvc,k_pdc,k_idc,54.1169526546464,1.35935639087853,27.0584763273232,67.9678195439263,1718.24855511436,0.134848969679329,2.00052271633411,-0.0107275188487591,0
GFM-MWT,dvc,k_pdc,k_idc,54.1169526546464,1.84784979742229,27.0584763273232,92.3924898711145,1718.24855511442,0.134865408198184,2.00052404570209,-0.0107288192883607,0
GFM-MWT,dvc,k_pdc,k_idc,54.1169526546464,2.51188643150958,27.0584763273232,125.594321575479,1718.24855511456,0.134884817276259,2.0005262782141,-0.0107303511691808,0
GFM-MWT,dvc,k_pdc,k_idc,54.1169526546464,3.4145488738336,27.0584763273232,170.72744369168,1718.24855511433,0.134905256703598,2.00052979601088,-0.0107319581090784,0
GFM-MWT,dvc,k_pdc,k_idc,54.1169526546464,4.64158883361278,27.0584763273232,232.079441680639,1718.24855511413,0.134922610432507,2.00053481349441,-0.0107333115538143,0
GFM-MWT,dvc,k_pdc,k_idc,54.1169526546464,6.30957344480193,27.0584763273232,315.478672240097,1718.24855511459,0.134931482138904,2.00054103636539,-0.0107339838457488,0
GFM-MWT,dvc,k_pdc,k_idc,54.1169526546464,8.57695898590894,27.0584763273232,428.847949295447,1718.24855511394,0.134928389997488,2.00054754189864,-0.0107337029892463,0
GFM-MWT,dvc,k_pdc,k_idc,54.1169526546464,11.6591440117983,27.0584763273232,582.957200589916,1718.24855511422,0.134914617525248,2.0005532341417,-0.0107325769656819,0
GFM-MWT,dvc,k_pdc,k_idc,54.1169526546464,15.8489319246111,27.0584763273232,792.446596230557,1718.24855511421,0.134895100056856,2.00055749049008,-0.0107310016841455,0
GFM-MWT,dvc,k_pdc,k_idc,54.1169526546464,21.5443469003188,27.0584763273232,1077.21734501594,1718.24855511425,0.134874847918417,2.00056031517535,-0.0107293756499411,0
GFM-MWT,dvc,k_pdc,k_idc,54.1169526546464,29.2864456462524,27.0584763273232,1464.32228231262,1718.24855511425,0.134856849379999,2.00056204552202,-0.0107279347422732,0
GFM-MWT,dvc,k_pdc,k_idc,54.1169526546464,39.8107170553497,27.0584763273232,1990.53585276749,1718.24855511368,0.134842151082794,2.00056305500621,-0.0107267602072851,0
GFM-MWT,dvc,k_pdc,k_idc,54.1169526546464,54.1169526546464,27.0584763273232,2705.84763273232,1718.24855511371,0.134830696712987,2.00056362802404,-0.0107258460394683,0
GFM-MWT,dvc,k_pdc,k_idc,54.1169526546464,73.5642254459641,27.0584763273232,3678.21127229821,1718.24855511335,0.134821998037274,2.00056394883032,-0.0107251524156139,0
GFM-MWT,dvc,k_pdc,k_idc,54.1169526546464,100,27.0584763273232,5000,1718.24855511421,0.134815485380802,2.00056412748562,-0.0107246334327382,0
GFM-MWT,dvc,k_pdc,k_idc,73.5642254459641,0.01,36.7821127229821,0.5,1718.24855511411,0.134797132882412,2.00053245093009,-0.0107233434228714,0
GFM-MWT,dvc,k_pdc,k_idc,73.5642254459641,0.0135935639087853,36.7821127229821,0.679678195439263,1718.24855511436,0.134797210780225,2.00053245107666,-0.010723349618278,0
GFM-MWT,dvc,k_pdc,k_idc,73.5642254459641,0.0184784979742229,36.7821127229821,0.923924898711145,1718.24855511435,0.134797316669211,2.00053245129113,-0.0107233580398105,0
GFM-MWT,dvc,k_pdc,k_idc,73.5642254459641,0.0251188643150958,36.7821127229821,1.25594321575479,1718.24855511392,0.134797460607277,2.00053245161148,-0.0107233694872973,0
GFM-MWT,dvc,k_pdc,k_idc,73.5642254459641,0.034145488738336,36.7821127229821,1.7072744369168,1718.2485551142,0.1347976562576,2.00053245209934,-0.010723385047212,0
GFM-MWT,dvc,k_pdc,k_idc,73.5642254459641,0.0464158883361278,36.7821127229821,2.32079441680639,1718.24855511432,0.134797922200997,2.00053245286026,-0.0107234061969548,0
GFM-MWT,dvc,k_pdc,k_idc,73.5642254459641,0.0630957344480193,36.7821127229821,3.15478672240097,1718.24855511429,0.134798283673629,2.00053245407464,-0.010723434942908,0
GFM-MWT,dvc,k_pdc,k_idc,73.5642254459641,0.0857695898590894,36.7821127229821,4.28847949295447,1718.24855511418,0.134798774959843,2.00053245605801,-0.0107234740104456,0
GFM-MWT,dvc,k_pdc,k_idc,73.5642254459641,0.116591440117983,36.7821127229821,5.82957200589916,1718.24855511419,0.134799442618777,2.00053245936917,-0.0107235271000056,0
GFM-MWT,dvc,k_pdc,k_idc,73.5642254459641,0.158489319246111,36.7821127229821,7.92446596230557,1718.24855511423,0.134800349765507,2.00053246500258,-0.010723599226593,0
GFM-MWT,dvc,k_pdc,k_idc,73.5642254459641,0.215443469003188,36.7821127229821,10.7721734501594,1718.24855511419,0.134801581960631,2.00053247475421,-0.0107236971862912,0
GFM-MWT,dvc,k_pdc,k_idc,73.5642254459641,0.292864456462524,36.7821127229821,14.6432228231262,1718.24855511422,0.134803254728696,2.00053249186907,-0.0107238301508249,0
GFM-MWT,dvc,k_pdc,k_idc,73.5642254459641,0.398107170553497,36.7821127229821,19.9053585276749,1718.24855511403,0.134805523377009,2.00053252224012,-0.0107240104421468,0
GFM-MWT,dvc,k_pdc,k_idc,73.5642254459641,0.541169526546464,36.7821127229821,27.0584763273232,1718.24855511388,0.134808594685553,2.0005325765665,-0.0107242544507121,0
GFM-MWT,dvc,k_pdc,k_idc,73.5642254459641,0.735642254459641,36.7821127229821,36.7821127229821,1718.2485551143,0.134812739355285,2.00053267423822,-0.0107245836048166,0
GFM-MWT,dvc,k_pdc,k_idc,73.5642254459641,1,36.7821127229821,50,1718.24855511421,0.134818299995102,2.00053285011851,-0.0107250249695263,0
GFM-MWT,dvc,k_pdc,k_idc,73.5642254459641,1.35935639087853,36.7821127229821,67.9678195439263,1718.24855511436,0.134825681989613,2.00053316593384,-0.0107256104591749,0
GFM-MWT,dvc,k_pdc,k_idc,73.5642254459641,1.84784979742229,36.7821127229821,92.3924898711145,1718.24855511439,0.134835294934747,2.00053372758808,-0.0107263720860884,0
GFM-MWT,dvc,k_pdc,k_idc,73.5642254459641,2.51188643150958,36.7821127229821,125.594321575479,1718.24855511417,0.134847383370233,2.00053470640978,-0.0107273283825228,0
GFM-MWT,dvc,k_pdc,k_idc,73.5642254459641,3.4145488738336,36.7821127229821,170.72744369168,1718.24855511382,0.134861654472396,2.00053634962618,-0.0107284547299997,0
GFM-MWT,dvc,k_pdc,k_idc,73.5642254459641,4.64158883361278,36.7821127229821,232.079441680639,1718.24855511425,0.134876680490035,2.00053893809485,-0.010729636054165,0
GFM-MWT,dvc,k_pdc,k_idc,73.5642254459641,6.30957344480193,36.7821127229821,315.478672240097,1718.24855511442,0.134889434507215,2.0005426291916,-0.0107306307416711,0
GFM-MWT,dvc,k_pdc,k_idc,73.5642254459641,8.57695898590894,36.7821127229821,428.847949295447,1718.24855511429,0.134895949669557,2.00054720623887,-0.0107311244227204,0
GFM-MWT,dvc,k_pdc,k_idc,73.5642254459641,11.6591440117983,36.7821127229821,582.957200589916,1718.24855511434,0.134893667753653,2.0005519906963,-0.0107309172538177,0
GFM-MWT,dvc,k_pdc,k_idc,73.5642254459641,15.8489319246111,36.7821127229821,792.446596230557,1718.24855511442,0.134883533682085,2.00055617686587,-0.0107300887215789,0
GFM-MWT,dvc,k_pdc,k_idc,73.5642254459641,21.5443469003188,36.7821127229821,1077.21734501594,1718.24855511411,0.134869176359976,2.00055930709036,-0.0107289299316757,0
GFM-MWT,dvc,k_pdc,k_idc,73.5642254459641,29.2864456462524,36.7821127229821,1464.32228231262,1718.24855511426,0.134854279549474,2.00056138451278,-0.0107277338785644,0
GFM-MWT,dvc,k_pdc,k_idc,73.5642254459641,39.8107170553497,36.7821127229821,1990.53585276749,1718.24855511421,0.134841040465623,2.00056265716011,-0.0107266740002389,0
GFM-MWT,dvc,k_pdc,k_idc,73.5642254459641,54.1169526546464,36.7821127229821,2705.84763273232,1718.24855511404,0.134830228738058,2.00056339965411,-0.0107258100403633,0
GFM-MWT,dvc,k_pdc,k_idc,73.5642254459641,73.5642254459641,36.7821127229821,3678.21127229821,1718.24855511386,0.134821803031454,2.00056382113443,-0.0107251375891013,0
GFM-MWT,dvc,k_pdc,k_idc,73.5642254459641,100,36.7821127229821,5000,1718.24855511463,0.134815404273904,2.00056405710889,-0.0107246273586218,0
GFM-MWT,dvc,k_pdc,k_idc,100,0.01,50,0.5,1718.2485551146,0.134797100146382,2.00054088565597,-0.0107232956121694,0
GFM-MWT,dvc,k_pdc,k_idc,100,0.0135935639087853,50,0.679678195439263,1718.24855511448,0.134797142306942,2.0005408857337,-0.0107232989652979,0
GFM-MWT,dvc,k_pdc,k_idc,100,0.0184784979742229,50,0.923924898711145,1718.24855511456,0.134797199615343,2.00054088584528,-0.0107233035231381,0
GFM-MWT,dvc,k_pdc,k_idc,100,0.0251188643150958,50,1.25594321575479,1718.24855511508,0.134797277507086,2.00054088600765,-0.0107233097179512,0
GFM-MWT,dvc,k_pdc,k_idc,100,0.034145488738336,50,1.7072744369168,1718.2485551146,0.13479738339735,2.00054088625026,-0.0107233181393991,0
GFM-MWT,dvc,k_pdc,k_idc,100,0.0464158883361278,50,2.32079441680639,1718.24855511465,0.134797527331031,2.00054088661866,-0.0107233295862312,0
GFM-MWT,dvc,k_pdc,k_idc,100,0.0630957344480193,50,3.15478672240097,1718.24855511472,0.134797722962717,2.00054088719022,-0.0107233451441493,0
GFM-MWT,dvc,k_pdc,k_idc,100,0.0857695898590894,50,4.28847949295447,1718.24855511469,0.134797988882704,2.00054088810097,-0.0107233662911379,0
GFM-MWT,dvc,k_pdc,k_idc,100,0.116591440117983,50,5.82957200589916,1718.24855511447,0.134798350292065,2.00054088958294,-0.0107233950305031,0
GFM-MWT,dvc,k_pdc,k_idc,100,0.158489319246111,50,7.92446596230557,1718.24855511441,0.134798841436179,2.00054089204918,-0.0107234340839851,0
GFM-MWT,dvc,k_pdc,k_idc,100,0.215443469003188,50,10.7721734501594,1718.2485551148,0.134799508773496,2.00054089623644,-0.0107234871430436,0
GFM-MWT,dvc,k_pdc,k_idc,100,0.292864456462524,50,14.6432228231262,1718.24855511456,0.134800415210695,2.00054090346758,-0.0107235592043261,0
GFM-MWT,dvc,k_pdc,k_idc,100,0.398107170553497,50,19.9053585276749,1718.24855511469,0.134801645744135,2.0005409161366,-0.0107236570158007,0
GFM-MWT,dvc,k_pdc,k_idc,100,0.541169526546464,50,27.0584763273232,1718.24855511492,0.134803314586319,2.00054093858385,-0.0107237896389198,0
GFM-MWT,dvc,k_pdc,k_idc,100,0.735642254459641,50,36.7821127229821,1718.24855511467,0.134805573857529,2.00054097869202,-0.0107239691314156,0
GFM-MWT,dvc,k_pdc,k_idc,100,1,50,50,1718.2485551142,0.134808622624109,2.00054105073497,-0.0107242112509514,0
GFM-MWT,dvc,k_pdc,k_idc,100,1.35935639087853,50,67.9678195439263,1718.24855511479,0.134812712869004,2.00054118037619,-0.0107245359032288,0
GFM-MWT,dvc,k_pdc,k_idc,100,1.84784979742229,50,92.3924898711145,1718.24855511442,0.134818142571522,2.00054141303164,-0.0107249665466859,0
GFM-MWT,dvc,k_pdc,k_idc,100,2.51188643150958,50,125.594321575479,1718.24855511467,0.134825212852505,2.00054182661932,-0.0107255267153328,0
GFM-MWT,dvc,k_pdc,k_idc,100,3.4145488738336,50,170.72744369168,1718.24855511435,0.134834103233968,2.00054254716068,-0.0107262300128934,0
GFM-MWT,dvc,k_pdc,k_idc,100,4.64158883361278,50,232.079441680639,1718.24855511453,0.134844597826377,2.0005437564582,-0.0107270582918432,0
GFM-MWT,dvc,k_pdc,k_idc,100,6.30957344480193,50,315.478672240097,1718.24855511437,0.134855646130497,2.00054566098352,-0.0107279268854084,0
GFM-MWT,dvc,k_pdc,k_idc,100,8.57695898590894,50,428.847949295447,1718.24855511455,0.134865021973221,2.00054837632306,-0.0107286580986631,0
GFM-MWT,dvc,k_pdc,k_idc,100,11.6591440117983,50,582.957200589916,1718.24855511486,0.134869808737942,2.00055174298196,-0.0107290207936837,0
GFM-MWT,dvc,k_pdc,k_idc,100,15.8489319246111,50,792.446596230557,1718.24855511425,0.134868126150113,2.00055526193277,-0.0107288680878379,0
GFM-MWT,dvc,k_pdc,k_idc,100,21.5443469003188,50,1077.21734501594,1718.24855511446,0.134860669775342,2.00055834076119,-0.0107282584867406,0
GFM-MWT,dvc,k_pdc,k_idc,100,29.2864456462524,50,1464.32228231262,1718.2485551143,0.134850108220365,2.00056064298599,-0.0107274060609275,0
GFM-MWT,dvc,k_pdc,k_idc,100,39.8107170553497,50,1990.53585276749,1718.24855511475,0.134839150326796,2.00056217093657,-0.0107265262627367,0
GFM-MWT,dvc,k_pdc,k_idc,100,54.1169526546464,50,2705.84763273232,1718.24855511448,0.134829411832343,2.00056310700342,-0.0107257466314198,0
GFM-MWT,dvc,k_pdc,k_idc,100,73.5642254459641,50,3678.21127229821,1718.24855511464,0.134821458813382,2.0005636531461,-0.0107251111100313,0
GFM-MWT,dvc,k_pdc,k_idc,100,100,50,5000,1718.24855511466,0.134815260828075,2.00056396317423,-0.0107246164522594,0
GFM-MWT+AD,dvc,k_pdc,k_idc,0.01,0.01,0.005,0.5,1718.24855511351,0.247968940553115,1.9354802863878,-0.0203862995125345,0
GFM-MWT+AD,dvc,k_pdc,k_idc,0.01,0.0135935639087853,0.005,0.679678195439263,1718.24855511381,0.175859723805887,1.96223750629575,-0.0142623395097464,0
GFM-MWT+AD,dvc,k_pdc,k_idc,0.01,0.0184784979742229,0.005,0.923924898711145,1718.24855511375,0.122863027689231,1.97220439676948,-0.00991443743611258,0
GFM-MWT+AD,dvc,k_pdc,k_idc,0.01,0.0251188643150958,0.005,1.25594321575479,1718.24855511333,0.0910600526400437,1.97674230308594,-0.00733138962175563,0
GFM-MWT+AD,dvc,k_pdc,k_idc,0.01,0.034145488738336,0.005,1.7072744369168,1718.24855511337,0.0713783627648806,1.97917397201936,-0.00573978452170917,0
GFM-MWT+AD,dvc,k_pdc,k_idc,0.01,0.0464158883361278,0.005,2.32079441680639,1718.24855511392,0.0586380062298717,1.98061979162194,-0.00471187099326553,0
GFM-MWT+AD,dvc,k_pdc,k_idc,0.01,0.0630957344480193,0.005,3.15478672240097,1718.24855511385,0.0500934916515379,1.98153855760967,-0.00402342021158928,0
GFM-MWT+AD,dvc,k_pdc,k_idc,0.01,0.0857695898590894,0.005,4.28847949295447,1718.24855511362,0.0442135817928786,1.98214857172132,-0.0035500697838412,0
GFM-MWT+AD,dvc,k_pdc,k_idc,0.01,0.116591440117983,0.005,5.82957200589916,1718.24855511337,0.0400920218686402,1.98256581490224,-0.00321846082634067,0
GFM-MWT+AD,dvc,k_pdc,k_idc,0.01,0.158489319246111,0.005,7.92446596230557,1718.24855511369,0.0371645307667848,1.9828571466606,-0.00298301492497121,0
GFM-MWT+AD,dvc,k_pdc,k_idc,0.01,0.215443469003188,0.005,10.7721734501594,1718.24855511362,0.0350652693717655,1.98306353638249,-0.00281422594349143,0
GFM-MWT+AD,dvc,k_pdc,k_idc,0.01,0.292864456462524,0.005,14.6432228231262,1718.24855511369,0.0335495069316101,1.98321126957369,-0.00269237604453521,0
GFM-MWT+AD,dvc,k_pdc,k_idc,0.01,0.398107170553497,0.005,19.9053585276749,1718.24855511385,0.0324495629852115,1.98331780508641,-0.00260396534920892,0
GFM-MWT+AD,dvc,k_pdc,k_idc,0.01,0.541169526546464,0.005,27.0584763273232,1718.24855511409,0.0316484480253856,1.98339504537085,-0.00253958015734232,0
GFM-MWT+AD,dvc,k_pdc,k_idc,0.01,0.735642254459641,0.005,36.7821127229821,1718.24855511321,0.0310634197286208,1.98345126500396,-0.00249256512042086,0
GFM-MWT+AD,dvc,k_pdc,k_idc,0.01,1,0.005,50,1718.24855511385,0.0306353585817238,1.98349230125244,-0.0024581663450155,0
GFM-MWT+AD,dvc,k_pdc,k_idc,0.01,1.35935639087853,0.005,67.9678195439263,1718.24855511397,0.0303217009596493,1.98352231703269,-0.002432961941688,0
GFM-MWT+AD,dvc,k_pdc,k_idc,0.01,1.84784979742229,0.005,92.3924898711145,1718.24855511387,0.030091630322918,1.98354430536923,-0.00241447480590044,0
GFM-MWT+AD,dvc,k_pdc,k_idc,0.01,2.51188643150958,0.005,125.594321575479,1718.2485551138,0.0299227415714716,1.98356043110736,-0.00240090416775047,0
GFM-MWT+AD,dvc,k_pdc,k_idc,0.01,3.4145488738336,0.005,170.72744369168,1718.24855511395,0.0297986946591444,1.98357226701102,-0.00239093683441392,0
GFM-MWT+AD,dvc,k_pdc,k_idc,0.01,4.64158883361278,0.005,232.079441680639,1718.24855511396,0.0297075457801546,1.98358095952109,-0.00238361298222124,0
GFM-MWT+AD,dvc,k_pdc,k_idc,0.01,6.30957344480193,0.005,315.478672240097,1718.24855511391,0.0296405496587462,1.98358734626326,-0.00237822985821701,0
GFM-MWT+AD,dvc,k_pdc,k_idc,0.01,8.57695898590894,0.005,428.847949295447,1718.24855511371,0.0295912952256965,1.98359204039448,-0.00237427229860123,0
GFM-MWT+AD,dvc,k_pdc,k_idc,0.01,11.6591440117983,0.005,582.957200589916,1718.24855511366,0.0295550782187703,1.98359549130579,-0.00237136229987494,0
GFM-MWT+AD,dvc,k_pdc,k_idc,0.01,15.8489319246111,0.005,792.446596230557,1718.24855511378,0.0295284444574269,1.9835980287119,-0.00236922231180177,0
GFM-MWT+AD,dvc,k_pdc,k_idc,0.01,21.5443469003188,0.005,1077.21734501594,1718.24855511354,0.0295088563911536,1.98359989465825,-0.00236764843989005,0
GFM-MWT+AD,dvc,k_pdc,k_idc,0.01,29.2864456462524,0.005,1464.32228231262,1718.24855511363,0.0294944492223727,1.98360126697115,-0.00236649084736849,0
GFM-MWT+AD,dvc,k_pdc,k_idc,0.01,39.8107170553497,0.005,1990.53585276749,1718.24855511316,0.0294838521157033,1.98360227630442,-0.00236563938821723,0
GFM-MWT+AD,dvc,k_pdc,k_idc,0.01,54.1169526546464,0.005,2705.84763273232,1718.24855511356,0.0294760572080139,1.98360301870648,-0.00236501308148527,0
GFM-MWT+AD,dvc,k_pdc,k_idc,0.01,73.5642254459641,0.005,3678.21127229821,1718.2485551137,0.0294703233556295,1.98360356478996,-0.0023645523771396,0
GFM-MWT+AD,dvc,k_pdc,k_idc,0.01,100,0.005,5000,1718.24855511376,0.0294661055345582,1.9836039664858,-0.00236421348324724,0
GFM-MWT+AD,dvc,k_pdc,k_idc,0.0135935639087853,0.01,0.00679678195439263,0.5,1718.24855511368,0.210296849983696,1.93481530214948,-0.0172961090636959,0
GFM-MWT+AD,dvc,k_pdc,k_idc,0.0135935639087853,0.0135935639087853,0.00679678195439263,0.679678195439263,1718.24855511338,0.16540162452626,1.9612432297971,-0.0134211375507235,0
GFM-MWT+AD,dvc,k_pdc,k_idc,0.0135935639087853,0.0184784979742229,0.00679678195439263,0.923924898711145,1718.24855511329,0.119606400532488,1.97172418483206,-0.00965401901537803,0
GFM-MWT+AD,dvc,k_pdc,k_idc,0.0135935639087853,0.0251188643150958,0.00679678195439263,1.25594321575479,1718.24855511335,0.0898548167345606,1.97652231940787,-0.0072351644053272,0
GFM-MWT+AD,dvc,k_pdc,k_idc,0.0135935639087853,0.034145488738336,0.00679678195439263,1.7072744369168,1718.24855511345,0.0708743164925787,1.97906995246867,-0.00569955325614104,0
GFM-MWT+AD,dvc,k_pdc,k_idc,0.0135935639087853,0.0464158883361278,0.00679678195439263,2.32079441680639,1718.24855511345,0.0584095940576259,1.98056888216193,-0.00469363792542018,0
GFM-MWT+AD,dvc,k_pdc,k_idc,0.0135935639087853,0.0630957344480193,0.00679678195439263,3.15478672240097,1718.24855511394,0.0499843238328246,1.98151295793891,-0.00401470405338196,0
GFM-MWT+AD,dvc,k_pdc,k_idc,0.0135935639087853,0.0857695898590894,0.00679678195439263,4.28847949295447,1718.24855511361,0.0441594862289112,1.98213543935154,-0.0035457497997317,0
GFM-MWT+AD,dvc,k_pdc,k_idc,0.0135935639087853,0.116591440117983,0.00679678195439263,5.82957200589916,1718.24855511312,0.0400645372606095,1.98255897963344,-0.00321626556025569,0
GFM-MWT+AD,dvc,k_pdc,k_idc,0.0135935639087853,0.158489319246111,0.00679678195439263,7.92446596230557,1718.2485551133,0.0371503188214124,1.98285355131602,-0.00298187961858159,0
GFM-MWT+AD,dvc,k_pdc,k_idc,0.0135935639087853,0.215443469003188,0.00679678195439263,10.7721734501594,1718.24855511392,0.0350578280094265,1.9830616307121,-0.00281363143217109,0
GFM-MWT+AD,dvc,k_pdc,k_idc,0.0135935639087853,0.292864456462524,0.00679678195439263,14.6432228231262,1718.24855511355,0.033545575508505,1.98321025385813,-0.00269206192557167,0
GFM-MWT+AD,dvc,k_pdc,k_idc,0.0135935639087853,0.398107170553497,0.00679678195439263,19.9053585276749,1718.24855511389,0.0324474724220187,1.98331726151343,-0.00260379830349571,0
GFM-MWT+AD,dvc,k_pdc,k_idc,0.0135935639087853,0.541169526546464,0.00679678195439263,27.0584763273232,1718.24855511347,0.03164733110568,1.98339475360519,-0.00253949090601466,0
GFM-MWT+AD,dvc,k_pdc,k_idc,0.0135935639087853,0.735642254459641,0.00679678195439263,36.7821127229821,1718.24855511341,0.031062820967056,1.98345110806255,-0.00249251727261153,0
GFM-MWT+AD,dvc,k_pdc,k_idc,0.0135935639087853,1,0.00679678195439263,50,1718.24855511362,0.0306350367549333,1.98349221668592,-0.00245814062674822,0
GFM-MWT+AD,dvc,k_pdc,k_idc,0.0135935639087853,1.35935639087853,0.00679678195439263,67.9678195439263,1718.24855511393,0.0303215276715965,1.98352227141746,-0.00243294809338075,0
GFM-MWT+AD,dvc,k_pdc,k_idc,0.0135935639087853,1.84784979742229,0.00679678195439263,92.3924898711145,1718.24855511363,0.0300915369008699,1.98354428074317,-0.00241446733997581,0
GFM-MWT+AD,dvc,k_pdc,k_idc,0.0135935639087853,2.51188643150958,0.00679678195439263,125.594321575479,1718.24855511393,0.0299226911465533,1.98356041779903,-0.00240090013794947,0
GFM-MWT+AD,dvc,k_pdc,k_idc,0.0135935639087853,3.4145488738336,0.00679678195439263,170.72744369168,1718.24855511354,0.0297986674273383,1.98357225982452,-0.00239093465810953,0
GFM-MWT+AD,dvc,k_pdc,k_idc,0.0135935639087853,4.64158883361278,0.00679678195439263,232.079441680639,1718.24855511377,0.0297075310104582,1.98358095562198,-0.00238361180185286,0
GFM-MWT+AD,dvc,k_pdc,k_idc,0.0135935639087853,6.30957344480193,0.00679678195439263,315.478672240097,1718.24855511343,0.0296405416757912,1.98358734415403,-0.00237822922023161,0
GFM-MWT+AD,dvc,k_pdc,k_idc,0.0135935639087853,8.57695898590894,0.00679678195439263,428.847949295447,1718.24855511359,0.0295912909139742,1.98359203925183,-0.00237427195401768,0
GFM-MWT+AD,dvc,k_pdc,k_idc,0.0135935639087853,11.6591440117983,0.00679678195439263,582.957200589916,1718.2485551139,0.0295550759102485,1.98359549069466,-0.0023713621153815,0
GFM-MWT+AD,dvc,k_pdc,k_idc,0.0135935639087853,15.8489319246111,0.00679678195439263,792.446596230557,1718.24855511391,0.0295284431953466,1.98359802837619,-0.00236922221093998,0
GFM-MWT+AD,dvc,k_pdc,k_idc,0.0135935639087853,21.5443469003188,0.00679678195439263,1077.21734501594,1718.24855511341,0.0295088557129626,1.98359989448022,-0.00236764838568808,0
GFM-MWT+AD,dvc,k_pdc,k_idc,0.0135935639087853,29.2864456462524,0.00679678195439263,1464.32228231262,1718.24855511345,0.0294944488549096,1.98360126687523,-0.00236649081799964,0
GFM-MWT+AD,dvc,k_pdc,k_idc,0.0135935639087853,39.8107170553497,0.00679678195439263,1990.53585276749,1718.24855511358,0.0294838519186522,1.9836022762554,-0.00236563937246537,0
GFM-MWT+AD,dvc,k_pdc,k_idc,0.0135935639087853,54.1169526546464,0.00679678195439263,2705.84763273232,1718.24855511315,0.0294760570931059,1.98360301867603,-0.00236501307230197,0
GFM-MWT+AD,dvc,k_pdc,k_idc,0.0135935639087853,73.5642254459641,0.00679678195439263,3678.21127229821,1718.24855511396,0.0294703233118065,1.98360356478163,-0.00236455237363341,0
GFM-MWT+AD,dvc,k_pdc,k_idc,0.0135935639087853,100,0.00679678195439263,5000,1718.24855511355,0.029466105515964,1.98360396648344,-0.00236421348175816,0
GFM-MWT+AD,dvc,k_pdc,k_idc,0.0184784979742229,0.01,0.00923924898711145,0.5,1718.24855511351,0.163962524132811,1.93534436289268,-0.0134823935424822,0
GFM-MWT+AD,dvc,k_pdc,k_idc,0.0184784979742229,0.0135935639087853,0.00923924898711145,0.679678195439263,1718.24855511318,0.150840287984086,1.96024260941458,-0.0122460236110416,0
GFM-MWT+AD,dvc,k_pdc,k_idc,0.0184784979742229,0.0184784979742229,0.00923924898711145,0.923924898711145,1718.24855511351,0.114921781384355,1.97114374181745,-0.00927866488333991,0
GFM-MWT+AD,dvc,k_pdc,k_idc,0.0184784979742229,0.0251188643150958,0.00923924898711145,1.25594321575479,1718.24855511347,0.0881244388405564,1.9762404329291,-0.00709685249460455,0
GFM-MWT+AD,dvc,k_pdc,k_idc,0.0184784979742229,0.034145488738336,0.00923924898711145,1.7072744369168,1718.24855511348,0.0701576993811805,1.97893325714903,-0.00564231606736379,0
GFM-MWT+AD,dvc,k_pdc,k_idc,0.0184784979742229,0.0464158883361278,0.00923924898711145,2.32079441680639,1718.24855511308,0.0580880975364979,1.98050111566544,-0.00466796360791612,0
GFM-MWT+AD,dvc,k_pdc,k_idc,0.0184784979742229,0.0630957344480193,0.00923924898711145,3.15478672240097,1718.2485551136,0.0498319581421116,1.9814786328189,-0.00400253568328468,0
GFM-MWT+AD,dvc,k_pdc,k_idc,0.0184784979742229,0.0857695898590894,0.00923924898711145,4.28847949295447,1718.24855511356,0.0440844840521424,1.98211775259518,-0.00353975922202719,0
GFM-MWT+AD,dvc,k_pdc,k_idc,0.0184784979742229,0.116591440117983,0.00923924898711145,5.82957200589916,1718.24855511348,0.0400266228966352,1.98254974757194,-0.00321323689857855,0
GFM-MWT+AD,dvc,k_pdc,k_idc,0.0184784979742229,0.158489319246111,0.00923924898711145,7.92446596230557,1718.2485551137,0.0371307882153991,1.98284868602123,-0.00298031931623486,0
GFM-MWT+AD,dvc,k_pdc,k_idc,0.0184784979742229,0.215443469003188,0.00923924898711145,10.7721734501594,1718.24855511329,0.0350476308196848,1.98305904857584,-0.00281281670667636,0
GFM-MWT+AD,dvc,k_pdc,k_idc,0.0184784979742229,0.292864456462524,0.00923924898711145,14.6432228231262,1718.24855511356,0.0335401994624553,1.98320887633861,-0.00269163236584527,0
GFM-MWT+AD,dvc,k_pdc,k_idc,0.0184784979742229,0.398107170553497,0.00923924898711145,19.9053585276749,1718.24855511394,0.032444618125907,1.98331652383534,-0.00260357022595062,0
GFM-MWT+AD,dvc,k_pdc,k_idc,0.0184784979742229,0.541169526546464,0.00923924898711145,27.0584763273232,1718.24855511366,0.0316458078792614,1.98339435746553,-0.00253936918504604,0
GFM-MWT+AD,dvc,k_pdc,k_idc,0.0184784979742229,0.735642254459641,0.00923924898711145,36.7821127229821,1718.24855511357,0.0310620050628361,1.98345089489932,-0.00249245207176879,0
GFM-MWT+AD,dvc,k_pdc,k_idc,0.0184784979742229,1,0.00923924898711145,50,1718.24855511351,0.030634598529511,1.98349210181155,-0.00245810560632425,0
GFM-MWT+AD,dvc,k_pdc,k_idc,0.0184784979742229,1.35935639087853,0.00923924898711145,67.9678195439263,1718.24855511408,0.0303212918136391,1.98352220944093,-0.00243292924466733,0
GFM-MWT+AD,dvc,k_pdc,k_idc,0.0184784979742229,1.84784979742229,0.00923924898711145,92.3924898711145,1718.24855511364,0.030091409762506,1.98354424727594,-0.0024144571795183,0
GFM-MWT+AD,dvc,k_pdc,k_idc,0.0184784979742229,2.51188643150958,0.00923924898711145,125.594321575479,1718.24855511352,0.0299226225443596,1.98356039971796,-0.00240089465544778,0
GFM-MWT+AD,dvc,k_pdc,k_idc,0.0184784979742229,3.4145488738336,0.00923924898711145,170.72744369168,1718.24855511378,0.0297986303834529,1.98357225005081,-0.00239093169764325,0
GFM-MWT+AD,dvc,k_pdc,k_idc,0.0184784979742229,4.64158883361278,0.00923924898711145,232.079441680639,1718.24855511429,0.0297075110375344,1.9835809503489,-0.00238361020565204,0
GFM-MWT+AD,dvc,k_pdc,k_idc,0.0184784979742229,6.30957344480193,0.00923924898711145,315.478672240097,1718.24855511395,0.0296405308809609,1.98358734130592,-0.00237822835752061,0
GFM-MWT+AD,dvc,k_pdc,k_idc,0.0184784979742229,8.57695898590894,0.00923924898711145,428.847949295447,1718.24855511385,0.0295912850754581,1.98359203771073,-0.00237427148740869,0
GFM-MWT+AD,dvc,k_pdc,k_idc,0.0184784979742229,11.6591440117983,0.00923924898711145,582.957200589916,1718.24855511372,0.0295550727255542,1.98359548985371,-0.00237136186086319,0
GFM-MWT+AD,dvc,k_pdc,k_idc,0.0184784979742229,15.8489319246111,0.00923924898711145,792.446596230557,1718.24855511389,0.0295284414718437,1.98359802791958,-0.00236922207320044,0
GFM-MWT+AD,dvc,k_pdc,k_idc,0.0184784979742229,21.5443469003188,0.00923924898711145,1077.21734501594,1718.24855511318,0.0295088547872242,1.98359989423818,-0.0023676483117006,0
GFM-MWT+AD,dvc,k_pdc,k_idc,0.0184784979742229,29.2864456462524,0.00923924898711145,1464.32228231262,1718.24855511343,0.0294944483668096,1.9836012667453,-0.0023664907789921,0
GFM-MWT+AD,dvc,k_pdc,k_idc,0.0184784979742229,39.8107170553497,0.00923924898711145,1990.53585276749,1718.24855511335,0.0294838516435318,1.98360227617914,-0.00236563935048213,0
GFM-MWT+AD,dvc,k_pdc,k_idc,0.0184784979742229,54.1169526546464,0.00923924898711145,2705.84763273232,1718.24855511306,0.0294760569666142,1.98360301864345,-0.0023650130621918,0
GFM-MWT+AD,dvc,k_pdc,k_idc,0.0184784979742229,73.5642254459641,0.00923924898711145,3678.21127229821,1718.24855511352,0.0294703232360976,1.98360356476128,-0.00236455236758318,0
GFM-MWT+AD,dvc,k_pdc,k_idc,0.0184784979742229,100,0.00923924898711145,5000,1718.24855511347,0.0294661054549201,1.98360396646587,-0.00236421347688128,0
GFM-MWT+AD,dvc,k_pdc,k_idc,0.0251188643150958,0.01,0.0125594321575479,0.5,1718.24855511353,0.112100931260147,1.93790366410883,-0.00920616519209653,0
GFM-MWT+AD,dvc,k_pdc,k_idc,0.0251188643150958,0.0135935639087853,0.0125594321575479,0.679678195439263,1718.24855511354,0.131267650682686,1.95948408039678,-0.0106613308684227,0
GFM-MWT+AD,dvc,k_pdc,k_idc,0.0251188643150958,0.0184784979742229,0.0125594321575479,0.923924898711145,1718.24855511377,0.108218152340377,1.97049313700328,-0.00874034811880287,0
GFM-MWT+AD,dvc,k_pdc,k_idc,0.0251188643150958,0.0251188643150958,0.0125594321575479,1.25594321575479,1718.2485551134,0.0856249808479955,1.97589096628777,-0.00689679495382942,0
GFM-MWT+AD,dvc,k_pdc,k_idc,0.0251188643150958,0.034145488738336,0.0125594321575479,1.7072744369168,1718.24855511308,0.0691296723800192,1.9787566782226,-0.005560137395451,0
GFM-MWT+AD,dvc,k_pdc,k_idc,0.0251188643150958,0.0464158883361278,0.0125594321575479,2.32079441680639,1718.24855511368,0.0576316111973494,1.9804117943621,-0.0046314900008514,0
GFM-MWT+AD,dvc,k_pdc,k_idc,0.0251188643150958,0.0630957344480193,0.0125594321575479,3.15478672240097,1718.24855511343,0.0496177063460004,1.98143288559883,-0.00398541912345531,0
GFM-MWT+AD,dvc,k_pdc,k_idc,0.0251188643150958,0.0857695898590894,0.0125594321575479,4.28847949295447,1718.24855511315,0.0439798670810871,1.982094024488,-0.00353140139190816,0
GFM-MWT+AD,dvc,k_pdc,k_idc,0.0251188643150958,0.116591440117983,0.0125594321575479,5.82957200589916,1718.24855511342,0.0399740743819379,1.98253731059673,-0.00320903860988595,0
GFM-MWT+AD,dvc,k_pdc,k_idc,0.0251188643150958,0.158489319246111,0.0125594321575479,7.92446596230557,1718.24855511335,0.0371038517328961,1.98284211390501,-0.00297816713760122,0
GFM-MWT+AD,dvc,k_pdc,k_idc,0.0251188643150958,0.215443469003188,0.0125594321575479,10.7721734501594,1718.24855511347,0.0350336190945169,1.98305555416146,-0.00281169713148727,0
GFM-MWT+AD,dvc,k_pdc,k_idc,0.0251188643150958,0.292864456462524,0.0125594321575479,14.6432228231262,1718.24855511387,0.0335328329175195,1.98320700976507,-0.00269104373076954,0
GFM-MWT+AD,dvc,k_pdc,k_idc,0.0251188643150958,0.398107170553497,0.0125594321575479,19.9053585276749,1718.24855511397,0.0324407151082441,1.98331552337435,-0.00260325833735871,0
GFM-MWT+AD,dvc,k_pdc,k_idc,0.0251188643150958,0.541169526546464,0.0125594321575479,27.0584763273232,1718.24855511389,0.031643728218326,1.98339381986339,-0.00253920299517909,0
GFM-MWT+AD,dvc,k_pdc,k_idc,0.0251188643150958,0.735642254459641,0.0125594321575479,36.7821127229821,1718.24855511334,0.0310608923328516,1.98345060547384,-0.0024923631492355,0
GFM-MWT+AD,dvc,k_pdc,k_idc,0.0251188643150958,1,0.0125594321575479,50,1718.24855511389,0.0306340013660944,1.98349194578513,-0.0024580578838612,0
GFM-MWT+AD,dvc,k_pdc,k_idc,0.0251188643150958,1.35935639087853,0.0125594321575479,67.9678195439263,1718.24855511414,0.030320970635608,1.98352212524384,-0.00243290357730904,0
GFM-MWT+AD,dvc,k_pdc,k_idc,0.0251188643150958,1.84784979742229,0.0125594321575479,92.3924898711145,1718.24855511406,0.0300912367455446,1.9835442018061,-0.00241444335251132,0
GFM-MWT+AD,dvc,k_pdc,k_idc,0.0251188643150958,2.51188643150958,0.0125594321575479,125.594321575479,1718.24855511363,0.0299225292276559,1.98356037515112,-0.00240088719779518,0
GFM-MWT+AD,dvc,k_pdc,k_idc,0.0251188643150958,3.4145488738336,0.0125594321575479,170.72744369168,1718.24855511399,0.0297985800379104,1.98357223677287,-0.0023909276741312,0
GFM-MWT+AD,dvc,k_pdc,k_idc,0.0251188643150958,4.64158883361278,0.0125594321575479,232.079441680639,1718.2485551136,0.029707483810537,1.98358094315996,-0.00238360802971927,0
GFM-MWT+AD,dvc,k_pdc,k_idc,0.0251188643150958,6.30957344480193,0.0125594321575479,315.478672240097,1718.24855511375,0.0296405161858326,1.98358733742389,-0.00237822718310792,0
GFM-MWT+AD,dvc,k_pdc,k_idc,0.0251188643150958,8.57695898590894,0.0125594321575479,428.847949295447,1718.24855511384,0.0295912771365583,1.98359203561036,-0.00237427085294475,0
GFM-MWT+AD,dvc,k_pdc,k_idc,0.0251188643150958,11.6591440117983,0.0125594321575479,582.957200589916,1718.2485551137,0.0295550684303112,1.98359548871929,-0.00237136151759094,0
GFM-MWT+AD,dvc,k_pdc,k_idc,0.0251188643150958,15.8489319246111,0.0125594321575479,792.446596230557,1718.24855511388,0.0295284391845041,1.98359802731691,-0.00236922189039601,0
GFM-MWT+AD,dvc,k_pdc,k_idc,0.0251188643150958,21.5443469003188,0.0125594321575479,1077.21734501594,1718.24855511343,0.0295088535293333,1.98359989390439,-0.00236764821117248,0
GFM-MWT+AD,dvc,k_pdc,k_idc,0.0251188643150958,29.2864456462524,0.0125594321575479,1464.32228231262,1718.24855511357,0.0294944476578554,1.98360126655835,-0.00236649072233243,0
GFM-MWT+AD,dvc,k_pdc,k_idc,0.0251188643150958,39.8107170553497,0.0125594321575479,1990.53585276749,1718.24855511367,0.0294838512808497,1.98360227608557,-0.00236563932149406,0
GFM-MWT+AD,dvc,k_pdc,k_idc,0.0251188643150958,54.1169526546464,0.0125594321575479,2705.84763273232,1718.2485551141,0.0294760567730794,1.98360301859347,-0.00236501304672321,0
GFM-MWT+AD,dvc,k_pdc,k_idc,0.0251188643150958,73.5642254459641,0.0125594321575479,3678.21127229821,1718.24855511352,0.029470323118133,1.98360356472792,-0.00236455235815811,0
GFM-MWT+AD,dvc,k_pdc,k_idc,0.0251188643150958,100,0.0125594321575479,5000,1718.24855511341,0.0294661054125824,1.98360396645476,-0.00236421347349757,0
GFM-MWT+AD,dvc,k_pdc,k_idc,0.034145488738336,0.01,0.017072744369168,0.5,1718.24855511321,0.0625270014918715,1.94302140739801,-0.00512158579855695,0
GFM-MWT+AD,dvc,k_pdc,k_idc,0.034145488738336,0.0135935639087853,0.017072744369168,0.679678195439263,1718.2485551136,0.106654370225114,1.95937823269641,-0.00866291815965023,0
GFM-MWT+AD,dvc,k_pdc,k_idc,0.034145488738336,0.0184784979742229,0.017072744369168,0.923924898711145,1718.24855511316,0.0988235487027238,1.96986368224024,-0.00798418443244139,0
GFM-MWT+AD,dvc,k_pdc,k_idc,0.034145488738336,0.0251188643150958,0.017072744369168,1.25594321575479,1718.24855511277,0.0820150121364502,1.9754817371837,-0.00660740588266752,0
GFM-MWT+AD,dvc,k_pdc,k_idc,0.034145488738336,0.034145488738336,0.017072744369168,1.7072744369168,1718.24855511334,0.0676439134820989,1.97853488366649,-0.00544125044995887,0
GFM-MWT+AD,dvc,k_pdc,k_idc,0.034145488738336,0.0464158883361278,0.017072744369168,2.32079441680639,1718.24855511322,0.0569774693056111,1.98029586930186,-0.00457918988217656,0
GFM-MWT+AD,dvc,k_pdc,k_idc,0.034145488738336,0.0630957344480193,0.017072744369168,3.15478672240097,1718.24855511368,0.0493138107771358,1.98137247395083,-0.00396113061873543,0
GFM-MWT+AD,dvc,k_pdc,k_idc,0.034145488738336,0.0857695898590894,0.017072744369168,4.28847949295447,1718.24855511348,0.0438328633848925,1.98206237483009,-0.00351965395008321,0
GFM-MWT+AD,dvc,k_pdc,k_idc,0.034145488738336,0.116591440117983,0.017072744369168,5.82957200589916,1718.24855511344,0.0399008094071345,1.98252061924944,-0.00320318407280543,0
GFM-MWT+AD,dvc,k_pdc,k_idc,0.034145488738336,0.158489319246111,0.017072744369168,7.92446596230557,1718.24855511357,0.0370665280377814,1.98283325869478,-0.00297518463792184,0
GFM-MWT+AD,dvc,k_pdc,k_idc,0.034145488738336,0.215443469003188,0.017072744369168,10.7721734501594,1718.24855511344,0.035014297048976,1.98305083343232,-0.00281015310175082,0
GFM-MWT+AD,dvc,k_pdc,k_idc,0.034145488738336,0.292864456462524,0.017072744369168,14.6432228231262,1718.24855511312,0.0335227115429977,1.98320448362272,-0.00269023491282057,0
GFM-MWT+AD,dvc,k_pdc,k_idc,0.034145488738336,0.398107170553497,0.017072744369168,19.9053585276749,1718.2485551138,0.032435367260949,1.98331416770055,-0.00260283097262257,0
GFM-MWT+AD,dvc,k_pdc,k_idc,0.034145488738336,0.541169526546464,0.017072744369168,27.0584763273232,1718.2485551138,0.0316408845880722,1.98339309076102,-0.00253897574718187,0
GFM-MWT+AD,dvc,k_pdc,k_idc,0.034145488738336,0.735642254459641,0.017072744369168,36.7821127229821,1718.2485551135,0.0310593731991939,1.98345021271206,-0.00249224174640035,0
GFM-MWT+AD,dvc,k_pdc,k_idc,0.034145488738336,1,0.017072744369168,50,1718.24855511349,0.0306331870379584,1.98349173395445,-0.00245799280545305,0
GFM-MWT+AD,dvc,k_pdc,k_idc,0.034145488738336,1.35935639087853,0.017072744369168,67.9678195439263,1718.24855511384,0.0303205330161873,1.98352201089264,-0.00243286860392763,0
GFM-MWT+AD,dvc,k_pdc,k_idc,0.034145488738336,1.84784979742229,0.017072744369168,92.3924898711145,1718.24855511377,0.0300910011398605,1.98354414003906,-0.00241442452341222,0
GFM-MWT+AD,dvc,k_pdc,k_idc,0.034145488738336,2.51188643150958,0.017072744369168,125.594321575479,1718.24855511383,0.0299224021910691,1.98356034176619,-0.00240087704525657,0
GFM-MWT+AD,dvc,k_pdc,k_idc,0.034145488738336,3.4145488738336,0.017072744369168,170.72744369168,1718.24855511415,0.0297985114667935,1.98357221872516,-0.00239092219402415,0
GFM-MWT+AD,dvc,k_pdc,k_idc,0.034145488738336,4.64158883361278,0.017072744369168,232.079441680639,1718.24855511375,0.0297074468242025,1.98358093341135,-0.00238360507381716,0
GFM-MWT+AD,dvc,k_pdc,k_idc,0.034145488738336,6.30957344480193,0.017072744369168,315.478672240097,1718.24855511329,0.0296404961708419,1.98358733214123,-0.00237822558353408,0
GFM-MWT+AD,dvc,k_pdc,k_idc,0.034145488738336,8.57695898590894,0.017072744369168,428.847949295447,1718.24855511356,0.0295912663150362,1.98359203275692,-0.00237426998809485,0
GFM-MWT+AD,dvc,k_pdc,k_idc,0.034145488738336,11.6591440117983,0.017072744369168,582.957200589916,1718.24855511354,0.029555062589903,1.98359548717489,-0.00237136105083263,0
GFM-MWT+AD,dvc,k_pdc,k_idc,0.034145488738336,15.8489319246111,0.017072744369168,792.446596230557,1718.24855511372,0.0295284360107448,1.98359802647693,-0.00236922163675332,0
GFM-MWT+AD,dvc,k_pdc,k_idc,0.034145488738336,21.5443469003188,0.017072744369168,1077.21734501594,1718.24855511365,0.0295088518327375,1.98359989345488,-0.00236764807558311,0
GFM-MWT+AD,dvc,k_pdc,k_idc,0.034145488738336,29.2864456462524,0.017072744369168,1464.32228231262,1718.24855511389,0.02949444674774,1.98360126631801,-0.00236649064959635,0
GFM-MWT+AD,dvc,k_pdc,k_idc,0.034145488738336,39.8107170553497,0.017072744369168,1990.53585276749,1718.24855511346,0.0294838507858057,1.98360227595423,-0.00236563928193102,0
GFM-MWT+AD,dvc,k_pdc,k_idc,0.034145488738336,54.1169526546464,0.017072744369168,2705.84763273232,1718.24855511339,0.0294760565091425,1.98360301852226,-0.00236501302563124,0
GFM-MWT+AD,dvc,k_pdc,k_idc,0.034145488738336,73.5642254459641,0.017072744369168,3678.21127229821,1718.24855511326,0.0294703229757394,1.98360356468919,-0.00236455234677939,0
GFM-MWT+AD,dvc,k_pdc,k_idc,0.034145488738336,100,0.017072744369168,5000,1718.2485551134,0.0294661053396135,1.98360396643461,-0.00236421346766696,0
GFM-MWT+AD,dvc,k_pdc,k_idc,0.0464158883361278,0.01,0.0232079441680639,0.5,1718.24855511329,0.0252121688003653,1.9501610401606,-0.00205759048298349,0
GFM-MWT+AD,dvc,k_pdc,k_idc,0.0464158883361278,0.0135935639087853,0.0232079441680639,0.679678195439263,1718.2485551136,0.0789595645074477,1.96040230939249,-0.00641018771743537,0
GFM-MWT+AD,dvc,k_pdc,k_idc,0.0464158883361278,0.0184784979742229,0.0232079441680639,0.923924898711145,1718.24855511395,0.0862604765641608,1.96944236389305,-0.00697072833321592,0
GFM-MWT+AD,dvc,k_pdc,k_idc,0.0464158883361278,0.0251188643150958,0.0232079441680639,1.25594321575479,1718.24855511396,0.0768663259433957,1.9750506383312,-0.00619397843132409,0
GFM-MWT+AD,dvc,k_pdc,k_idc,0.0464158883361278,0.034145488738336,0.0232079441680639,1.7072744369168,1718.24855511369,0.065491051387908,1.97826929094782,-0.00526878718099055,0
GFM-MWT+AD,dvc,k_pdc,k_idc,0.0464158883361278,0.0464158883361278,0.0232079441680639,2.32079441680639,1718.24855511359,0.056032443451794,1.98014914804676,-0.00450357485473136,0
GFM-MWT+AD,dvc,k_pdc,k_idc,0.0464158883361278,0.0630957344480193,0.0232079441680639,3.15478672240097,1718.248555114,0.0488787487473519,1.98129383810903,-0.00392634063763755,0
GFM-MWT+AD,dvc,k_pdc,k_idc,0.0464158883361278,0.0857695898590894,0.0232079441680639,4.28847949295447,1718.24855511362,0.043624517116025,1.98202052801689,-0.00350299850158676,0
GFM-MWT+AD,dvc,k_pdc,k_idc,0.0464158883361278,0.116591440117983,0.0232079441680639,5.82957200589916,1718.24855511347,0.0397979144877108,1.98249834322403,-0.00319495978841801,0
GFM-MWT+AD,dvc,k_pdc,k_idc,0.0464158883361278,0.158489319246111,0.0232079441680639,7.92446596230557,1718.24855511399,0.0370145068155143,1.98282137126397,-0.00297102694725805,0
GFM-MWT+AD,dvc,k_pdc,k_idc,0.0464158883361278,0.215443469003188,0.0232079441680639,10.7721734501594,1718.24855511337,0.034987529105197,1.98304447196238,-0.00280801380349538,0
GFM-MWT+AD,dvc,k_pdc,k_idc,0.0464158883361278,0.292864456462524,0.0232079441680639,14.6432228231262,1718.24855511367,0.0335087557413205,1.98320107073547,-0.00268911957996318,0
GFM-MWT+AD,dvc,k_pdc,k_idc,0.0464158883361278,0.398107170553497,0.0232079441680639,19.9053585276749,1718.2485551136,0.0324280199217883,1.98331233292059,-0.00260224378428295,0
GFM-MWT+AD,dvc,k_pdc,k_idc,0.0464158883361278,0.541169526546464,0.0232079441680639,27.0584763273232,1718.24855511363,0.0316369883773648,1.98339210276474,-0.00253866436814857,0
GFM-MWT+AD,dvc,k_pdc,k_idc,0.0464158883361278,0.735642254459641,0.0232079441680639,36.7821127229821,1718.24855511323,0.0310572960181263,1.98344968002481,-0.00249207574119191,0
GFM-MWT+AD,dvc,k_pdc,k_idc,0.0464158883361278,1,0.0232079441680639,50,1718.24855511386,0.0306320752755969,1.98349144648003,-0.00245790395492313,0
GFM-MWT+AD,dvc,k_pdc,k_idc,0.0464158883361278,1.35935639087853,0.0232079441680639,67.9678195439263,1718.24855511356,0.0303199362090206,1.98352185563352,-0.00243282090783379,0
GFM-MWT+AD,dvc,k_pdc,k_idc,0.0464158883361278,1.84784979742229,0.0232079441680639,92.3924898711145,1718.2485551136,0.0300906800971453,1.9835440561489,-0.00241439886603251,0
GFM-MWT+AD,dvc,k_pdc,k_idc,0.0464158883361278,2.51188643150958,0.0232079441680639,125.594321575479,1718.24855511405,0.0299222292306771,1.98356029642307,-0.00240086322243467,0
GFM-MWT+AD,dvc,k_pdc,k_idc,0.0464158883361278,3.4145488738336,0.0232079441680639,170.72744369168,1718.24855511424,0.0297984181635427,1.98357219420542,-0.00239091473731458,0
GFM-MWT+AD,dvc,k_pdc,k_idc,0.0464158883361278,4.64158883361278,0.0232079441680639,232.079441680639,1718.24855511391,0.0297073964312831,1.98358092014468,-0.00238360104645863,0
GFM-MWT+AD,dvc,k_pdc,k_idc,0.0464158883361278,6.30957344480193,0.0232079441680639,315.478672240097,1718.24855511364,0.0296404689426193,1.98358732496306,-0.00237822340747751,0
GFM-MWT+AD,dvc,k_pdc,k_idc,0.0464158883361278,8.57695898590894,0.0232079441680639,428.847949295447,1718.24855511386,0.0295912516095718,1.98359202887463,-0.00237426881284814,0
GFM-MWT+AD,dvc,k_pdc,k_idc,0.0464158883361278,11.6591440117983,0.0232079441680639,582.957200589916,1718.24855511328,0.0295550546244496,1.98359548507106,-0.0023713604142403,0
GFM-MWT+AD,dvc,k_pdc,k_idc,0.0464158883361278,15.8489319246111,0.0232079441680639,792.446596230557,1718.24855511353,0.0295284317154625,1.98359802534099,-0.00236922129347894,0
GFM-MWT+AD,dvc,k_pdc,k_idc,0.0464158883361278,21.5443469003188,0.0232079441680639,1077.21734501594,1718.24855511342,0.0295088495009459,1.98359989283983,-0.00236764788922656,0
GFM-MWT+AD,dvc,k_pdc,k_idc,0.0464158883361278,29.2864456462524,0.0232079441680639,1464.32228231262,1718.24855511364,0.0294944454787074,1.98360126598408,-0.0023664905481743,0
GFM-MWT+AD,dvc,k_pdc,k_idc,0.0464158883361278,39.8107170553497,0.0232079441680639,1990.53585276749,1718.24855511331,0.0294838501030521,1.9836022757731,-0.00236563922736654,0
GFM-MWT+AD,dvc,k_pdc,k_idc,0.0464158883361278,54.1169526546464,0.0232079441680639,2705.84763273232,1718.24855511386,0.0294760561159511,1.98360301841918,-0.00236501299420657,0
GFM-MWT+AD,dvc,k_pdc,k_idc,0.0464158883361278,73.5642254459641,0.0232079441680639,3678.21127229821,1718.24855511331,0.0294703227707305,1.98360356463582,-0.0023645523303942,0
GFM-MWT+AD,dvc,k_pdc,k_idc,0.0464158883361278,100,0.0232079441680639,5000,1718.24855511341,0.0294661052285063,1.98360396640752,-0.00236421345878461,0
GFM-MWT+AD,dvc,k_pdc,k_idc,0.0630957344480193,0.01,0.0315478672240097,0.5,1718.24855511297,0.00489208953362291,1.95774985377256,-0.000397701559394632,0
GFM-MWT+AD,dvc,k_pdc,k_idc,0.0630957344480193,0.0135935639087853,0.0315478672240097,0.679678195439263,1718.24855511375,0.0525564254489149,1.96279433204817,-0.00426154631209344,0
GFM-MWT+AD,dvc,k_pdc,k_idc,0.0630957344480193,0.0184784979742229,0.0315478672240097,0.923924898711145,1718.24855511355,0.0708342684308021,1.96951050148919,-0.00572398028179899,0
GFM-MWT+AD,dvc,k_pdc,k_idc,0.0630957344480193,0.0251188643150958,0.0315478672240097,1.25594321575479,1718.24855511341,0.0697717410465195,1.97468905182861,-0.00562333694560043,0
GFM-MWT+AD,dvc,k_pdc,k_idc,0.0630957344480193,0.034145488738336,0.0315478672240097,1.7072744369168,1718.24855511338,0.062395903941231,1.97797761461874,-0.00502052769085421,0
GFM-MWT+AD,dvc,k_pdc,k_idc,0.0630957344480193,0.0464158883361278,0.0315478672240097,2.32079441680639,1718.24855511364,0.0546615542674315,1.97997116771078,-0.00439378750821008,0
GFM-MWT+AD,dvc,k_pdc,k_idc,0.0630957344480193,0.0630957344480193,0.0315478672240097,3.15478672240097,1718.24855511318,0.0482505873717719,1.98119383664358,-0.00387607797787462,0
GFM-MWT+AD,dvc,k_pdc,k_idc,0.0630957344480193,0.0857695898590894,0.0315478672240097,4.28847949295447,1718.24855511355,0.0433264727055455,1.98196595180852,-0.00347916196902409,0
GFM-MWT+AD,dvc,k_pdc,k_idc,0.0630957344480193,0.116591440117983,0.0315478672240097,5.82957200589916,1718.24855511341,0.0396521684679576,1.98246886531305,-0.00318330681054664,0
GFM-MWT+AD,dvc,k_pdc,k_idc,0.0630957344480193,0.158489319246111,0.0315478672240097,7.92446596230557,1718.24855511305,0.0369414752115677,1.98280550035316,-0.00296518873736658,0
GFM-MWT+AD,dvc,k_pdc,k_idc,0.0630957344480193,0.215443469003188,0.0315478672240097,10.7721734501594,1718.24855511353,0.0349502291308253,1.98303593061499,-0.00280503230374738,0
GFM-MWT+AD,dvc,k_pdc,k_idc,0.0630957344480193,0.292864456462524,0.0315478672240097,14.6432228231262,1718.24855511362,0.0334894246846471,1.98319647126892,-0.00268757448269732,0
GFM-MWT+AD,dvc,k_pdc,k_idc,0.0630957344480193,0.398107170553497,0.0315478672240097,19.9053585276749,1718.24855511388,0.0324178899299389,1.98330985398595,-0.00260143414218225,0
GFM-MWT+AD,dvc,k_pdc,k_idc,0.0630957344480193,0.541169526546464,0.0315478672240097,27.0584763273232,1718.24855511396,0.0316316356692514,1.98339076557056,-0.00253823656185323,0
GFM-MWT+AD,dvc,k_pdc,k_idc,0.0630957344480193,0.735642254459641,0.0315478672240097,36.7821127229821,1718.24855511353,0.031054450056516,1.98344895818459,-0.00249184828599685,0
GFM-MWT+AD,dvc,k_pdc,k_idc,0.0630957344480193,1,0.0315478672240097,50,1718.24855511417,0.0306305550977033,1.98349105658454,-0.00245778246039302,0
GFM-MWT+AD,dvc,k_pdc,k_idc,0.0630957344480193,1.35935639087853,0.0315478672240097,67.9678195439263,1718.24855511381,0.0303191214476131,1.98352164494306,-0.00243275579153649,0
GFM-MWT+AD,dvc,k_pdc,k_idc,0.0630957344480193,1.84784979742229,0.0315478672240097,92.3924898711145,1718.2485551138,0.0300902422880334,1.98354394224697,-0.00241436387619918,0
GFM-MWT+AD,dvc,k_pdc,k_idc,0.0630957344480193,2.51188643150958,0.0315478672240097,125.594321575479,1718.24855511367,0.0299219935291029,1.98356023482719,-0.00240084438516257,0
GFM-MWT+AD,dvc,k_pdc,k_idc,0.0630957344480193,3.4145488738336,0.0315478672240097,170.72744369168,1718.24855511379,0.0297982910879991,1.98357216088735,-0.00239090458146158,0
GFM-MWT+AD,dvc,k_pdc,k_idc,0.0630957344480193,4.64158883361278,0.0315478672240097,232.079441680639,1718.24855511385,0.0297073278467637,1.98358090212036,-0.00238359556520516,0
GFM-MWT+AD,dvc,k_pdc,k_idc,0.0630957344480193,6.30957344480193,0.0315478672240097,315.478672240097,1718.24855511353,0.0296404319151096,1.98358731521794,-0.00237822044825044,0
GFM-MWT+AD,dvc,k_pdc,k_idc,0.0630957344480193,8.57695898590894,0.0315478672240097,428.847949295447,1718.24855511362,0.0295912315989471,1.98359202359894,-0.00237426721360947,0
GFM-MWT+AD,dvc,k_pdc,k_idc,0.0630957344480193,11.6591440117983,0.0315478672240097,582.957200589916,1718.24855511404,0.0295550438324135,1.9835954822255,-0.00237135955174407,0
GFM-MWT+AD,dvc,k_pdc,k_idc,0.0630957344480193,15.8489319246111,0.0315478672240097,792.446596230557,1718.24855511369,0.0295284258550597,1.98359802379661,-0.00236922082511527,0
GFM-MWT+AD,dvc,k_pdc,k_idc,0.0630957344480193,21.5443469003188,0.0315478672240097,1077.21734501594,1718.24855511341,0.0295088463190361,1.98359989200071,-0.00236764763492846,0
GFM-MWT+AD,dvc,k_pdc,k_idc,0.0630957344480193,29.2864456462524,0.0315478672240097,1464.32228231262,1718.24855511371,0.0294944437658863,1.98360126552912,-0.00236649041128944,0
GFM-MWT+AD,dvc,k_pdc,k_idc,0.0630957344480193,39.8107170553497,0.0315478672240097,1990.53585276749,1718.24855511378,0.0294838491820746,1.98360227552842,-0.00236563915376405,0
GFM-MWT+AD,dvc,k_pdc,k_idc,0.0630957344480193,54.1169526546464,0.0315478672240097,2705.84763273232,1718.24855511368,0.0294760556203475,1.98360301828602,-0.00236501295460078,0
GFM-MWT+AD,dvc,k_pdc,k_idc,0.0630957344480193,73.5642254459641,0.0315478672240097,3678.21127229821,1718.24855511309,0.0294703225012012,1.98360356456481,-0.00236455230885329,0
GFM-MWT+AD,dvc,k_pdc,k_idc,0.0630957344480193,100,0.0315478672240097,5000,1718.24855511338,0.0294661050752825,1.98360396636667,-0.00236421344653944,0
GFM-MWT+AD,dvc,k_pdc,k_idc,0.0857695898590894,0.01,0.0428847949295447,0.5,1718.24855511359,-0.00170813637110045,1.96439049019469,0.000138393229701156,0
GFM-MWT+AD,dvc,k_pdc,k_idc,0.0857695898590894,0.0135935639087853,0.0428847949295447,0.679678195439263,1718.24855511388,0.0323289299977467,1.96623230132351,-0.00261682782524088,0
GFM-MWT+AD,dvc,k_pdc,k_idc,0.0857695898590894,0.0184784979742229,0.0428847949295447,0.923924898711145,1718.24855511374,0.0542757066752716,1.97033447314127,-0.00438411046913118,0
GFM-MWT+AD,dvc,k_pdc,k_idc,0.0857695898590894,0.0251188643150958,0.0428847949295447,1.25594321575479,1718.24855511328,0.0606425455757912,1.97455645575494,-0.00488790561825944,0
GFM-MWT+AD,dvc,k_pdc,k_idc,0.0857695898590894,0.034145488738336,0.0428847949295447,1.7072744369168,1718.24855511352,0.058064027352656,1.97770886169493,-0.00467261701886854,0
GFM-MWT+AD,dvc,k_pdc,k_idc,0.0857695898590894,0.0464158883361278,0.0428847949295447,2.32079441680639,1718.24855511299,0.0526827751995567,1.97977103739627,-0.00423516090165073,0
GFM-MWT+AD,dvc,k_pdc,k_idc,0.0857695898590894,0.0630957344480193,0.0428847949295447,3.15478672240097,1718.24855511353,0.0473390425370205,1.98107154668346,-0.00380308734823918,0
GFM-MWT+AD,dvc,k_pdc,k_idc,0.0857695898590894,0.0857695898590894,0.0428847949295447,4.28847949295447,1718.24855511377,0.0428963754505456,1.98189632907256,-0.00344474611858859,0
GFM-MWT+AD,dvc,k_pdc,k_idc,0.0857695898590894,0.116591440117983,0.0428847949295447,5.82957200589916,1718.24855511385,0.0394437966951275,1.98243036981048,-0.00316664022041907,0
GFM-MWT+AD,dvc,k_pdc,k_idc,0.0857695898590894,0.158489319246111,0.0428847949295447,7.92446596230557,1718.24855511315,0.0368380740471251,1.98278448604518,-0.00295692042617171,0
GFM-MWT+AD,dvc,k_pdc,k_idc,0.0857695898590894,0.215443469003188,0.0428847949295447,10.7721734501594,1718.24855511395,0.0348978793067165,1.9830245239743,-0.00280084695997312,0
GFM-MWT+AD,dvc,k_pdc,k_idc,0.0857695898590894,0.292864456462524,0.0428847949295447,14.6432228231262,1718.24855511386,0.0334624924397711,1.98319029490453,-0.00268542151019242,0
GFM-MWT+AD,dvc,k_pdc,k_idc,0.0857695898590894,0.398107170553497,0.0428847949295447,19.9053585276749,1718.24855511383,0.032403859628843,1.98330651295632,-0.0026003126424592,0
GFM-MWT+AD,dvc,k_pdc,k_idc,0.0857695898590894,0.541169526546464,0.0428847949295447,27.0584763273232,1718.24855511365,0.0316242561755751,1.98338895885923,-0.00253764672005133,0
GFM-MWT+AD,dvc,k_pdc,k_idc,0.0857695898590894,0.735642254459641,0.0428847949295447,36.7821127229821,1718.2485551135,0.0310505403480485,1.98344798120899,-0.00249153579523341,0
GFM-MWT+AD,dvc,k_pdc,k_idc,0.0857695898590894,1,0.0428847949295447,50,1718.24855511364,0.0306284723386969,1.98349052823565,-0.00245761599636192,0
GFM-MWT+AD,dvc,k_pdc,k_idc,0.0857695898590894,1.35935639087853,0.0428847949295447,67.9678195439263,1718.24855511388,0.0303180073823079,1.98352135917444,-0.00243266675179699,0
GFM-MWT+AD,dvc,k_pdc,k_idc,0.0857695898590894,1.84784979742229,0.0428847949295447,92.3924898711145,1718.24855511381,0.03008964456677,1.98354378766696,-0.00241431610500691,0
GFM-MWT+AD,dvc,k_pdc,k_idc,0.0857695898590894,2.51188643150958,0.0428847949295447,125.594321575479,1718.24855511359,0.0299216721122104,1.98356015120641,-0.00240081869706555,0
GFM-MWT+AD,dvc,k_pdc,k_idc,0.0857695898590894,3.4145488738336,0.0428847949295447,170.72744369168,1718.24855511334,0.0297981179757418,1.98357211564778,-0.00239089074618323,0
GFM-MWT+AD,dvc,k_pdc,k_idc,0.0857695898590894,4.64158883361278,0.0428847949295447,232.079441680639,1718.2485551138,0.0297072344778879,1.9835808776429,-0.002383588103121,0
GFM-MWT+AD,dvc,k_pdc,k_idc,0.0857695898590894,6.30957344480193,0.0428847949295447,315.478672240097,1718.24855511394,0.0296403815189514,1.98358730197373,-0.00237821642058191,0
GFM-MWT+AD,dvc,k_pdc,k_idc,0.0857695898590894,8.57695898590894,0.0428847949295447,428.847949295447,1718.24855511352,0.0295912043584308,1.98359201642855,-0.00237426503654795,0
GFM-MWT+AD,dvc,k_pdc,k_idc,0.0857695898590894,11.6591440117983,0.0428847949295447,582.957200589916,1718.2485551136,0.0295550290847257,1.98359547833713,-0.00237135837311317,0
GFM-MWT+AD,dvc,k_pdc,k_idc,0.0857695898590894,15.8489319246111,0.0428847949295447,792.446596230557,1718.24855511347,0.0295284178968611,1.98359802169255,-0.00236922018910384,0
GFM-MWT+AD,dvc,k_pdc,k_idc,0.0857695898590894,21.5443469003188,0.0428847949295447,1077.21734501594,1718.24855511357,0.0295088420205805,1.98359989086497,-0.00236764729139865,0
GFM-MWT+AD,dvc,k_pdc,k_idc,0.0857695898590894,29.2864456462524,0.0428847949295447,1464.32228231262,1718.24855511369,0.0294944414647862,1.98360126492144,-0.00236649022738639,0
GFM-MWT+AD,dvc,k_pdc,k_idc,0.0857695898590894,39.8107170553497,0.0428847949295447,1990.53585276749,1718.24855511379,0.0294838479251978,1.98360227519727,-0.00236563905331392,0
GFM-MWT+AD,dvc,k_pdc,k_idc,0.0857695898590894,54.1169526546464,0.0428847949295447,2705.84763273232,1718.24855511372,0.0294760549351469,1.98360301810527,-0.00236501289983949,0
GFM-MWT+AD,dvc,k_pdc,k_idc,0.0857695898590894,73.5642254459641,0.0428847949295447,3678.21127229821,1718.24855511384,0.0294703221460983,1.98360356447127,-0.00236455228047326,0
GFM-MWT+AD,dvc,k_pdc,k_idc,0.0857695898590894,100,0.0428847949295447,5000,1718.24855511346,0.029466104861533,1.98360396630808,-0.00236421342945919,0
GFM-MWT+AD,dvc,k_pdc,k_idc,0.116591440117983,0.01,0.0582957200589916,0.5,1718.24855511392,-0.000654997335714169,1.96958383304802,5.29279646774874e-05,0
GFM-MWT+AD,dvc,k_pdc,k_idc,0.116591440117983,0.0135935639087853,0.0582957200589916,0.679678195439263,1718.24855511374,0.0204286156713884,1.96996497030136,-0.00165044088875719,0
GFM-MWT+AD,dvc,k_pdc,k_idc,0.116591440117983,0.0184784979742229,0.0582957200589916,0.923924898711145,1718.24855511358,0.0395095708070878,1.971949335008,-0.00318877945379386,0
GFM-MWT+AD,dvc,k_pdc,k_idc,0.116591440117983,0.0251188643150958,0.0582957200589916,1.25594321575479,1718.24855511415,0.0501638412495715,1.97484425845739,-0.00404272793790464,0
GFM-MWT+AD,dvc,k_pdc,k_idc,0.116591440117983,0.034145488738336,0.0582957200589916,1.7072744369168,1718.24855511357,0.0523403852441693,1.97755721271492,-0.00421234696816884,0
GFM-MWT+AD,dvc,k_pdc,k_idc,0.116591440117983,0.0464158883361278,0.0582957200589916,2.32079441680639,1718.24855511354,0.0498890020116052,1.97957718221346,-0.00401096632034924,0
GFM-MWT+AD,dvc,k_pdc,k_idc,0.116591440117983,0.0630957344480193,0.0582957200589916,3.15478672240097,1718.24855511326,0.0460204735041673,1.98093201665121,-0.0036974190504162,0
GFM-MWT+AD,dvc,k_pdc,k_idc,0.116591440117983,0.0857695898590894,0.0582957200589916,4.28847949295447,1718.24855511348,0.0422722205197028,1.98181073657835,-0.00339477123598874,0
GFM-MWT+AD,dvc,k_pdc,k_idc,0.116591440117983,0.116591440117983,0.0582957200589916,5.82957200589916,1718.24855511331,0.0391432368484251,1.98238115643864,-0.00314258882566938,0
GFM-MWT+AD,dvc,k_pdc,k_idc,0.116591440117983,0.158489319246111,0.0582957200589916,7.92446596230557,1718.24855511349,0.0366903070637343,1.98275701809159,-0.0029451003601902,0
GFM-MWT+AD,dvc,k_pdc,k_idc,0.116591440117983,0.215443469003188,0.0582957200589916,10.7721734501594,1718.24855511364,0.0348237836937018,1.98300941442646,-0.00279492150883062,0
GFM-MWT+AD,dvc,k_pdc,k_idc,0.116591440117983,0.292864456462524,0.0582957200589916,14.6432228231262,1718.2485551138,0.0334247010979434,1.98318204498777,-0.00268239987153862,0
GFM-MWT+AD,dvc,k_pdc,k_idc,0.116591440117983,0.398107170553497,0.0582957200589916,19.9053585276749,1718.24855511381,0.032384314843795,1.98330202605391,-0.00259875012181911,0
GFM-MWT+AD,dvc,k_pdc,k_idc,0.116591440117983,0.541169526546464,0.0582957200589916,27.0584763273232,1718.24855511431,0.0316140361568428,1.98338652371881,-0.00253682974802527,0
GFM-MWT+AD,dvc,k_pdc,k_idc,0.116591440117983,0.735642254459641,0.0582957200589916,36.7821127229821,1718.24855511315,0.0310451504235578,1.9834466611497,-0.00249110496127082,0
GFM-MWT+AD,dvc,k_pdc,k_idc,0.116591440117983,1,0.0582957200589916,50,1718.24855511405,0.0306256111775076,1.98348981313254,-0.00245738730530443,0
GFM-MWT+AD,dvc,k_pdc,k_idc,0.116591440117983,1.35935639087853,0.0582957200589916,67.9678195439263,1718.24855511384,0.030316481056869,1.98352097193327,-0.00243254475759457,0
GFM-MWT+AD,dvc,k_pdc,k_idc,0.116591440117983,1.84784979742229,0.0582957200589916,92.3924898711145,1718.24855511362,0.030088827307885,1.98354357802219,-0.00241425078579247,0
GFM-MWT+AD,dvc,k_pdc,k_idc,0.116591440117983,2.51188643150958,0.0582957200589916,125.594321575479,1718.24855511378,0.0299212333112457,1.98356003771951,-0.00240078362664795,0
GFM-MWT+AD,dvc,k_pdc,k_idc,0.116591440117983,3.4145488738336,0.0582957200589916,170.72744369168,1718.24855511391,0.0297978818879088,1.98357205422434,-0.0023908718775127,0
GFM-MWT+AD,dvc,k_pdc,k_idc,0.116591440117983,4.64158883361278,0.0582957200589916,232.079441680639,1718.24855511387,0.0297071072965887,1.98358084440346,-0.00238357793860902,0
GFM-MWT+AD,dvc,k_pdc,k_idc,0.116591440117983,6.30957344480193,0.0582957200589916,315.478672240097,1718.24855511395,0.0296403129161154,1.98358728398405,-0.00237821093778576,0
GFM-MWT+AD,dvc,k_pdc,k_idc,0.116591440117983,8.57695898590894,0.0582957200589916,428.847949295447,1718.24855511345,0.0295911673069982,1.98359200669071,-0.00237426207538019,0
GFM-MWT+AD,dvc,k_pdc,k_idc,0.116591440117983,11.6591440117983,0.0582957200589916,582.957200589916,1718.2485551139,0.0295550090741605,1.98359547306947,-0.00237135677386468,0
GFM-MWT+AD,dvc,k_pdc,k_idc,0.116591440117983,15.8489319246111,0.0582957200589916,792.446596230557,1718.24855511398,0.0295284070576292,1.98359801883554,-0.00236921932283256,0
GFM-MWT+AD,dvc,k_pdc,k_idc,0.116591440117983,21.5443469003188,0.0582957200589916,1077.21734501594,1718.24855511362,0.0295088361679716,1.98359988931861,-0.0023676468236619,0
GFM-MWT+AD,dvc,k_pdc,k_idc,0.116591440117983,29.2864456462524,0.0582957200589916,1464.32228231262,1718.24855511405,0.0294944382963328,1.983601264083,-0.00236648997416684,0
GFM-MWT+AD,dvc,k_pdc,k_idc,0.116591440117983,39.8107170553497,0.0582957200589916,1990.53585276749,1718.24855511401,0.0294838461913335,1.98360227473781,-0.00236563891474591,0
GFM-MWT+AD,dvc,k_pdc,k_idc,0.116591440117983,54.1169526546464,0.0582957200589916,2705.84763273232,1718.24855511391,0.0294760540194794,1.98360301786574,-0.00236501282665684,0
GFM-MWT+AD,dvc,k_pdc,k_idc,0.116591440117983,73.5642254459641,0.0582957200589916,3678.21127229821,1718.24855511418,0.0294703216483458,1.98360356433885,-0.00236455224069414,0
GFM-MWT+AD,dvc,k_pdc,k_idc,0.116591440117983,100,0.0582957200589916,5000,1718.24855511364,0.0294661045939486,1.98360396623948,-0.00236421340807143,0
GFM-MWT+AD,dvc,k_pdc,k_idc,0.158489319246111,0.01,0.0792446596230557,0.5,1718.24855511402,0.00352488610738533,1.97343495437371,-0.000284277434082447,0
GFM-MWT+AD,dvc,k_pdc,k_idc,0.158489319246111,0.0135935639087853,0.0792446596230557,0.679678195439263,1718.2485551139,0.0155433248649053,1.97333035474856,-0.00125361424382543,0
GFM-MWT+AD,dvc,k_pdc,k_idc,0.158489319246111,0.0184784979742229,0.0792446596230557,0.923924898711145,1718.24855511362,0.029010373545503,1.97405150463201,-0.00233891147763774,0
GFM-MWT+AD,dvc,k_pdc,k_idc,0.158489319246111,0.0251188643150958,0.0792446596230557,1.25594321575479,1718.24855511387,0.0399668129766811,1.97565610193203,-0.00321963061783255,0
GFM-MWT+AD,dvc,k_pdc,k_idc,0.158489319246111,0.034145488738336,0.0792446596230557,1.7072744369168,1718.2485551133,0.0455020936955521,1.97765121009535,-0.00366183609232213,0
GFM-MWT+AD,dvc,k_pdc,k_idc,0.158489319246111,0.0464158883361278,0.0792446596230557,2.32079441680639,1718.24855511393,0.0461385818057412,1.97944802477135,-0.00370968711576877,0
GFM-MWT+AD,dvc,k_pdc,k_idc,0.158489319246111,0.0630957344480193,0.0792446596230557,3.15478672240097,1718.24855511357,0.0441490414319732,1.98079276235225,-0.00354731403561088,0
GFM-MWT+AD,dvc,k_pdc,k_idc,0.158489319246111,0.0857695898590894,0.0792446596230557,4.28847949295447,1718.24855511377,0.0413682601562008,1.98171214432271,-0.00332234263839471,0
GFM-MWT+AD,dvc,k_pdc,k_idc,0.158489319246111,0.116591440117983,0.0792446596230557,5.82957200589916,1718.24855511374,0.0387070921217498,1.98232043688362,-0.00310766876117489,0
GFM-MWT+AD,dvc,k_pdc,k_idc,0.158489319246111,0.158489319246111,0.0792446596230557,7.92446596230557,1718.24855511376,0.0364772390215886,1.98272185046751,-0.0029280496467083,0
GFM-MWT+AD,dvc,k_pdc,k_idc,0.158489319246111,0.215443469003188,0.0792446596230557,10.7721734501594,1718.24855511365,0.034717930633775,1.98298965183983,-0.00278645368527997,0
GFM-MWT+AD,dvc,k_pdc,k_idc,0.158489319246111,0.292864456462524,0.0792446596230557,14.6432228231262,1718.24855511405,0.033371224151018,1.98317111369942,-0.00267812303087828,0
GFM-MWT+AD,dvc,k_pdc,k_idc,0.158489319246111,0.398107170553497,0.0792446596230557,19.9053585276749,1718.24855511433,0.0323568938190595,1.98329603194432,-0.00259655752409275,0
GFM-MWT+AD,dvc,k_pdc,k_idc,0.158489319246111,0.541169526546464,0.0792446596230557,27.0584763273232,1718.24855511339,0.0315998005126719,1.98338325316634,-0.00253569161474137,0
GFM-MWT+AD,dvc,k_pdc,k_idc,0.158489319246111,0.735642254459641,0.0792446596230557,36.7821127229821,1718.24855511349,0.0310376863113793,1.98344488188012,-0.00249050826862522,0
GFM-MWT+AD,dvc,k_pdc,k_idc,0.158489319246111,1,0.0792446596230557,50,1718.24855511332,0.0306216669099382,1.98348884689156,-0.00245707201763238,0
GFM-MWT+AD,dvc,k_pdc,k_idc,0.158489319246111,1.35935639087853,0.0792446596230557,67.9678195439263,1718.24855511385,0.0303143843134914,1.98352044781386,-0.00243237716205746,0
GFM-MWT+AD,dvc,k_pdc,k_idc,0.158489319246111,1.84784979742229,0.0792446596230557,92.3924898711145,1718.24855511383,0.0300877076252154,1.98354329392557,-0.00241416129160414,0
GFM-MWT+AD,dvc,k_pdc,k_idc,0.158489319246111,2.51188643150958,0.0792446596230557,125.594321575479,1718.24855511346,0.0299206333310356,1.98355988380355,-0.002400735672727,0
GFM-MWT+AD,dvc,k_pdc,k_idc,0.158489319246111,3.4145488738336,0.0792446596230557,170.72744369168,1718.24855511362,0.0297975595680415,1.98357197086391,-0.00239084611638175,0
GFM-MWT+AD,dvc,k_pdc,k_idc,0.158489319246111,4.64158883361278,0.0792446596230557,232.079441680639,1718.24855511371,0.0297069337705769,1.98358079925579,-0.0023835640699152,0
GFM-MWT+AD,dvc,k_pdc,k_idc,0.158489319246111,6.30957344480193,0.0792446596230557,315.478672240097,1718.24855511377,0.0296402193858011,1.98358725954496,-0.00237820346265982,0
GFM-MWT+AD,dvc,k_pdc,k_idc,0.158489319246111,8.57695898590894,0.0792446596230557,428.847949295447,1718.24855511369,0.0295911168940139,1.9835919934732,-0.00237425804631264,0
GFM-MWT+AD,dvc,k_pdc,k_idc,0.158489319246111,11.6591440117983,0.0792446596230557,582.957200589916,1718.24855511369,0.029554981838254,1.98359546591242,-0.0023713545971503,0
GFM-MWT+AD,dvc,k_pdc,k_idc,0.158489319246111,15.8489319246111,0.0792446596230557,792.446596230557,1718.24855511336,0.0295283923559457,1.98359801496722,-0.00236921814786615,0
GFM-MWT+AD,dvc,k_pdc,k_idc,0.158489319246111,21.5443469003188,0.0792446596230557,1077.21734501594,1718.24855511373,0.0295088282155123,1.98359988722064,-0.0023676461881026,0
GFM-MWT+AD,dvc,k_pdc,k_idc,0.158489319246111,29.2864456462524,0.0792446596230557,1464.32228231262,1718.24855511366,0.0294944339860002,1.98360126294594,-0.00236648962968522,0
GFM-MWT+AD,dvc,k_pdc,k_idc,0.158489319246111,39.8107170553497,0.0792446596230557,1990.53585276749,1718.24855511349,0.029483843878968,1.98360227412939,-0.00236563872993969,0
GFM-MWT+AD,dvc,k_pdc,k_idc,0.158489319246111,54.1169526546464,0.0792446596230557,2705.84763273232,1718.24855511382,0.029476052766068,1.98360301753215,-0.0023650127264876,0
GFM-MWT+AD,dvc,k_pdc,k_idc,0.158489319246111,73.5642254459641,0.0792446596230557,3678.21127229821,1718.2485551138,0.0294703209558367,1.98360356415596,-0.00236455218534897,0
GFM-MWT+AD,dvc,k_pdc,k_idc,0.158489319246111,100,0.0792446596230557,5000,1718.24855511384,0.0294661042388886,1.98360396614365,-0.00236421337969755,0
GFM-MWT+AD,dvc,k_pdc,k_idc,0.215443469003188,0.01,0.107721734501594,0.5,1718.24855511337,0.0084121549707814,1.97623131908437,-0.000677469143154825,0
GFM-MWT+AD,dvc,k_pdc,k_idc,0.215443469003188,0.0135935639087853,0.107721734501594,0.679678195439263,1718.24855511316,0.014976795640181,1.97603987916957,-0.00120626579896224,0
GFM-MWT+AD,dvc,k_pdc,k_idc,0.215443469003188,0.0184784979742229,0.107721734501594,0.923924898711145,1718.24855511392,0.0232906155882126,1.97619212100616,-0.00187573365874745,0
GFM-MWT+AD,dvc,k_pdc,k_idc,0.215443469003188,0.0251188643150958,0.107721734501594,1.25594321575479,1718.24855511394,0.0319128546642552,1.97688730862487,-0.00256922677507114,0
GFM-MWT+AD,dvc,k_pdc,k_idc,0.215443469003188,0.034145488738336,0.107721734501594,1.7072744369168,1718.2485551141,0.0384774616294266,1.97808825998254,-0.00309584207813964,0
GFM-MWT+AD,dvc,k_pdc,k_idc,0.215443469003188,0.0464158883361278,0.107721734501594,2.32079441680639,1718.24855511383,0.0415437375944274,1.979469889486,-0.00334021464187706,0
GFM-MWT+AD,dvc,k_pdc,k_idc,0.215443469003188,0.0630957344480193,0.107721734501594,3.15478672240097,1718.24855511369,0.0416115066069137,1.98069157721222,-0.00334359979233726,0
GFM-MWT+AD,dvc,k_pdc,k_idc,0.215443469003188,0.0857695898590894,0.107721734501594,4.28847949295447,1718.24855511375,0.0400810282153219,1.98161184919045,-0.00321912725472503,0
GFM-MWT+AD,dvc,k_pdc,k_idc,0.215443469003188,0.116591440117983,0.107721734501594,5.82957200589916,1718.2485551136,0.0380749600477029,1.9822500445416,-0.00305702592894566,0
GFM-MWT+AD,dvc,k_pdc,k_idc,0.215443469003188,0.158489319246111,0.107721734501594,7.92446596230557,1718.24855511381,0.0361680817629081,1.98267835218722,-0.00290329731389836,0
GFM-MWT+AD,dvc,k_pdc,k_idc,0.215443469003188,0.215443469003188,0.107721734501594,10.7721734501594,1718.24855511396,0.0345653398882459,1.98296432302114,-0.00277424231440416,0
GFM-MWT+AD,dvc,k_pdc,k_idc,0.215443469003188,0.292864456462524,0.107721734501594,14.6432228231262,1718.24855511391,0.0332948452840898,1.98315680945583,-0.00267201275486363,0
GFM-MWT+AD,dvc,k_pdc,k_idc,0.215443469003188,0.398107170553497,0.107721734501594,19.9053585276749,1718.2485551136,0.032318098159256,1.98328808795125,-0.00259345468099083,0
GFM-MWT+AD,dvc,k_pdc,k_idc,0.215443469003188,0.541169526546464,0.107721734501594,27.0584763273232,1718.24855511358,0.0315798303880241,1.98337888355894,-0.00253409472695663,0
GFM-MWT+AD,dvc,k_pdc,k_idc,0.215443469003188,0.735642254459641,0.107721734501594,36.7821127229821,1718.24855511388,0.0310272900024413,1.98344249208278,-0.00248967705884654,0
GFM-MWT+AD,dvc,k_pdc,k_idc,0.215443469003188,1,0.107721734501594,50,1718.24855511371,0.0306162048841225,1.98348754448547,-0.00245663536228099,0
GFM-MWT+AD,dvc,k_pdc,k_idc,0.215443469003188,1.35935639087853,0.107721734501594,67.9678195439263,1718.24855511414,0.030311493884739,1.9835197396074,-0.00243214610848273,0
GFM-MWT+AD,dvc,k_pdc,k_idc,0.215443469003188,1.84784979742229,0.107721734501594,92.3924898711145,1718.24855511404,0.030086169487981,1.98354290940066,-0.00241403834407268,0
GFM-MWT+AD,dvc,k_pdc,k_idc,0.215443469003188,2.51188643150958,0.107721734501594,125.594321575479,1718.24855511352,0.0299198113384662,1.98355967522613,-0.00240066997149558,0
GFM-MWT+AD,dvc,k_pdc,k_idc,0.215443469003188,3.4145488738336,0.107721734501594,170.72744369168,1718.24855511368,0.0297971188443444,1.9835718577974,-0.00239081089082128,0
GFM-MWT+AD,dvc,k_pdc,k_idc,0.215443469003188,4.64158883361278,0.107721734501594,232.079441680639,1718.24855511374,0.0297066969584387,1.98358073800774,-0.00238354514277367,0
GFM-MWT+AD,dvc,k_pdc,k_idc,0.215443469003188,6.30957344480193,0.107721734501594,315.478672240097,1718.24855511363,0.0296400918688724,1.9835872263614,-0.00237819327109362,0
GFM-MWT+AD,dvc,k_pdc,k_idc,0.215443469003188,8.57695898590894,0.107721734501594,428.847949295447,1718.24855511328,0.0295910480918549,1.98359197549683,-0.00237425254748478,0
GFM-MWT+AD,dvc,k_pdc,k_idc,0.215443469003188,11.6591440117983,0.107721734501594,582.957200589916,1718.24855511357,0.0295549447509069,1.98359545618766,-0.00237135163307611,0
GFM-MWT+AD,dvc,k_pdc,k_idc,0.215443469003188,15.8489319246111,0.107721734501594,792.446596230557,1718.24855511387,0.0295283723168297,1.98359800969871,-0.00236921654632425,0
GFM-MWT+AD,dvc,k_pdc,k_idc,0.215443469003188,21.5443469003188,0.107721734501594,1077.21734501594,1718.24855511401,0.0295088174058923,1.98359988437416,-0.00236764532419321,0
GFM-MWT+AD,dvc,k_pdc,k_idc,0.215443469003188,29.2864456462524,0.107721734501594,1464.32228231262,1718.24855511379,0.0294944281374514,1.98360126140524,-0.00236648916226689,0
GFM-MWT+AD,dvc,k_pdc,k_idc,0.215443469003188,39.8107170553497,0.107721734501594,1990.53585276749,1718.24855511361,0.0294838407004478,1.98360227329029,-0.00236563847591299,0
GFM-MWT+AD,dvc,k_pdc,k_idc,0.215443469003188,54.1169526546464,0.107721734501594,2705.84763273232,1718.2485551132,0.0294760510320913,1.98360301707418,-0.00236501258790869,0
GFM-MWT+AD,dvc,k_pdc,k_idc,0.215443469003188,73.5642254459641,0.107721734501594,3678.21127229821,1718.24855511365,0.0294703200194137,1.9836035639089,-0.00236455211050997,0
GFM-MWT+AD,dvc,k_pdc,k_idc,0.215443469003188,100,0.107721734501594,5000,1718.24855511368,0.0294661037489812,1.9836039660143,-0.00236421334054421,0
GFM-MWT+AD,dvc,k_pdc,k_idc,0.292864456462524,0.01,0.146432228231262,0.5,1718.24855511407,0.0129488288200694,1.97824950706068,-0.00104176393741364,0
GFM-MWT+AD,dvc,k_pdc,k_idc,0.292864456462524,0.0135935639087853,0.146432228231262,0.679678195439263,1718.24855511381,0.0164671126170899,1.97809146201206,-0.00132492360513431,0
GFM-MWT+AD,dvc,k_pdc,k_idc,0.292864456462524,0.0184784979742229,0.146432228231262,0.923924898711145,1718.24855511356,0.0212120162059808,1.97805334730716,-0.00170672460362782,0
GFM-MWT+AD,dvc,k_pdc,k_idc,0.292864456462524,0.0251188643150958,0.146432228231262,1.25594321575479,1718.24855511393,0.0269182241683781,1.9782692121711,-0.00216560939390842,0
GFM-MWT+AD,dvc,k_pdc,k_idc,0.292864456462524,0.034145488738336,0.146432228231262,1.7072744369168,1718.24855511359,0.0325512191473685,1.97884234267772,-0.00261803053471019,0
GFM-MWT+AD,dvc,k_pdc,k_idc,0.292864456462524,0.0464158883361278,0.146432228231262,2.32079441680639,1718.24855511373,0.0366551203476784,1.97971985608485,-0.00294678979234397,0
GFM-MWT+AD,dvc,k_pdc,k_idc,0.292864456462524,0.0630957344480193,0.146432228231262,3.15478672240097,1718.24855511371,0.0384512133724469,1.98068730476078,-0.0030896706672464,0
GFM-MWT+AD,dvc,k_pdc,k_idc,0.292864456462524,0.0857695898590894,0.146432228231262,4.28847949295447,1718.24855511356,0.0383241190897101,1.98153511432984,-0.00307814080734112,0
GFM-MWT+AD,dvc,k_pdc,k_idc,0.292864456462524,0.116591440117983,0.146432228231262,5.82957200589916,1718.24855511405,0.0371728554082491,1.98217751778822,-0.00298470610304608,0
GFM-MWT+AD,dvc,k_pdc,k_idc,0.292864456462524,0.158489319246111,0.146432228231262,7.92446596230557,1718.24855511385,0.0357197930203377,1.98262769980026,-0.00286738566966151,0
GFM-MWT+AD,dvc,k_pdc,k_idc,0.292864456462524,0.215443469003188,0.146432228231262,10.7721734501594,1718.24855511409,0.0343439531352795,1.98293293901155,-0.00275651739541374,0
GFM-MWT+AD,dvc,k_pdc,k_idc,0.292864456462524,0.292864456462524,0.146432228231262,14.6432228231262,1718.24855511392,0.0331847646908853,1.98313846263623,-0.00266320315267093,0
GFM-MWT+AD,dvc,k_pdc,k_idc,0.292864456462524,0.398107170553497,0.146432228231262,19.9053585276749,1718.24855511407,0.0322626978272813,1.98327768930203,-0.00258902253329893,0
GFM-MWT+AD,dvc,k_pdc,k_idc,0.292864456462524,0.541169526546464,0.146432228231262,27.0584763273232,1718.24855511396,0.0315515799224211,1.98337309161911,-0.0025318352021282,0
GFM-MWT+AD,dvc,k_pdc,k_idc,0.292864456462524,0.735642254459641,0.146432228231262,36.7821127229821,1718.24855511366,0.031012706980021,1.98343929897029,-0.0024885109083294,0
GFM-MWT+AD,dvc,k_pdc,k_idc,0.292864456462524,1,0.146432228231262,50,1718.24855511368,0.0306085976883399,1.98348579512462,-0.00245602713289936,0
GFM-MWT+AD,dvc,k_pdc,k_idc,0.292864456462524,1.35935639087853,0.146432228231262,67.9678195439263,1718.24855511396,0.0303074913993893,1.98351878501165,-0.00243182612765938,0
GFM-MWT+AD,dvc,k_pdc,k_idc,0.292864456462524,1.84784979742229,0.146432228231262,92.3924898711145,1718.24855511407,0.0300840492160492,1.98354238983217,-0.00241386885207703,0
GFM-MWT+AD,dvc,k_pdc,k_idc,0.292864456462524,2.51188643150958,0.146432228231262,125.594321575479,1718.24855511381,0.029918682141757,1.98355939291246,-0.00240057971055001,0
GFM-MWT+AD,dvc,k_pdc,k_idc,0.292864456462524,3.4145488738336,0.146432228231262,170.72744369168,1718.24855511379,0.0297965150868718,1.98357170458824,-0.00239076263248502,0
GFM-MWT+AD,dvc,k_pdc,k_idc,0.292864456462524,4.64158883361278,0.146432228231262,232.079441680639,1718.24855511385,0.0297063730925434,1.98358065492133,-0.00238351925707062,0
GFM-MWT+AD,dvc,k_pdc,k_idc,0.292864456462524,6.30957344480193,0.146432228231262,315.478672240097,1718.24855511347,0.0296399177771618,1.98358718133641,-0.00237817935678525,0
GFM-MWT+AD,dvc,k_pdc,k_idc,0.292864456462524,8.57695898590894,0.146432228231262,428.847949295447,1718.24855511392,0.0295909543380051,1.9835919510981,-0.00237424505434384,0
GFM-MWT+AD,dvc,k_pdc,k_idc,0.292864456462524,11.6591440117983,0.146432228231262,582.957200589916,1718.2485551138,0.0295548942022539,1.9835954429749,-0.00237134759310504,0
GFM-MWT+AD,dvc,k_pdc,k_idc,0.292864456462524,15.8489319246111,0.146432228231262,792.446596230557,1718.24855511363,0.0295283450322016,1.98359800254418,-0.00236921436569273,0
GFM-MWT+AD,dvc,k_pdc,k_idc,0.292864456462524,21.5443469003188,0.146432228231262,1077.21734501594,1718.24855511337,0.0295088026665427,1.98359988050206,-0.0023676441462072,0
GFM-MWT+AD,dvc,k_pdc,k_idc,0.292864456462524,29.2864456462524,0.146432228231262,1464.32228231262,1718.24855511396,0.0294944201506109,1.98360125930129,-0.00236648852395537,0
GFM-MWT+AD,dvc,k_pdc,k_idc,0.292864456462524,39.8107170553497,0.146432228231262,1990.53585276749,1718.24855511344,0.0294838364187998,1.98360227215829,-0.00236563813372653,0
GFM-MWT+AD,dvc,k_pdc,k_idc,0.292864456462524,54.1169526546464,0.146432228231262,2705.84763273232,1718.24855511399,0.0294760487174099,1.98360301646351,-0.00236501240291923,0
GFM-MWT+AD,dvc,k_pdc,k_idc,0.292864456462524,73.5642254459641,0.146432228231262,3678.21127229821,1718.24855511352,0.0294703187804861,1.98360356358088,-0.00236455201149614,0
GFM-MWT+AD,dvc,k_pdc,k_idc,0.292864456462524,100,0.146432228231262,5000,1718.24855511371,0.0294661030403136,1.98360396582544,-0.00236421328390967,0
GFM-MWT+AD,dvc,k_pdc,k_idc,0.398107170553497,0.01,0.199053585276749,0.5,1718.24855511401,0.0167740008002947,1.97970636847541,-0.00134851448574553,0
GFM-MWT+AD,dvc,k_pdc,k_idc,0.398107170553497,0.0135935639087853,0.199053585276749,0.679678195439263,1718.2485551137,0.0186472452609858,1.97959951094329,-0.00149919107715907,0
GFM-MWT+AD,dvc,k_pdc,k_idc,0.398107170553497,0.0184784979742229,0.199053585276749,0.923924898711145,1718.24855511376,0.0212454570331753,1.97952594220016,-0.00170814360148487,0
GFM-MWT+AD,dvc,k_pdc,k_idc,0.398107170553497,0.0251188643150958,0.199053585276749,1.25594321575479,1718.24855511378,0.0246382349596948,1.97954927646614,-0.00198090001395269,0
GFM-MWT+AD,dvc,k_pdc,k_idc,0.398107170553497,0.034145488738336,0.199053585276749,1.7072744369168,1718.24855511365,0.0285806979624836,1.97975543246983,-0.00229763094795968,0
GFM-MWT+AD,dvc,k_pdc,k_idc,0.398107170553497,0.0464158883361278,0.199053585276749,2.32079441680639,1718.24855511363,0.0323473970629489,1.98020070431726,-0.00259985299892068,0
GFM-MWT+AD,dvc,k_pdc,k_idc,0.398107170553497,0.0630957344480193,0.199053585276749,3.15478672240097,1718.2485551135,0.0350089319498861,1.98083780204079,-0.0028128615698171,0
GFM-MWT+AD,dvc,k_pdc,k_idc,0.398107170553497,0.0857695898590894,0.199053585276749,4.28847949295447,1718.24855511358,0.0361117396722359,1.98152271000191,-0.00290046521698277,0
GFM-MWT+AD,dvc,k_pdc,k_idc,0.398107170553497,0.116591440117983,0.199053585276749,5.82957200589916,1718.24855511321,0.035936112620834,1.98212016823772,-0.00288548910438115,0
GFM-MWT+AD,dvc,k_pdc,k_idc,0.398107170553497,0.158489319246111,0.199053585276749,7.92446596230557,1718.24855511321,0.0350791108260191,1.98257505283644,-0.00281603046627208,0
GFM-MWT+AD,dvc,k_pdc,k_idc,0.398107170553497,0.215443469003188,0.199053585276749,10.7721734501594,1718.24855511401,0.0340228378752498,1.98289627870639,-0.00273079469352833,0
GFM-MWT+AD,dvc,k_pdc,k_idc,0.398107170553497,0.292864456462524,0.199053585276749,14.6432228231262,1718.24855511346,0.0330250658070634,1.98311570118636,-0.0026504172220768,0
GFM-MWT+AD,dvc,k_pdc,k_idc,0.398107170553497,0.398107170553497,0.199053585276749,19.9053585276749,1718.24855511348,0.0321828644088319,1.98326434466543,-0.00258263346749775,0
GFM-MWT+AD,dvc,k_pdc,k_idc,0.398107170553497,0.541169526546464,0.199053585276749,27.0584763273232,1718.24855511409,0.03151124339717,1.98336550815291,-0.00252860811375661,0
GFM-MWT+AD,dvc,k_pdc,k_idc,0.398107170553497,0.735642254459641,0.199053585276749,36.7821127229821,1718.24855511387,0.0309920792415777,1.98343506601069,-0.00248686102201978,0
GFM-MWT+AD,dvc,k_pdc,k_idc,0.398107170553497,1,0.199053585276749,50,1718.24855511363,0.0305979275930981,1.98348345759681,-0.00245517386536275,0
GFM-MWT+AD,dvc,k_pdc,k_idc,0.398107170553497,1.35935639087853,0.199053585276749,67.9678195439263,1718.24855511365,0.0303019171392043,1.98351750277595,-0.0024313804320519,0
GFM-MWT+AD,dvc,k_pdc,k_idc,0.398107170553497,1.84784979742229,0.199053585276749,92.3924898711145,1718.24855511366,0.0300811131783676,1.98354168946636,-0.00241363412535184,0
GFM-MWT+AD,dvc,k_pdc,k_idc,0.398107170553497,2.51188643150958,0.199053585276749,125.594321575479,1718.24855511386,0.0299171256158033,1.98355901144935,-0.00240045528222218,0
GFM-MWT+AD,dvc,k_pdc,k_idc,0.398107170553497,3.4145488738336,0.199053585276749,170.72744369168,1718.24855511386,0.0297956856580261,1.9835714972059,-0.0023906963324953,0
GFM-MWT+AD,dvc,k_pdc,k_idc,0.398107170553497,4.64158883361278,0.199053585276749,232.079441680639,1718.24855511335,0.0297059294337405,1.9835805423338,-0.00238348379516964,0
GFM-MWT+AD,dvc,k_pdc,k_idc,0.398107170553497,6.30957344480193,0.199053585276749,315.478672240097,1718.2485551133,0.0296396797209943,1.98358712026048,-0.00237816032951628,0
GFM-MWT+AD,dvc,k_pdc,k_idc,0.398107170553497,8.57695898590894,0.199053585276749,428.847949295447,1718.24855511388,0.0295908263799918,1.98359191799992,-0.00237423482724259,0
GFM-MWT+AD,dvc,k_pdc,k_idc,0.398107170553497,11.6591440117983,0.199053585276749,582.957200589916,1718.24855511384,0.0295548252572602,1.983595425037,-0.00237134208275394,0
GFM-MWT+AD,dvc,k_pdc,k_idc,0.398107170553497,15.8489319246111,0.199053585276749,792.446596230557,1718.2485551137,0.0295283078607109,1.98359799283084,-0.0023692113948469,0
GFM-MWT+AD,dvc,k_pdc,k_idc,0.398107170553497,21.5443469003188,0.199053585276749,1077.21734501594,1718.24855511405,0.0295087825880949,1.98359987523816,-0.00236764254150131,0
GFM-MWT+AD,dvc,k_pdc,k_idc,0.398107170553497,29.2864456462524,0.199053585276749,1464.32228231262,1718.24855511352,0.0294944093401791,1.98360125646096,-0.00236648765997244,0
GFM-MWT+AD,dvc,k_pdc,k_idc,0.398107170553497,39.8107170553497,0.199053585276749,1990.53585276749,1718.24855511326,0.0294838305586556,1.98360227061589,-0.00236563766537944,0
GFM-MWT+AD,dvc,k_pdc,k_idc,0.398107170553497,54.1169526546464,0.199053585276749,2705.84763273232,1718.24855511367,0.0294760455508019,1.98360301563054,-0.0023650121498408,0
GFM-MWT+AD,dvc,k_pdc,k_idc,0.398107170553497,73.5642254459641,0.199053585276749,3678.21127229821,1718.24855511353,0.0294703170570036,1.98360356312673,-0.00236455187375461,0
GFM-MWT+AD,dvc,k_pdc,k_idc,0.398107170553497,100,0.199053585276749,5000,1718.24855511356,0.0294661021224696,1.98360396558505,-0.00236421321055337,0
GFM-MWT+AD,dvc,k_pdc,k_idc,0.541169526546464,0.01,0.270584763273232,0.5,1718.24855511362,0.0198420452075432,1.98076064844953,-0.00159431457041032,0
GFM-MWT+AD,dvc,k_pdc,k_idc,0.541169526546464,0.0135935639087853,0.270584763273232,0.679678195439263,1718.24855511357,0.0208387319447638,1.98069454831471,-0.0016744543221345,0
GFM-MWT+AD,dvc,k_pdc,k_idc,0.541169526546464,0.0184784979742229,0.270584763273232,0.923924898711145,1718.24855511387,0.0222343293630554,1.98063305517225,-0.00178664986290067,0
GFM-MWT+AD,dvc,k_pdc,k_idc,0.541169526546464,0.0251188643150958,0.270584763273232,1.25594321575479,1718.24855511367,0.0241332131788669,1.98060140327441,-0.00193926599333674,0
GFM-MWT+AD,dvc,k_pdc,k_idc,0.541169526546464,0.034145488738336,0.270584763273232,1.7072744369168,1718.24855511385,0.0265586070588182,1.98064422207661,-0.00213411571964443,0
GFM-MWT+AD,dvc,k_pdc,k_idc,0.541169526546464,0.0464158883361278,0.270584763273232,2.32079441680639,1718.24855511337,0.0293118723076258,1.98081793485513,-0.00235514650229007,0
GFM-MWT+AD,dvc,k_pdc,k_idc,0.541169526546464,0.0630957344480193,0.270584763273232,3.15478672240097,1718.24855511351,0.0318843727537175,1.98115482304323,-0.00256140450283546,0
GFM-MWT+AD,dvc,k_pdc,k_idc,0.541169526546464,0.0857695898590894,0.270584763273232,4.28847949295447,1718.24855511331,0.0336627960126312,1.98161727072405,-0.00270364054737963,0
GFM-MWT+AD,dvc,k_pdc,k_idc,0.541169526546464,0.116591440117983,0.270584763273232,5.82957200589916,1718.24855511362,0.0343668618754847,1.98210664551142,-0.00275950596957948,0
GFM-MWT+AD,dvc,k_pdc,k_idc,0.541169526546464,0.158489319246111,0.270584763273232,7.92446596230557,1718.24855511368,0.0341980638057535,1.98253249605829,-0.00274536250903394,0
GFM-MWT+AD,dvc,k_pdc,k_idc,0.541169526546464,0.215443469003188,0.270584763273232,10.7721734501594,1718.24855511339,0.0335634448797283,1.98285794064907,-0.00269397452346332,0
GFM-MWT+AD,dvc,k_pdc,k_idc,0.541169526546464,0.292864456462524,0.270584763273232,14.6432228231262,1718.24855511313,0.0327933805589176,1.9830890537083,-0.00263185888242793,0
GFM-MWT+AD,dvc,k_pdc,k_idc,0.541169526546464,0.398107170553497,0.270584763273232,19.9053585276749,1718.2485551132,0.0320670535000831,1.98324777406024,-0.00257336135356071,0
GFM-MWT+AD,dvc,k_pdc,k_idc,0.541169526546464,0.541169526546464,0.270584763273232,27.0584763273232,1718.24855511362,0.0314531239637048,1.98335577248002,-0.0025239567601479,0
GFM-MWT+AD,dvc,k_pdc,k_idc,0.541169526546464,0.735642254459641,0.270584763273232,36.7821127229821,1718.24855511309,0.0309626294350475,1.98342952276332,-0.0024845048739497,0
GFM-MWT+AD,dvc,k_pdc,k_idc,0.541169526546464,1,0.270584763273232,50,1718.24855511366,0.0305828357606129,1.98348035859701,-0.00245396673997567,0
GFM-MWT+AD,dvc,k_pdc,k_idc,0.541169526546464,1.35935639087853,0.270584763273232,67.9678195439263,1718.24855511329,0.0302940988170449,1.98351578935143,-0.00243075520505261,0
GFM-MWT+AD,dvc,k_pdc,k_idc,0.541169526546464,1.84784979742229,0.270584763273232,92.3924898711145,1718.24855511358,0.0300770242773791,1.98354074870325,-0.00241330718854759,0
GFM-MWT+AD,dvc,k_pdc,k_idc,0.541169526546464,2.51188643150958,0.270584763273232,125.594321575479,1718.24855511336,0.0299149702893533,1.98355849725288,-0.0024002829688794,0
GFM-MWT+AD,dvc,k_pdc,k_idc,0.541169526546464,3.4145488738336,0.270584763273232,170.72744369168,1718.24855511356,0.0297945423563259,1.98357121699393,-0.00239060493640241,0
GFM-MWT+AD,dvc,k_pdc,k_idc,0.541169526546464,4.64158883361278,0.270584763273232,232.079441680639,1718.24855511382,0.0297053199466668,1.98358038993656,-0.00238343507578315,0
GFM-MWT+AD,dvc,k_pdc,k_idc,0.541169526546464,6.30957344480193,0.270584763273232,315.478672240097,1718.24855511395,0.0296393536224798,1.98358703750721,-0.00237813426413582,0
GFM-MWT+AD,dvc,k_pdc,k_idc,0.541169526546464,8.57695898590894,0.270584763273232,428.847949295447,1718.2485551135,0.0295906513817785,1.98359187310419,-0.0023742208399889,0
GFM-MWT+AD,dvc,k_pdc,k_idc,0.541169526546464,11.6591440117983,0.270584763273232,582.957200589916,1718.24855511366,0.0295547311246598,1.98359540068916,-0.00237133455914022,0
GFM-MWT+AD,dvc,k_pdc,k_idc,0.541169526546464,15.8489319246111,0.270584763273232,792.446596230557,1718.24855511333,0.0295282571630999,1.98359797964202,-0.00236920734288646,0
GFM-MWT+AD,dvc,k_pdc,k_idc,0.541169526546464,21.5443469003188,0.270584763273232,1077.21734501594,1718.24855511371,0.0295087552531789,1.98359986809487,-0.0023676403568179,0
GFM-MWT+AD,dvc,k_pdc,k_idc,0.541169526546464,29.2864456462524,0.270584763273232,1464.32228231262,1718.24855511347,0.0294943945725057,1.98360125259012,-0.00236648647971092,0
GFM-MWT+AD,dvc,k_pdc,k_idc,0.541169526546464,39.8107170553497,0.270584763273232,1990.53585276749,1718.24855511343,0.0294838225799525,1.98360226852133,-0.00236563702770904,0
GFM-MWT+AD,dvc,k_pdc,k_idc,0.541169526546464,54.1169526546464,0.270584763273232,2705.84763273232,1718.24855511359,0.0294760412389425,1.98360301449408,-0.00236501180523545,0
GFM-MWT+AD,dvc,k_pdc,k_idc,0.541169526546464,73.5642254459641,0.270584763273232,3678.21127229821,1718.24855511318,0.0294703147394084,1.98360356251702,-0.00236455168853011,0
GFM-MWT+AD,dvc,k_pdc,k_idc,0.541169526546464,100,0.270584763273232,5000,1718.24855511389,0.0294661008706507,1.98360396525546,-0.00236421311050705,0
GFM-MWT+AD,dvc,k_pdc,k_idc,0.735642254459641,0.01,0.367821127229821,0.5,1718.2485551129,0.0222323129486612,1.98152590439946,-0.0017856828684044,0
GFM-MWT+AD,dvc,k_pdc,k_idc,0.735642254459641,0.0135935639087853,0.367821127229821,0.679678195439263,1718.24855511332,0.0227635547337849,1.98148692728128,-0.00182838763789215,0
GFM-MWT+AD,dvc,k_pdc,k_idc,0.735642254459641,0.0184784979742229,0.367821127229821,0.923924898711145,1718.24855511343,0.023507772613872,1.98144505533633,-0.00188820352747336,0
GFM-MWT+AD,dvc,k_pdc,k_idc,0.735642254459641,0.0251188643150958,0.367821127229821,1.25594321575479,1718.24855511348,0.0245383564379311,1.98140905222512,-0.00197101811561049,0
GFM-MWT+AD,dvc,k_pdc,k_idc,0.735642254459641,0.034145488738336,0.367821127229821,1.7072744369168,1718.24855511355,0.0259218731477603,1.98139752612491,-0.0020821593083854,0
GFM-MWT+AD,dvc,k_pdc,k_idc,0.735642254459641,0.0464158883361278,0.367821127229821,2.32079441680639,1718.24855511337,0.0276619948147613,1.98144195237839,-0.00222188307767199,0
GFM-MWT+AD,dvc,k_pdc,k_idc,0.735642254459641,0.0630957344480193,0.367821127229821,3.15478672240097,1718.24855511369,0.029605577223889,1.98158027846428,-0.00237782980019376,0
GFM-MWT+AD,dvc,k_pdc,k_idc,0.735642254459641,0.0857695898590894,0.367821127229821,4.28847949295447,1718.24855511413,0.0313935452689456,1.98183189955239,-0.00252111293249917,0
GFM-MWT+AD,dvc,k_pdc,k_idc,0.735642254459641,0.116591440117983,0.367821127229821,5.82957200589916,1718.24855511343,0.0326101440971351,1.98216817288964,-0.00261836907068717,0
GFM-MWT+AD,dvc,k_pdc,k_idc,0.735642254459641,0.158489319246111,0.367821127229821,7.92446596230557,1718.24855511377,0.0330741669018344,1.98252039049716,-0.00265515483289168,0
GFM-MWT+AD,dvc,k_pdc,k_idc,0.735642254459641,0.215443469003188,0.367821127229821,10.7721734501594,1718.24855511381,0.0329303363233047,1.98282647765841,-0.00264320027713987,0
GFM-MWT+AD,dvc,k_pdc,k_idc,0.735642254459641,0.292864456462524,0.367821127229821,14.6432228231262,1718.24855511361,0.0324616925663257,1.98306106524255,-0.00260527594942866,0
GFM-MWT+AD,dvc,k_pdc,k_idc,0.735642254459641,0.398107170553497,0.367821127229821,19.9053585276749,1718.24855511423,0.0318990161902171,1.9832283432511,-0.00255990163161432,0
GFM-MWT+AD,dvc,k_pdc,k_idc,0.735642254459641,0.541169526546464,0.367821127229821,27.0584763273232,1718.24855511355,0.0313688165603333,1.98334367537047,-0.00251720690640771,0
GFM-MWT+AD,dvc,k_pdc,k_idc,0.735642254459641,0.735642254459641,0.367821127229821,36.7821127229821,1718.24855511383,0.0309201997864211,1.98342240431726,-0.00248110915745865,0
GFM-MWT+AD,dvc,k_pdc,k_idc,0.735642254459641,1,0.367821127229821,50,1718.24855511353,0.0305612909898674,1.98347629980047,-0.00245224301596709,0
GFM-MWT+AD,dvc,k_pdc,k_idc,0.735642254459641,1.35935639087853,0.367821127229821,67.9678195439263,1718.24855511371,0.0302830411034278,1.98351351763143,-0.00242987073806446,0
GFM-MWT+AD,dvc,k_pdc,k_idc,0.735642254459641,1.84784979742229,0.367821127229821,92.3924898711145,1718.24855511334,0.0300712895472472,1.98353949156972,-0.0024128485796578,0
GFM-MWT+AD,dvc,k_pdc,k_idc,0.735642254459641,2.51188643150958,0.367821127229821,125.594321575479,1718.24855511406,0.0299119687098013,1.98355780655674,-0.0024000429686956,0
GFM-MWT+AD,dvc,k_pdc,k_idc,0.735642254459641,3.4145488738336,0.367821127229821,170.72744369168,1718.2485551136,0.0297929592538217,1.98357083928184,-0.00239047836997535,0
GFM-MWT+AD,dvc,k_pdc,k_idc,0.735642254459641,4.64158883361278,0.367821127229821,232.079441680639,1718.24855511348,0.0297044798465091,1.98358018402872,-0.00238336791732423,0
GFM-MWT+AD,dvc,k_pdc,k_idc,0.735642254459641,6.30957344480193,0.367821127229821,315.478672240097,1718.24855511405,0.029638905642329,1.98358692549169,-0.00237809845463172,0
GFM-MWT+AD,dvc,k_pdc,k_idc,0.735642254459641,8.57695898590894,0.367821127229821,428.847949295447,1718.24855511369,0.0295904116103849,1.98359181225637,-0.00237420167474821,0
GFM-MWT+AD,dvc,k_pdc,k_idc,0.735642254459641,11.6591440117983,0.367821127229821,582.957200589916,1718.24855511345,0.0295546024474391,1.98359536767687,-0.00237132427419977,0
GFM-MWT+AD,dvc,k_pdc,k_idc,0.735642254459641,15.8489319246111,0.367821127229821,792.446596230557,1718.24855511385,0.0295281879496729,1.98359796174071,-0.00236920181094158,0
GFM-MWT+AD,dvc,k_pdc,k_idc,0.735642254459641,21.5443469003188,0.367821127229821,1077.21734501594,1718.24855511381,0.0295087179665532,1.98359985839308,-0.00236763737671551,0
GFM-MWT+AD,dvc,k_pdc,k_idc,0.735642254459641,29.2864456462524,0.367821127229821,1464.32228231262,1718.2485551139,0.0294943744544403,1.98360124733029,-0.0023664848718195,0
GFM-MWT+AD,dvc,k_pdc,k_idc,0.735642254459641,39.8107170553497,0.367821127229821,1990.53585276749,1718.24855511397,0.0294838117297094,1.98360226567804,-0.00236563616053461,0
GFM-MWT+AD,dvc,k_pdc,k_idc,0.735642254459641,54.1169526546464,0.367821127229821,2705.84763273232,1718.24855511335,0.029476035378176,1.98360301295534,-0.00236501133683375,0
GFM-MWT+AD,dvc,k_pdc,k_idc,0.735642254459641,73.5642254459641,0.367821127229821,3678.21127229821,1718.24855511375,0.0294703115841926,1.98360356168676,-0.00236455143636239,0
GFM-MWT+AD,dvc,k_pdc,k_idc,0.735642254459641,100,0.367821127229821,5000,1718.24855511368,0.0294660991537374,1.98360396480188,-0.00236421297329186,0
GFM-MWT+AD,dvc,k_pdc,k_idc,1,0.01,0.5,0.5,1718.24855511359,0.0240610822003382,1.98208295162932,-0.00193202459970586,0
GFM-MWT+AD,dvc,k_pdc,k_idc,1,0.0135935639087853,0.5,0.679678195439263,1718.24855511365,0.0243449595226781,1.98206061238518,-0.00195484094681286,0
GFM-MWT+AD,dvc,k_pdc,k_idc,1,0.0184784979742229,0.5,0.923924898711145,1718.24855511354,0.0247413146104672,1.98203458999564,-0.00198669325336595,0
GFM-MWT+AD,dvc,k_pdc,k_idc,1,0.0251188643150958,0.5,1.25594321575479,1718.24855511345,0.0252930904560569,1.98200747089533,-0.00203102769715654,0
GFM-MWT+AD,dvc,k_pdc,k_idc,1,0.034145488738336,0.5,1.7072744369168,1718.24855511384,0.0260511881601972,1.98198593394295,-0.00209192518773806,0
GFM-MWT+AD,dvc,k_pdc,k_idc,1,0.0464158883361278,0.5,2.32079441680639,1718.24855511358,0.0270592557848348,1.98198362059462,-0.00217287575093057,0
GFM-MWT+AD,dvc,k_pdc,k_idc,1,0.0630957344480193,0.5,3.15478672240097,1718.24855511363,0.0283134358481493,1.98202289629914,-0.00227354165949947,0
GFM-MWT+AD,dvc,k_pdc,k_idc,1,0.0857695898590894,0.5,4.28847949295447,1718.24855511376,0.0296983462255209,1.98212981182601,-0.00238461938084226,0
GFM-MWT+AD,dvc,k_pdc,k_idc,1,0.116591440117983,0.5,5.82957200589916,1718.24855511352,0.0309584328430943,1.98231650466674,-0.00248556291873406,0
GFM-MWT+AD,dvc,k_pdc,k_idc,1,0.158489319246111,0.5,7.92446596230557,1718.24855511367,0.0318059335078991,1.98256156828993,-0.00255329020687882,0
GFM-MWT+AD,dvc,k_pdc,k_idc,1,0.215443469003188,0.5,10.7721734501594,1718.24855511378,0.0321196585876087,1.98281648699427,-0.00257814350387659,0
GFM-MWT+AD,dvc,k_pdc,k_idc,1,0.292864456462524,0.5,14.6432228231262,1718.24855511375,0.032003877436378,1.98303785083665,-0.00256856342275694,0
GFM-MWT+AD,dvc,k_pdc,k_idc,1,0.398107170553497,0.5,19.9053585276749,1718.24855511345,0.0316583274034395,1.98320787087713,-0.00254061266544561,0
GFM-MWT+AD,dvc,k_pdc,k_idc,1,0.541169526546464,0.5,27.0584763273232,1718.24855511335,0.0312464779005707,1.98332947374017,-0.00250740779328368,0
GFM-MWT+AD,dvc,k_pdc,k_idc,1,0.735642254459641,0.5,36.7821127229821,1718.24855511319,0.0308586539492453,1.98341355502086,-0.00247618165356818,0
GFM-MWT+AD,dvc,k_pdc,k_idc,1,1,0.5,50,1718.24855511376,0.0305302523060377,1.98347108653578,-0.00244975892060396,0
GFM-MWT+AD,dvc,k_pdc,k_idc,1,1.35935639087853,0.5,67.9678195439263,1718.24855511332,0.0302672561590159,1.98351054205537,-0.0024286078259619,0
GFM-MWT+AD,dvc,k_pdc,k_idc,1,1.84784979742229,0.5,92.3924898711145,1718.24855511359,0.0300631789000676,1.98353782471245,-0.00241219983152008,0
GFM-MWT+AD,dvc,k_pdc,k_idc,1,2.51188643150958,0.5,125.594321575479,1718.2485551129,0.0299077589361583,1.98355688352886,-0.00239970630822064,0
GFM-MWT+AD,dvc,k_pdc,k_idc,1,3.4145488738336,0.5,170.72744369168,1718.24855511404,0.0297907545746234,1.98357033190162,-0.00239030208698463,0
GFM-MWT+AD,dvc,k_pdc,k_idc,1,4.64158883361278,0.5,232.079441680639,1718.24855511385,0.0297033165500842,1.98357990645781,-0.00238327491313095,0
GFM-MWT+AD,dvc,k_pdc,k_idc,1,6.30957344480193,0.5,315.478672240097,1718.24855511384,0.0296382881057401,1.98358677412456,-0.00237804908789652,0
GFM-MWT+AD,dvc,k_pdc,k_idc,1,8.57695898590894,0.5,428.847949295447,1718.24855511423,0.029590082233379,1.98359172989527,-0.00237417534574419,0
GFM-MWT+AD,dvc,k_pdc,k_idc,1,11.6591440117983,0.5,582.957200589916,1718.24855511382,0.0295544261549133,1.98359532293695,-0.0023713101828689,0
GFM-MWT+AD,dvc,k_pdc,k_idc,1,15.8489319246111,0.5,792.446596230557,1718.24855511335,0.029528093318679,1.98359793746223,-0.00236919424723974,0
GFM-MWT+AD,dvc,k_pdc,k_idc,1,21.5443469003188,0.5,1077.21734501594,1718.2485551136,0.0295086670683744,1.98359984523086,-0.00236763330862412,0
GFM-MWT+AD,dvc,k_pdc,k_idc,1,29.2864456462524,0.5,1464.32228231262,1718.2485551135,0.0294943470433613,1.98360124019944,-0.00236648268100765,0
GFM-MWT+AD,dvc,k_pdc,k_idc,1,39.8107170553497,0.5,1990.53585276749,1718.24855511373,0.0294837969307888,1.9836022618102,-0.00236563497776134,0
GFM-MWT+AD,dvc,k_pdc,k_idc,1,54.1169526546464,0.5,2705.84763273232,1718.24855511345,0.029476027390319,1.9836030108583,-0.00236501069843142,0
GFM-MWT+AD,dvc,k_pdc,k_idc,1,73.5642254459641,0.5,3678.21127229821,1718.24855511369,0.029470307243521,1.98360356054528,-0.00236455108945109,0
GFM-MWT+AD,dvc,k_pdc,k_idc,1,100,0.5,5000,1718.24855511364,0.0294660968136664,1.98360396418587,-0.00236421278627148,0
GFM-MWT+AD,dvc,k_pdc,k_idc,1.35935639087853,0.01,0.679678195439263,0.5,1718.24855511326,0.0254437854064882,1.98248942001361,-0.0020426317182628,0
GFM-MWT+AD,dvc,k_pdc,k_idc,1.35935639087853,0.0135935639087853,0.679678195439263,0.679678195439263,1718.2485551133,0.02559586633877,1.98247684441101,-0.00205485378633673,0
GFM-MWT+AD,dvc,k_pdc,k_idc,1.35935639087853,0.0184784979742229,0.679678195439263,0.923924898711145,1718.24855511369,0.0258072443942461,1.9824614505344,-0.0020718393774413,0
GFM-MWT+AD,dvc,k_pdc,k_idc,1.35935639087853,0.0251188643150958,0.679678195439263,1.25594321575479,1718.24855511405,0.0261013390719937,1.98244375844287,-0.00209546828075097,0
GFM-MWT+AD,dvc,k_pdc,k_idc,1.35935639087853,0.034145488738336,0.679678195439263,1.7072744369168,1718.24855511387,0.0265089148415718,1.98242580481554,-0.00212820841426975,0
GFM-MWT+AD,dvc,k_pdc,k_idc,1.35935639087853,0.0464158883361278,0.679678195439263,2.32079441680639,1718.24855511413,0.0270657410654416,1.98241260957313,-0.00217292620551693,0
GFM-MWT+AD,dvc,k_pdc,k_idc,1.35935639087853,0.0630957344480193,0.679678195439263,3.15478672240097,1718.24855511415,0.0278011430112662,1.98241415596169,-0.00223196464743004,0
GFM-MWT+AD,dvc,k_pdc,k_idc,1.35935639087853,0.0857695898590894,0.679678195439263,4.28847949295447,1718.24855511416,0.0287090111159891,1.98244645274486,-0.00230481327146433,0
GFM-MWT+AD,dvc,k_pdc,k_idc,1.35935639087853,0.116591440117983,0.679678195439263,5.82957200589916,1718.24855511407,0.0297033846077264,1.98252768333634,-0.00238454528849674,0
GFM-MWT+AD,dvc,k_pdc,k_idc,1.35935639087853,0.158489319246111,0.679678195439263,7.92446596230557,1718.24855511374,0.0306010385713744,1.98266570972525,-0.00245643621845144,0
GFM-MWT+AD,dvc,k_pdc,k_idc,1.35935639087853,0.215443469003188,0.679678195439263,10.7721734501594,1718.24855511353,0.0311996371490716,1.98284466927875,-0.0025042611665394,0
GFM-MWT+AD,dvc,k_pdc,k_idc,1.35935639087853,0.292864456462524,0.679678195439263,14.6432228231262,1718.24855511344,0.0314160670665704,1.98302994503585,-0.00252139736213252,0
GFM-MWT+AD,dvc,k_pdc,k_idc,1.35935639087853,0.398107170553497,0.679678195439263,19.9053585276749,1718.24855511356,0.0313257486510994,1.98319076201879,-0.00251394474242803,0
GFM-MWT+AD,dvc,k_pdc,k_idc,1.35935639087853,0.541169526546464,0.679678195439263,27.0584763273232,1718.24855511388,0.0310711824781404,1.98331447712707,-0.002493359961093,0
GFM-MWT+AD,dvc,k_pdc,k_idc,1.35935639087853,0.735642254459641,0.679678195439263,36.7821127229821,1718.2485551138,0.0307693387094129,1.98340315748067,-0.00246902774466285,0
GFM-MWT+AD,dvc,k_pdc,k_idc,1.35935639087853,1,0.679678195439263,50,1718.24855511307,0.0304852308694907,1.98346460344543,-0.00244615440059482,0
GFM-MWT+AD,dvc,k_pdc,k_idc,1.35935639087853,1.35935639087853,0.679678195439263,67.9678195439263,1718.24855511398,0.0302445165662996,1.9835067195554,-0.00242678791617515,0
GFM-MWT+AD,dvc,k_pdc,k_idc,1.35935639087853,1.84784979742229,0.679678195439263,92.3924898711145,1718.2485551138,0.0300516015261665,1.98353564128302,-0.00241127354951507,0
GFM-MWT+AD,dvc,k_pdc,k_idc,1.35935639087853,2.51188643150958,0.679678195439263,125.594321575479,1718.24855511381,0.0299018053620239,1.98355565966365,-0.00239923009487887,0
GFM-MWT+AD,dvc,k_pdc,k_idc,1.35935639087853,3.4145488738336,0.679678195439263,170.72744369168,1718.24855511428,0.0297876626051102,1.98356965386296,-0.00239005481696517,0
GFM-MWT+AD,dvc,k_pdc,k_idc,1.35935639087853,4.64158883361278,0.679678195439263,232.079441680639,1718.24855511372,0.0297016965519179,1.98357953360431,-0.00238314537967507,0
GFM-MWT+AD,dvc,k_pdc,k_idc,1.35935639087853,6.30957344480193,0.679678195439263,315.478672240097,1718.24855511336,0.0296374330678459,1.98358657009634,-0.0023779807283055,0
GFM-MWT+AD,dvc,k_pdc,k_idc,1.35935639087853,8.57695898590894,0.679678195439263,428.847949295447,1718.24855511325,0.0295896282382702,1.98359161861501,-0.00237413905260968,0
GFM-MWT+AD,dvc,k_pdc,k_idc,1.35935639087853,11.6591440117983,0.679678195439263,582.957200589916,1718.24855511396,0.0295541839707254,1.98359526237766,-0.0023712908236366,0
GFM-MWT+AD,dvc,k_pdc,k_idc,1.35935639087853,15.8489319246111,0.679678195439263,792.446596230557,1718.24855511363,0.029527963683012,1.98359790455821,-0.00236918388524659,0
GFM-MWT+AD,dvc,k_pdc,k_idc,1.35935639087853,21.5443469003188,0.679678195439263,1077.21734501594,1718.24855511356,0.0295085974655671,1.98359982736748,-0.00236762774538307,0
GFM-MWT+AD,dvc,k_pdc,k_idc,1.35935639087853,29.2864456462524,0.679678195439263,1464.32228231262,1718.248555113,0.0294943096103031,1.98360123051746,-0.00236647968912904,0
GFM-MWT+AD,dvc,k_pdc,k_idc,1.35935639087853,39.8107170553497,0.679678195439263,1990.53585276749,1718.24855511332,0.0294837767688025,1.9836022565611,-0.00236563336633171,0
GFM-MWT+AD,dvc,k_pdc,k_idc,1.35935639087853,54.1169526546464,0.679678195439263,2705.84763273232,1718.24855511372,0.0294760165187538,1.98360300801701,-0.00236500982954325,0
GFM-MWT+AD,dvc,k_pdc,k_idc,1.35935639087853,73.5642254459641,0.679678195439263,3678.21127229821,1718.24855511366,0.029470301377883,1.98360355900635,-0.00236455062065853,0
GFM-MWT+AD,dvc,k_pdc,k_idc,1.35935639087853,100,0.679678195439263,5000,1718.24855511365,0.02946609364269,1.98360396335255,-0.00236421253284277,0
GFM-MWT+AD,dvc,k_pdc,k_idc,1.84784979742229,0.01,0.923924898711145,0.5,1718.24855511385,0.0264809054563395,1.98278659244543,-0.00212557291648978,0
GFM-MWT+AD,dvc,k_pdc,k_idc,1.84784979742229,0.0135935639087853,0.923924898711145,0.679678195439263,1718.24855511373,0.0265625620079906,1.98277959636231,-0.00213213482893069,0
GFM-MWT+AD,dvc,k_pdc,k_idc,1.84784979742229,0.0184784979742229,0.923924898711145,0.923924898711145,1718.24855511406,0.0266755493512658,1.98277075372752,-0.00214121365189258,0
GFM-MWT+AD,dvc,k_pdc,k_idc,1.84784979742229,0.0251188643150958,0.923924898711145,1.25594321575479,1718.24855511378,0.0268322854046175,1.9827599986691,-0.00215380628734786,0
GFM-MWT+AD,dvc,k_pdc,k_idc,1.84784979742229,0.034145488738336,0.923924898711145,1.7072744369168,1718.24855511378,0.0270498028450861,1.98274777360985,-0.00217127954529673,0
GFM-MWT+AD,dvc,k_pdc,k_idc,1.84784979742229,0.0464158883361278,0.923924898711145,2.32079441680639,1718.2485551139,0.0273502737279435,1.98273564517101,-0.00219541156639263,0
GFM-MWT+AD,dvc,k_pdc,k_idc,1.84784979742229,0.0630957344480193,0.923924898711145,3.15478672240097,1718.24855511365,0.027759106186634,1.98272735661647,-0.00222823777706008,0
GFM-MWT+AD,dvc,k_pdc,k_idc,1.84784979742229,0.0857695898590894,0.923924898711145,4.28847949295447,1718.24855511365,0.0282964078394144,1.98273021418264,-0.0022713637640339,0
GFM-MWT+AD,dvc,k_pdc,k_idc,1.84784979742229,0.116591440117983,0.923924898711145,5.82957200589916,1718.24855511331,0.0289560230395713,1.98275574870866,-0.00232428111925582,0
GFM-MWT+AD,dvc,k_pdc,k_idc,1.84784979742229,0.158489319246111,0.923924898711145,7.92446596230557,1718.24855511356,0.0296742762665957,1.98281681840271,-0.0023818611531773,0
GFM-MWT+AD,dvc,k_pdc,k_idc,1.84784979742229,0.215443469003188,0.923924898711145,10.7721734501594,1718.24855511351,0.0303189958849561,1.98291866263967,-0.00243348548171111,0
GFM-MWT+AD,dvc,k_pdc,k_idc,1.84784979742229,0.292864456462524,0.923924898711145,14.6432228231262,1718.24855511391,0.0307462260160463,1.98304957399773,-0.00246761302275939,0
GFM-MWT+AD,dvc,k_pdc,k_idc,1.84784979742229,0.398107170553497,0.923924898711145,19.9053585276749,1718.24855511318,0.0308978993196677,1.98318465707252,-0.00247961694970327,0
GFM-MWT+AD,dvc,k_pdc,k_idc,1.84784979742229,0.541169526546464,0.923924898711145,27.0584763273232,1718.24855511362,0.0308287701151897,1.9833018764145,-0.00247392300528304,0
GFM-MWT+AD,dvc,k_pdc,k_idc,1.84784979742229,0.735642254459641,0.923924898711145,36.7821127229821,1718.24855511362,0.0306413282048124,1.98339215995639,-0.0024587694778246,0
GFM-MWT+AD,dvc,k_pdc,k_idc,1.84784979742229,1,0.923924898711145,50,1718.24855511342,0.0304198926056027,1.98345698140122,-0.00244092102772786,0
GFM-MWT+AD,dvc,k_pdc,k_idc,1.84784979742229,1.35935639087853,0.923924898711145,67.9678195439263,1718.24855511365,0.0302115334810023,1.98350196475482,-0.00242414721502677,0
GFM-MWT+AD,dvc,k_pdc,k_idc,1.84784979742229,1.84784979742229,0.923924898711145,92.3924898711145,1718.24855511388,0.0300349237648413,1.98353283607661,-0.00240993877910489,0
GFM-MWT+AD,dvc,k_pdc,k_idc,1.84784979742229,2.51188643150958,0.923924898711145,125.594321575479,1718.24855511358,0.0298933072024296,1.98355405641485,-0.00239855017093798,0
GFM-MWT+AD,dvc,k_pdc,k_idc,1.84784979742229,3.4145488738336,0.923924898711145,170.72744369168,1718.24855511413,0.0297832898749532,1.98356875479861,-0.00238970504998356,0
GFM-MWT+AD,dvc,k_pdc,k_idc,1.84784979742229,4.64158883361278,0.923924898711145,232.079441680639,1718.24855511421,0.0296994245890226,1.98357903532832,-0.00238296368608923,0
GFM-MWT+AD,dvc,k_pdc,k_idc,1.84784979742229,6.30957344480193,0.923924898711145,315.478672240097,1718.24855511329,0.0296362422721625,1.98358629601599,-0.00237788551305924,0
GFM-MWT+AD,dvc,k_pdc,k_idc,1.84784979742229,8.57695898590894,0.923924898711145,428.847949295447,1718.24855511316,0.0295889995627046,1.98359146859551,-0.00237408879033826,0
GFM-MWT+AD,dvc,k_pdc,k_idc,1.84784979742229,11.6591440117983,0.923924898711145,582.957200589916,1718.24855511404,0.0295538501437678,1.98359518055023,-0.00237126413687747,0
GFM-MWT+AD,dvc,k_pdc,k_idc,1.84784979742229,15.8489319246111,0.923924898711145,792.446596230557,1718.24855511418,0.0295277855696354,1.9835978600216,-0.00236916964754681,0
GFM-MWT+AD,dvc,k_pdc,k_idc,1.84784979742229,21.5443469003188,0.923924898711145,1077.21734501594,1718.24855511389,0.0295085020948771,1.98359980316559,-0.00236762012222827,0
GFM-MWT+AD,dvc,k_pdc,k_idc,1.84784979742229,29.2864456462524,0.923924898711145,1464.32228231262,1718.24855511401,0.029494258395905,1.98360121737425,-0.00236647559563831,0
GFM-MWT+AD,dvc,k_pdc,k_idc,1.84784979742229,39.8107170553497,0.923924898711145,1990.53585276749,1718.24855511357,0.029483749223125,1.98360224943866,-0.00236563116470839,0
GFM-MWT+AD,dvc,k_pdc,k_idc,1.84784979742229,54.1169526546464,0.923924898711145,2705.84763273232,1718.24855511394,0.0294760016807083,1.98360300415677,-0.00236500864362096,0
GFM-MWT+AD,dvc,k_pdc,k_idc,1.84784979742229,73.5642254459641,0.923924898711145,3678.21127229821,1718.24855511366,0.0294702933588222,1.9836035569096,-0.00236454997975194,0
GFM-MWT+AD,dvc,k_pdc,k_idc,1.84784979742229,100,0.923924898711145,5000,1718.24855511348,0.0294660893258574,1.98360396222067,-0.00236421218783261,0
GFM-MWT+AD,dvc,k_pdc,k_idc,2.51188643150958,0.01,1.25594321575479,0.5,1718.2485551134,0.0272545341748998,1.98300418972979,-0.00218743030420469,0
GFM-MWT+AD,dvc,k_pdc,k_idc,2.51188643150958,0.0135935639087853,1.25594321575479,0.679678195439263,1718.24855511357,0.0272984588438441,1.98300032873272,-0.00219095991711003,0
GFM-MWT+AD,dvc,k_pdc,k_idc,2.51188643150958,0.0184784979742229,1.25594321575479,0.923924898711145,1718.24855511373,0.0273589986789251,1.98299534295756,-0.00219582430980276,0
GFM-MWT+AD,dvc,k_pdc,k_idc,2.51188643150958,0.0251188643150958,1.25594321575479,1.25594321575479,1718.24855511389,0.0274426772044483,1.98298906132831,-0.00220254726551596,0
GFM-MWT+AD,dvc,k_pdc,k_idc,2.51188643150958,0.034145488738336,1.25594321575479,1.7072744369168,1718.24855511387,0.0275585920972119,1.98298145978244,-0.00221185901976279,0
GFM-MWT+AD,dvc,k_pdc,k_idc,2.51188643150958,0.0464158883361278,1.25594321575479,2.32079441680639,1718.24855511373,0.0277191622056976,1.98297289535117,-0.00222475595906297,0
GFM-MWT+AD,dvc,k_pdc,k_idc,2.51188643150958,0.0630957344480193,1.25594321575479,3.15478672240097,1718.24855511414,0.0279404452541616,1.98296455585506,-0.00224252560631513,0
GFM-MWT+AD,dvc,k_pdc,k_idc,2.51188643150958,0.0857695898590894,1.25594321575479,4.28847949295447,1718.24855511396,0.028240643935421,1.9829592193808,-0.00226662580282391,0
GFM-MWT+AD,dvc,k_pdc,k_idc,2.51188643150958,0.116591440117983,1.25594321575479,5.82957200589916,1718.24855511387,0.0286337746338451,1.98296223655219,-0.00229817525197569,0
GFM-MWT+AD,dvc,k_pdc,k_idc,2.51188643150958,0.158489319246111,1.25594321575479,7.92446596230557,1718.2485551137,0.0291144531351845,1.98298195508165,-0.00233673154172488,0
GFM-MWT+AD,dvc,k_pdc,k_idc,2.51188643150958,0.215443469003188,1.25594321575479,10.7721734501594,1718.24855511378,0.0296356543826211,1.98302755873786,-0.0023785083188421,0
GFM-MWT+AD,dvc,k_pdc,k_idc,2.51188643150958,0.292864456462524,1.25594321575479,14.6432228231262,1718.24855511332,0.0301015732293635,1.98310262014127,-0.00241581053127842,0
GFM-MWT+AD,dvc,k_pdc,k_idc,2.51188643150958,0.398107170553497,1.25594321575479,19.9053585276749,1718.2485551136,0.0304088886792173,1.98319851501305,-0.00244035607099926,0
GFM-MWT+AD,dvc,k_pdc,k_idc,2.51188643150958,0.541169526546464,1.25594321575479,27.0584763273232,1718.24855511363,0.0305164738942839,1.98329723351781,-0.00244886798648257,0
GFM-MWT+AD,dvc,k_pdc,k_idc,2.51188643150958,0.735642254459641,1.25594321575479,36.7821127229821,1718.24855511333,0.0304642030102136,1.98338288325701,-0.00244456783919464,0
GFM-MWT+AD,dvc,k_pdc,k_idc,2.51188643150958,1,1.25594321575479,50,1718.24855511355,0.030326229261554,1.98344890993748,-0.00243341533922127,0
GFM-MWT+AD,dvc,k_pdc,k_idc,2.51188643150958,1.35935639087853,1.25594321575479,67.9678195439263,1718.24855511391,0.0301636645407655,1.98349637213549,-0.00242031309954085,0
GFM-MWT+AD,dvc,k_pdc,k_idc,2.51188643150958,1.84784979742229,1.25594321575479,92.3924898711145,1718.24855511379,0.0300107335733439,1.98352934603485,-0.00240800205741854,0
GFM-MWT+AD,dvc,k_pdc,k_idc,2.51188643150958,2.51188643150958,1.25594321575479,125.594321575479,1718.24855511368,0.0298810655120906,1.98355199643709,-0.00239757042964819,0
GFM-MWT+AD,dvc,k_pdc,k_idc,2.51188643150958,3.4145488738336,1.25594321575479,170.72744369168,1718.24855511295,0.0297770482835118,1.98356757698038,-0.00238920566845883,0
GFM-MWT+AD,dvc,k_pdc,k_idc,2.51188643150958,4.64158883361278,1.25594321575479,232.079441680639,1718.2485551133,0.0296962115505272,1.98357837461936,-0.00238270667977496,0
GFM-MWT+AD,dvc,k_pdc,k_idc,2.51188643150958,6.30957344480193,1.25594321575479,315.478672240097,1718.24855511352,0.0296345723446829,1.98358592974551,-0.00237775196501849,0
GFM-MWT+AD,dvc,k_pdc,k_idc,2.51188643150958,8.57695898590894,1.25594321575479,428.847949295447,1718.24855511373,0.029588124172889,1.98359126710116,-0.00237401879452918,0
GFM-MWT+AD,dvc,k_pdc,k_idc,2.51188643150958,11.6591440117983,1.25594321575479,582.957200589916,1718.24855511331,0.029553387891373,1.98359507024092,-0.00237122717995863,0
GFM-MWT+AD,dvc,k_pdc,k_idc,2.51188643150958,15.8489319246111,1.25594321575479,792.446596230557,1718.24855511399,0.0295275400926716,1.98359779984955,-0.00236915002361584,0
GFM-MWT+AD,dvc,k_pdc,k_idc,2.51188643150958,21.5443469003188,1.25594321575479,1077.21734501594,1718.2485551136,0.029508371121145,1.98359977041203,-0.00236760965267974,0
GFM-MWT+AD,dvc,k_pdc,k_idc,2.51188643150958,29.2864456462524,1.25594321575479,1464.32228231262,1718.24855511364,0.0294941882886448,1.98360119958475,-0.00236646999182789,0
GFM-MWT+AD,dvc,k_pdc,k_idc,2.51188643150958,39.8107170553497,1.25594321575479,1990.53585276749,1718.24855511364,0.0294837115521658,1.98360223977166,-0.00236562815372137,0
GFM-MWT+AD,dvc,k_pdc,k_idc,2.51188643150958,54.1169526546464,1.25594321575479,2705.84763273232,1718.24855511345,0.029475981393049,1.98360299890805,-0.00236500702210649,0
GFM-MWT+AD,dvc,k_pdc,k_idc,2.51188643150958,73.5642254459641,1.25594321575479,3678.21127229821,1718.24855511387,0.0294702824484236,1.98360355407211,-0.00236454910774304,0
GFM-MWT+AD,dvc,k_pdc,k_idc,2.51188643150958,100,1.25594321575479,5000,1718.24855511382,0.029466083445727,1.98360396068448,-0.00236421171787382,0
GFM-MWT+AD,dvc,k_pdc,k_idc,3.4145488738336,0.01,1.7072744369168,0.5,1718.24855511335,0.0278293815199783,1.98316370701197,-0.00223338727407886,0
GFM-MWT+AD,dvc,k_pdc,k_idc,3.4145488738336,0.0135935639087853,1.7072744369168,0.679678195439263,1718.248555114,0.0278530441189542,1.98316158800494,-0.00223528864407034,0
GFM-MWT+AD,dvc,k_pdc,k_idc,3.4145488738336,0.0184784979742229,1.7072744369168,0.923924898711145,1718.24855511396,0.0278855520593588,1.98315881116203,-0.00223790062227833,0
GFM-MWT+AD,dvc,k_pdc,k_idc,3.4145488738336,0.0251188643150958,1.7072744369168,1.25594321575479,1718.24855511382,0.0279303302252885,1.98315523121428,-0.00224149823493184,0
GFM-MWT+AD,dvc,k_pdc,k_idc,3.4145488738336,0.034145488738336,1.7072744369168,1.7072744369168,1718.24855511346,0.0279921745581542,1.98315073189748,-0.00224646651189358,0
GFM-MWT+AD,dvc,k_pdc,k_idc,3.4145488738336,0.0464158883361278,1.7072744369168,2.32079441680639,1718.24855511345,0.0280777557281833,1.98314530858418,-0.0022533408170661,0
GFM-MWT+AD,dvc,k_pdc,k_idc,3.4145488738336,0.0630957344480193,1.7072744369168,3.15478672240097,1718.24855511371,0.0281961474507508,1.9831392406768,-0.00226284905348081,0
GFM-MWT+AD,dvc,k_pdc,k_idc,3.4145488738336,0.0857695898590894,1.7072744369168,4.28847949295447,1718.24855511399,0.0283590239305699,1.98313342041954,-0.00227592712813179,0
GFM-MWT+AD,dvc,k_pdc,k_idc,3.4145488738336,0.116591440117983,1.7072744369168,5.82957200589916,1718.24855511332,0.0285795123767776,1.98312990360139,-0.00229362619829556,0
GFM-MWT+AD,dvc,k_pdc,k_idc,3.4145488738336,0.158489319246111,1.7072744369168,7.92446596230557,1718.2485551135,0.028867511109241,1.98313261187208,-0.00231673602187413,0
GFM-MWT+AD,dvc,k_pdc,k_idc,3.4145488738336,0.215443469003188,1.7072744369168,10.7721734501594,1718.24855511365,0.0292186131186611,1.98314761258208,-0.00234489550536804,0
GFM-MWT+AD,dvc,k_pdc,k_idc,3.4145488738336,0.292864456462524,1.7072744369168,14.6432228231262,1718.24855511359,0.0295981469680824,1.9831815148711,-0.00237531364217415,0
GFM-MWT+AD,dvc,k_pdc,k_idc,3.4145488738336,0.398107170553497,1.7072744369168,19.9053585276749,1718.24855511387,0.0299364088951704,1.98323679944792,-0.00240239274814765,0
GFM-MWT+AD,dvc,k_pdc,k_idc,3.4145488738336,0.541169526546464,1.7072744369168,27.0584763273232,1718.24855511331,0.0301587605385583,1.98330711890669,-0.00242015052262796,0
GFM-MWT+AD,dvc,k_pdc,k_idc,3.4145488738336,0.735642254459641,1.7072744369168,36.7821127229821,1718.24855511324,0.0302357794166803,1.98337938735741,-0.00242624261361944,0
GFM-MWT+AD,dvc,k_pdc,k_idc,3.4145488738336,1,1.7072744369168,50,1718.24855511365,0.0301965748684578,1.98344208210456,-0.00242302010742669,0
GFM-MWT+AD,dvc,k_pdc,k_idc,3.4145488738336,1.35935639087853,1.7072744369168,67.9678195439263,1718.24855511383,0.0300950341793405,1.98349044460405,-0.00241481349194826,0
GFM-MWT+AD,dvc,k_pdc,k_idc,3.4145488738336,1.84784979742229,1.7072744369168,92.3924898711145,1718.24855511408,0.0299756249467826,1.98352523967492,-0.00240519000605594,0
GFM-MWT+AD,dvc,k_pdc,k_idc,3.4145488738336,2.51188643150958,1.7072744369168,125.594321575479,1718.24855511385,0.0298633098062588,1.98354943322952,-0.0023961488676157,0
GFM-MWT+AD,dvc,k_pdc,k_idc,3.4145488738336,3.4145488738336,1.7072744369168,170.72744369168,1718.24855511349,0.029768057493078,1.98356606356093,-0.00238848610551217,0
GFM-MWT+AD,dvc,k_pdc,k_idc,3.4145488738336,4.64158883361278,1.7072744369168,232.079441680639,1718.24855511369,0.0296916254584826,1.98357750904149,-0.0023823397515386,0
GFM-MWT+AD,dvc,k_pdc,k_idc,3.4145488738336,6.30957344480193,1.7072744369168,315.478672240097,1718.24855511328,0.0296322107590251,1.98358544407009,-0.00237756306464331,0
GFM-MWT+AD,dvc,k_pdc,k_idc,3.4145488738336,8.57695898590894,1.7072744369168,428.847949295447,1718.24855511372,0.0295868964668801,1.98359099781004,-0.00237392061172343,0
GFM-MWT+AD,dvc,k_pdc,k_idc,3.4145488738336,11.6591440117983,1.7072744369168,582.957200589916,1718.24855511344,0.0295527442018606,1.98359492207104,-0.00237117571069942,0
GFM-MWT+AD,dvc,k_pdc,k_idc,3.4145488738336,15.8489319246111,1.7072744369168,792.446596230557,1718.24855511407,0.0295272001541687,1.98359771872561,-0.00236912284560321,0
GFM-MWT+AD,dvc,k_pdc,k_idc,3.4145488738336,21.5443469003188,1.7072744369168,1077.21734501594,1718.24855511385,0.0295081905571413,1.9835997261525,-0.00236759521800171,0
GFM-MWT+AD,dvc,k_pdc,k_idc,3.4145488738336,29.2864456462524,1.7072744369168,1464.32228231262,1718.24855511366,0.0294940919064499,1.98360117548052,-0.00236646228738989,0
GFM-MWT+AD,dvc,k_pdc,k_idc,3.4145488738336,39.8107170553497,1.7072744369168,1990.53585276749,1718.24855511396,0.0294836599556623,1.98360222667712,-0.00236562402951093,0
GFM-MWT+AD,dvc,k_pdc,k_idc,3.4145488738336,54.1169526546464,1.7072744369168,2705.84763273232,1718.24855511363,0.0294759537221021,1.98360299181146,-0.00236500481039998,0
GFM-MWT+AD,dvc,k_pdc,k_idc,3.4145488738336,73.5642254459641,1.7072744369168,3678.21127229821,1718.2485551138,0.0294702675679179,1.98360355022308,-0.00236454791840003,0
GFM-MWT+AD,dvc,k_pdc,k_idc,3.4145488738336,100,1.7072744369168,5000,1718.24855511356,0.0294660754149259,1.98360395859273,-0.00236421107601905,0
GFM-MWT+AD,dvc,k_pdc,k_idc,4.64158883361278,0.01,2.32079441680639,0.5,1718.2485551137,0.0282553480391293,1.98328075077774,-0.00226743830762568,0
GFM-MWT+AD,dvc,k_pdc,k_idc,4.64158883361278,0.0135935639087853,2.32079441680639,0.679678195439263,1718.24855511376,0.0282681097598608,1.98327959235408,-0.00226846373133025,0
GFM-MWT+AD,dvc,k_pdc,k_idc,4.64158883361278,0.0184784979742229,2.32079441680639,0.923924898711145,1718.24855511353,0.0282855969717923,1.98327805862066,-0.00226986879599684,0
GFM-MWT+AD,dvc,k_pdc,k_idc,4.64158883361278,0.0251188643150958,2.32079441680639,1.25594321575479,1718.24855511383,0.0283096133460303,1.98327605043711,-0.00227179835764217,0
GFM-MWT+AD,dvc,k_pdc,k_idc,4.64158883361278,0.034145488738336,2.32079441680639,1.7072744369168,1718.24855511364,0.0283426805936124,1.9832734646691,-0.00227445489972974,0
GFM-MWT+AD,dvc,k_pdc,k_idc,4.64158883361278,0.0464158883361278,2.32079441680639,2.32079441680639,1718.24855511387,0.0283883246587229,1.98327022097158,-0.00227812147005009,0
GFM-MWT+AD,dvc,k_pdc,k_idc,4.64158883361278,0.0630957344480193,2.32079441680639,3.15478672240097,1718.24855511384,0.0284514401212435,1.98326632292312,-0.00228319085459927,0
GFM-MWT+AD,dvc,k_pdc,k_idc,4.64158883361278,0.0857695898590894,2.32079441680639,4.28847949295447,1718.24855511423,0.0285386676995605,1.98326198500683,-0.00229019572622936,0
GFM-MWT+AD,dvc,k_pdc,k_idc,4.64158883361278,0.116591440117983,2.32079441680639,5.82957200589916,1718.24855511347,0.0286585198538197,1.9832578733124,-0.00229981844291109,0
GFM-MWT+AD,dvc,k_pdc,k_idc,4.64158883361278,0.158489319246111,2.32079441680639,7.92446596230557,1718.24855511335,0.0288205113481748,1.98325550627062,-0.00231282079435649,0
GFM-MWT+AD,dvc,k_pdc,k_idc,4.64158883361278,0.215443469003188,2.32079441680639,10.7721734501594,1718.24855511364,0.0290317033389415,1.98325776043637,-0.00232976602700035,0
GFM-MWT+AD,dvc,k_pdc,k_idc,4.64158883361278,0.292864456462524,2.32079441680639,14.6432228231262,1718.24855511342,0.0292886191099603,1.98326905917393,-0.00235036976485148,0
GFM-MWT+AD,dvc,k_pdc,k_idc,4.64158883361278,0.398107170553497,2.32079441680639,19.9053585276749,1718.24855511394,0.0295657188697229,1.9832941858559,-0.00237257644061385,0
GFM-MWT+AD,dvc,k_pdc,k_idc,4.64158883361278,0.541169526546464,2.32079441680639,27.0584763273232,1718.24855511362,0.0298121456677891,1.98333488756154,-0.0023923023789758,0
GFM-MWT+AD,dvc,k_pdc,k_idc,4.64158883361278,0.735642254459641,2.32079441680639,36.7821127229821,1718.24855511354,0.0299737226743799,1.98338649450932,-0.00240520561225596,0
GFM-MWT+AD,dvc,k_pdc,k_idc,4.64158883361278,1,2.32079441680639,50,1718.24855511374,0.0300292445498974,1.98343946757937,-0.00240959651698224,0
GFM-MWT+AD,dvc,k_pdc,k_idc,4.64158883361278,1.35935639087853,2.32079441680639,67.9678195439263,1718.24855511397,0.0300000029645621,1.98348542000989,-0.00240719436747074,0
GFM-MWT+AD,dvc,k_pdc,k_idc,4.64158883361278,1.84784979742229,2.32079441680639,92.3924898711145,1718.24855511362,0.0299252844278287,1.98352088466161,-0.00240115606897421,0
GFM-MWT+AD,dvc,k_pdc,k_idc,4.64158883361278,2.51188643150958,2.32079441680639,125.594321575479,1718.24855511323,0.0298375396367794,1.9835464166527,-0.00239408479369008,0
GFM-MWT+AD,dvc,k_pdc,k_idc,4.64158883361278,3.4145488738336,2.32079441680639,170.72744369168,1718.24855511377,0.0297550171137645,1.98356418023217,-0.00238744206326898,0
GFM-MWT+AD,dvc,k_pdc,k_idc,4.64158883361278,4.64158883361278,2.32079441680639,232.079441680639,1718.2485551134,0.0296850193968236,1.98357639677394,-0.00238181104559303,0
GFM-MWT+AD,dvc,k_pdc,k_idc,4.64158883361278,6.30957344480193,2.32079441680639,315.478672240097,1718.24855511325,0.0296288399862268,1.98358480778641,-0.00237729337221251,0
GFM-MWT+AD,dvc,k_pdc,k_idc,4.64158883361278,8.57695898590894,2.32079441680639,428.847949295447,1718.24855511357,0.0295851602757233,1.98359064071957,-0.00237378173560466,0
GFM-MWT+AD,dvc,k_pdc,k_idc,4.64158883361278,11.6591440117983,2.32079441680639,582.957200589916,1718.2485551136,0.0295518414579633,1.98359472404946,-0.00237110351581058,0
GFM-MWT+AD,dvc,k_pdc,k_idc,4.64158883361278,15.8489319246111,2.32079441680639,792.446596230557,1718.24855511351,0.029526726754274,1.98359760975456,-0.002369084992596,0
GFM-MWT+AD,dvc,k_pdc,k_idc,4.64158883361278,21.5443469003188,2.32079441680639,1077.21734501594,1718.24855511361,0.029507940548307,1.98359966649165,-0.00236757522981762,0
GFM-MWT+AD,dvc,k_pdc,k_idc,4.64158883361278,29.2864456462524,2.32079441680639,1464.32228231262,1718.24855511306,0.029493959132646,1.98360114293866,-0.00236645167314866,0
GFM-MWT+AD,dvc,k_pdc,k_idc,4.64158883361278,39.8107170553497,2.32079441680639,1990.53585276749,1718.24855511388,0.0294835891210367,1.98360220896632,-0.00236561836724191,0
GFM-MWT+AD,dvc,k_pdc,k_idc,4.64158883361278,54.1169526546464,2.32079441680639,2705.84763273232,1718.24855511395,0.0294759157555249,1.98360298217497,-0.00236500177565585,0
GFM-MWT+AD,dvc,k_pdc,k_idc,4.64158883361278,73.5642254459641,2.32079441680639,3678.21127229821,1718.24855511403,0.0294702471883495,1.98360354499382,-0.00236454628948728,0
GFM-MWT+AD,dvc,k_pdc,k_idc,4.64158883361278,100,2.32079441680639,5000,1718.24855511363,0.0294660644516969,1.98360395575907,-0.00236421019976645,0
GFM-MWT+AD,dvc,k_pdc,k_idc,6.30957344480193,0.01,3.15478672240097,0.5,1718.24855511381,0.0285703689565854,1.98336668758908,-0.00229261866894812,0
GFM-MWT+AD,dvc,k_pdc,k_idc,6.30957344480193,0.0135935639087853,3.15478672240097,0.679678195439263,1718.24855511343,0.0285772575952148,1.98336605606144,-0.00229317217246514,0
GFM-MWT+AD,dvc,k_pdc,k_idc,6.30957344480193,0.0184784979742229,3.15478672240097,0.923924898711145,1718.24855511356,0.0285866781778489,1.98336521381155,-0.00229392909401738,0
GFM-MWT+AD,dvc,k_pdc,k_idc,6.30957344480193,0.0251188643150958,3.15478672240097,1.25594321575479,1718.24855511421,0.0285995848134162,1.98336409918353,-0.0022949660672555,0
GFM-MWT+AD,dvc,k_pdc,k_idc,6.30957344480193,0.034145488738336,3.15478672240097,1.7072744369168,1718.24855511342,0.0286173062218444,1.98336264069228,-0.00229638979812854,0
GFM-MWT+AD,dvc,k_pdc,k_idc,6.30957344480193,0.0464158883361278,3.15478672240097,2.32079441680639,1718.24855511355,0.0286416984949882,1.98336076447072,-0.00229834931487031,0
GFM-MWT+AD,dvc,k_pdc,k_idc,6.30957344480193,0.0630957344480193,3.15478672240097,3.15478672240097,1718.24855511368,0.0286753540356539,1.98335841418871,-0.0023010527117295,0
GFM-MWT+AD,dvc,k_pdc,k_idc,6.30957344480193,0.0857695898590894,3.15478672240097,4.28847949295447,1718.24855511348,0.0287218665292059,1.98335559626886,-0.00230478835980813,0
GFM-MWT+AD,dvc,k_pdc,k_idc,6.30957344480193,0.116591440117983,3.15478672240097,5.82957200589916,1718.24855511377,0.0287861022471063,1.98335247327044,-0.00230994656962379,0
GFM-MWT+AD,dvc,k_pdc,k_idc,6.30957344480193,0.158489319246111,3.15478672240097,7.92446596230557,1718.24855511328,0.0288742822550659,1.98334954035353,-0.00231702598050738,0
GFM-MWT+AD,dvc,k_pdc,k_idc,6.30957344480193,0.215443469003188,3.15478672240097,10.7721734501594,1718.24855511393,0.028993329148622,1.98334791764163,-0.00232658078833424,0
GFM-MWT+AD,dvc,k_pdc,k_idc,6.30957344480193,0.292864456462524,3.15478672240097,14.6432228231262,1718.24855511343,0.0291483193983872,1.98334971654823,-0.00233901585086402,0
GFM-MWT+AD,dvc,k_pdc,k_idc,6.30957344480193,0.398107170553497,3.15478672240097,19.9053585276749,1718.24855511347,0.0293365709350912,1.98335816932588,-0.00235411203698734,0
GFM-MWT+AD,dvc,k_pdc,k_idc,6.30957344480193,0.541169526546464,3.15478672240097,27.0584763273232,1718.24855511392,0.0295392803656669,1.98337675264474,-0.00237035614735731,0
GFM-MWT+AD,dvc,k_pdc,k_idc,6.30957344480193,0.735642254459641,3.15478672240097,36.7821127229821,1718.24855511358,0.0297192628851215,1.98340671039387,-0.00238476259988764,0
GFM-MWT+AD,dvc,k_pdc,k_idc,6.30957344480193,1,3.15478672240097,50,1718.24855511369,0.0298370543967032,1.98344460753871,-0.00239416874388521,0
GFM-MWT+AD,dvc,k_pdc,k_idc,6.30957344480193,1.35935639087853,3.15478672240097,67.9678195439263,1718.24855511427,0.0298772890694176,1.98348347377281,-0.00239735023756033,0
GFM-MWT+AD,dvc,k_pdc,k_idc,6.30957344480193,1.84784979742229,3.15478672240097,92.3924898711145,1718.24855511344,0.0298555629311628,1.98351718745553,-0.00239556622702905,0
GFM-MWT+AD,dvc,k_pdc,k_idc,6.30957344480193,2.51188643150958,3.15478672240097,125.594321575479,1718.24855511382,0.0298005860949895,1.98354321589917,-0.00239112361519898,0
GFM-MWT+AD,dvc,k_pdc,k_idc,6.30957344480193,3.4145488738336,3.15478672240097,170.72744369168,1718.24855511319,0.0297360902023265,1.98356196337963,-0.00238592610699782,0
GFM-MWT+AD,dvc,k_pdc,k_idc,6.30957344480193,4.64158883361278,3.15478672240097,232.079441680639,1718.24855511363,0.0296754378458804,1.98357501253841,-0.00238104392499298,0
GFM-MWT+AD,dvc,k_pdc,k_idc,6.30957344480193,6.30957344480193,3.15478672240097,315.478672240097,1718.24855511355,0.0296239845577684,1.98358399013563,-0.00237690477505244,0
GFM-MWT+AD,dvc,k_pdc,k_idc,6.30957344480193,8.57695898590894,3.15478672240097,428.847949295447,1718.24855511325,0.0295826821724374,1.98359017289614,-0.00237358346453282,0
GFM-MWT+AD,dvc,k_pdc,k_idc,6.30957344480193,11.6591440117983,3.15478672240097,582.957200589916,1718.2485551135,0.029550564782342,1.9835944614586,-0.00237100139569493,0
GFM-MWT+AD,dvc,k_pdc,k_idc,6.30957344480193,15.8489319246111,3.15478672240097,792.446596230557,1718.24855511359,0.0295260628275794,1.98359746411461,-0.00236903189649352,0
GFM-MWT+AD,dvc,k_pdc,k_idc,6.30957344480193,21.5443469003188,3.15478672240097,1077.21734501594,1718.24855511345,0.029507592372244,1.98359958634643,-0.00236754738965916,0
GFM-MWT+AD,dvc,k_pdc,k_idc,6.30957344480193,29.2864456462524,3.15478672240097,1464.32228231262,1718.2485551142,0.0294937751797506,1.98360109904337,-0.00236643696611346,0
GFM-MWT+AD,dvc,k_pdc,k_idc,6.30957344480193,39.8107170553497,3.15478672240097,1990.53585276749,1718.24855511343,0.0294834913859248,1.98360218501229,-0.00236561055406751,0
GFM-MWT+AD,dvc,k_pdc,k_idc,6.30957344480193,54.1169526546464,3.15478672240097,2705.84763273232,1718.24855511425,0.0294758636546579,1.98360296914424,-0.00236499761089932,0
GFM-MWT+AD,dvc,k_pdc,k_idc,6.30957344480193,73.5642254459641,3.15478672240097,3678.21127229821,1718.24855511384,0.0294702192758289,1.98360353791113,-0.0023645440583806,0
GFM-MWT+AD,dvc,k_pdc,k_idc,6.30957344480193,100,3.15478672240097,5000,1718.24855511364,0.0294660494589341,1.98360395191237,-0.00236420900141335,0
GFM-MWT+AD,dvc,k_pdc,k_idc,8.57695898590894,0.01,4.28847949295447,0.5,1718.24855511375,0.0288030081134231,1.98342981632718,-0.00231121304915799,0
GFM-MWT+AD,dvc,k_pdc,k_idc,8.57695898590894,0.0135935639087853,4.28847949295447,0.679678195439263,1718.24855511332,0.0288067289795673,1.98342947273345,-0.00231151201799759,0
GFM-MWT+AD,dvc,k_pdc,k_idc,8.57695898590894,0.0184784979742229,4.28847949295447,0.923924898711145,1718.24855511374,0.0288118096802077,1.98342901208975,-0.00231192023876687,0
GFM-MWT+AD,dvc,k_pdc,k_idc,8.57695898590894,0.0251188643150958,4.28847949295447,1.25594321575479,1718.24855511342,0.0288187571935188,1.98342839790319,-0.00231247843494995,0
GFM-MWT+AD,dvc,k_pdc,k_idc,8.57695898590894,0.034145488738336,4.28847949295447,1.7072744369168,1718.24855511334,0.0288282743385839,1.98342758534765,-0.00231324305451339,0
GFM-MWT+AD,dvc,k_pdc,k_idc,8.57695898590894,0.0464158883361278,4.28847949295447,2.32079441680639,1718.24855511322,0.0288413395896534,1.98342652263144,-0.0023142926728765,0
GFM-MWT+AD,dvc,k_pdc,k_idc,8.57695898590894,0.0630957344480193,4.28847949295447,3.15478672240097,1718.2485551134,0.0288593188881552,1.98342515650433,-0.00231573695869598,0
GFM-MWT+AD,dvc,k_pdc,k_idc,8.57695898590894,0.0857695898590894,4.28847949295447,4.28847949295447,1718.24855511372,0.0288841184254358,1.98342344702234,-0.00231772891652192,0
GFM-MWT+AD,dvc,k_pdc,k_idc,8.57695898590894,0.116591440117983,4.28847949295447,5.82957200589916,1718.24855511358,0.0289183779701483,1.98342140094877,-0.00232048036113017,0
GFM-MWT+AD,dvc,k_pdc,k_idc,8.57695898590894,0.158489319246111,4.28847949295447,7.92446596230557,1718.2485551132,0.0289656670343179,1.98341914042819,-0.00232427757813778,0
GFM-MWT+AD,dvc,k_pdc,k_idc,8.57695898590894,0.215443469003188,4.28847949295447,10.7721734501594,1718.24855511354,0.0290305397532458,1.98341703246804,-0.0023294855749052,0
GFM-MWT+AD,dvc,k_pdc,k_idc,8.57695898590894,0.292864456462524,4.28847949295447,14.6432228231262,1718.24855511365,0.0291180472419255,1.98341590271218,-0.00233650869466095,0
GFM-MWT+AD,dvc,k_pdc,k_idc,8.57695898590894,0.398107170553497,4.28847949295447,19.9053585276749,1718.2485551137,0.0292318604800547,1.98341730174578,-0.00234563966355577,0
GFM-MWT+AD,dvc,k_pdc,k_idc,8.57695898590894,0.541169526546464,4.28847949295447,27.0584763273232,1718.24855511383,0.0293699401982957,1.98342359556857,-0.00235671199553908,0
GFM-MWT+AD,dvc,k_pdc,k_idc,8.57695898590894,0.735642254459641,4.28847949295447,36.7821127229821,1718.24855511369,0.0295184467634866,1.98343731907166,-0.00236861205087971,0
GFM-MWT+AD,dvc,k_pdc,k_idc,8.57695898590894,1,4.28847949295447,50,1718.24855511355,0.0296501486711387,1.98345936523444,-0.00237915353929587,0
GFM-MWT+AD,dvc,k_pdc,k_idc,8.57695898590894,1.35935639087853,4.28847949295447,67.9678195439263,1718.24855511337,0.0297362245416306,1.98348720746673,-0.00238602680926089,0
GFM-MWT+AD,dvc,k_pdc,k_idc,8.57695898590894,1.84784979742229,4.28847949295447,92.3924898711145,1718.24855511326,0.0297654951051899,1.98351574343449,-0.0023883410978546,0
GFM-MWT+AD,dvc,k_pdc,k_idc,8.57695898590894,2.51188643150958,4.28847949295447,125.594321575479,1718.24855511371,0.0297493971231519,1.98354049560517,-0.00238701963867548,0
GFM-MWT+AD,dvc,k_pdc,k_idc,8.57695898590894,3.4145488738336,4.28847949295447,170.72744369168,1718.24855511374,0.0297089482761287,1.98355961038433,-0.00238375116816406,0
GFM-MWT+AD,dvc,k_pdc,k_idc,8.57695898590894,4.64158883361278,4.28847949295447,232.079441680639,1718.24855511384,0.0296615310085074,1.9835733829622,-0.00237993005492113,0
GFM-MWT+AD,dvc,k_pdc,k_idc,8.57695898590894,6.30957344480193,4.28847949295447,315.478672240097,1718.24855511401,0.0296169421504857,1.98358297249079,-0.00237634094403638,0
GFM-MWT+AD,dvc,k_pdc,k_idc,8.57695898590894,8.57695898590894,4.28847949295447,428.847949295447,1718.24855511329,0.0295791125318339,1.9835895716947,-0.00237329777329866,0
GFM-MWT+AD,dvc,k_pdc,k_idc,8.57695898590894,11.6591440117983,4.28847949295447,582.957200589916,1718.24855511422,0.0295487426637363,1.98359411745164,-0.00237085560926676,0
GFM-MWT+AD,dvc,k_pdc,k_idc,8.57695898590894,15.8489319246111,4.28847949295447,792.446596230557,1718.24855511371,0.0295251240341713,1.98359727101599,-0.00236895680317613,0
GFM-MWT+AD,dvc,k_pdc,k_idc,8.57695898590894,21.5443469003188,4.28847949295447,1077.21734501594,1718.2485551141,0.0295071041250421,1.98359947924015,-0.002367508343105,0
GFM-MWT+AD,dvc,k_pdc,k_idc,8.57695898590894,29.2864456462524,4.28847949295447,1464.32228231262,1718.24855511369,0.0294935191214032,1.98360104009701,-0.00236641649167505,0
GFM-MWT+AD,dvc,k_pdc,k_idc,8.57695898590894,39.8107170553497,4.28847949295447,1990.53585276749,1718.24855511378,0.0294833561206473,1.98360215272972,-0.00236559973960594,0
GFM-MWT+AD,dvc,k_pdc,k_idc,8.57695898590894,54.1169526546464,4.28847949295447,2705.84763273232,1718.24855511387,0.029475791795974,1.9836029515332,-0.00236499186634295,0
GFM-MWT+AD,dvc,k_pdc,k_idc,8.57695898590894,73.5642254459641,4.28847949295447,3678.21127229821,1718.24855511343,0.0294701809191678,1.98360352832051,-0.00236454099228215,0
GFM-MWT+AD,dvc,k_pdc,k_idc,8.57695898590894,100,4.28847949295447,5000,1718.24855511403,0.0294660289178257,1.9836039466972,-0.00236420735952216,0
GFM-MWT+AD,dvc,k_pdc,k_idc,11.6591440117983,0.01,5.82957200589916,0.5,1718.24855511359,0.0289746313123047,1.98347620762309,-0.00232492999751077,0
GFM-MWT+AD,dvc,k_pdc,k_idc,11.6591440117983,0.0135935639087853,5.82957200589916,0.679678195439263,1718.24855511402,0.02897664209656,1.98347602095235,-0.00232509156117449,0
GFM-MWT+AD,dvc,k_pdc,k_idc,11.6591440117983,0.0184784979742229,5.82957200589916,0.923924898711145,1718.24855511406,0.0289793845810202,1.9834757697454,-0.00232531191198547,0
GFM-MWT+AD,dvc,k_pdc,k_idc,11.6591440117983,0.0251188643150958,5.82957200589916,1.25594321575479,1718.2485551141,0.0289831292051514,1.98347543301901,-0.00232561277459555,0
GFM-MWT+AD,dvc,k_pdc,k_idc,11.6591440117983,0.034145488738336,5.82957200589916,1.7072744369168,1718.24855511342,0.0289882493514735,1.98347498412892,-0.00232602414047096,0
GFM-MWT+AD,dvc,k_pdc,k_idc,11.6591440117983,0.0464158883361278,5.82957200589916,2.32079441680639,1718.24855511432,0.0289952625800409,1.98347439040206,-0.00232658757701129,0
GFM-MWT+AD,dvc,k_pdc,k_idc,11.6591440117983,0.0630957344480193,5.82957200589916,3.15478672240097,1718.24855511407,0.0290048892311139,1.98347361417152,-0.00232736092867426,0
GFM-MWT+AD,dvc,k_pdc,k_idc,11.6591440117983,0.0857695898590894,5.82957200589916,4.28847949295447,1718.24855511366,0.02901813431605,1.98347261682364,-0.00232842488325673,0
GFM-MWT+AD,dvc,k_pdc,k_idc,11.6591440117983,0.116591440117983,5.82957200589916,5.82957200589916,1718.24855511402,0.0290363997377199,1.98347136982335,-0.00232989196368228,0
GFM-MWT+AD,dvc,k_pdc,k_idc,11.6591440117983,0.158489319246111,5.82957200589916,7.92446596230557,1718.24855511394,0.0290616252324329,1.98346987922318,-0.00233191780860038,0
GFM-MWT+AD,dvc,k_pdc,k_idc,11.6591440117983,0.215443469003188,5.82957200589916,10.7721734501594,1718.24855511375,0.0290964309826931,1.98346823625281,-0.0023347125562616,0
GFM-MWT+AD,dvc,k_pdc,k_idc,11.6591440117983,0.292864456462524,5.82957200589916,14.6432228231262,1718.24855511354,0.0291441551423406,1.98346671237516,-0.00233854374307043,0
GFM-MWT+AD,dvc,k_pdc,k_idc,11.6591440117983,0.398107170553497,5.82957200589916,19.9053585276749,1718.24855511326,0.0292084911022655,1.98346591581707,-0.0023437070103359,0
GFM-MWT+AD,dvc,k_pdc,k_idc,11.6591440117983,0.541169526546464,5.82957200589916,27.0584763273232,1718.24855511336,0.029292105237377,1.98346698578773,-0.00235041495423694,0
GFM-MWT+AD,dvc,k_pdc,k_idc,11.6591440117983,0.735642254459641,5.82957200589916,36.7821127229821,1718.24855511367,0.0293934619777286,1.98347165643976,-0.00235854227692513,0
GFM-MWT+AD,dvc,k_pdc,k_idc,11.6591440117983,1,5.82957200589916,50,1718.24855511402,0.0295023769060068,1.98348178030677,-0.00236726951948119,0
GFM-MWT+AD,dvc,k_pdc,k_idc,11.6591440117983,1.35935639087853,5.82957200589916,67.9678195439263,1718.24855511374,0.0295988841696246,1.98349800248381,-0.00237499379066638,0
GFM-MWT+AD,dvc,k_pdc,k_idc,11.6591440117983,1.84784979742229,5.82957200589916,92.3924898711145,1718.24855511382,0.029661894441162,1.98351846456657,-0.00238002510965108,0
GFM-MWT+AD,dvc,k_pdc,k_idc,11.6591440117983,2.51188643150958,5.82957200589916,125.594321575479,1718.24855511397,0.0296832506035318,1.98353942673319,-0.00238171351556881,0
GFM-MWT+AD,dvc,k_pdc,k_idc,11.6591440117983,3.4145488738336,5.82957200589916,170.72744369168,1718.24855511368,0.0296713462629272,1.98355760899015,-0.00238073652190357,0
GFM-MWT+AD,dvc,k_pdc,k_idc,11.6591440117983,4.64158883361278,5.82957200589916,232.079441680639,1718.24855511357,0.0296415874251233,1.98357165287751,-0.00237833193999184,0
GFM-MWT+AD,dvc,k_pdc,k_idc,11.6591440117983,6.30957344480193,5.82957200589916,315.478672240097,1718.2485551133,0.0296067208200935,1.98358177438469,-0.00237552226622308,0
GFM-MWT+AD,dvc,k_pdc,k_idc,11.6591440117983,8.57695898590894,5.82957200589916,428.847949295447,1718.2485551138,0.0295739353762972,1.98358882345438,-0.00237288327855174,0
GFM-MWT+AD,dvc,k_pdc,k_idc,11.6591440117983,11.6591440117983,5.82957200589916,582.957200589916,1718.24855511351,0.0295461180083962,1.98359367535982,-0.00237064554849435,0
GFM-MWT+AD,dvc,k_pdc,k_idc,11.6591440117983,15.8489319246111,5.82957200589916,792.446596230557,1718.24855511325,0.0295237840539585,1.98359701801507,-0.0023688495922192,0
GFM-MWT+AD,dvc,k_pdc,k_idc,11.6591440117983,21.5443469003188,5.82957200589916,1077.21734501594,1718.24855511356,0.0295064136553971,1.98359933720923,-0.0023674531129617,0
GFM-MWT+AD,dvc,k_pdc,k_idc,11.6591440117983,29.2864456462524,5.82957200589916,1464.32228231262,1718.2485551137,0.0294931599991874,1.98360096131499,-0.00236638777160141,0
GFM-MWT+AD,dvc,k_pdc,k_idc,11.6591440117983,39.8107170553497,5.82957200589916,1990.53585276749,1718.2485551137,0.0294831677907397,1.98360210937596,-0.00236558468072547,0
GFM-MWT+AD,dvc,k_pdc,k_idc,11.6591440117983,54.1169526546464,5.82957200589916,2705.84763273232,1718.24855511406,0.0294756923158686,1.98360292779095,-0.00236498391290249,0
GFM-MWT+AD,dvc,k_pdc,k_idc,11.6591440117983,73.5642254459641,5.82957200589916,3678.21127229821,1718.24855511371,0.0294701280569187,1.98360351535958,-0.00236453676635135,0
GFM-MWT+AD,dvc,k_pdc,k_idc,11.6591440117983,100,5.82957200589916,5000,1718.24855511393,0.0294660007091228,1.98360393964463,-0.00236420510461475,0
GFM-MWT+AD,dvc,k_pdc,k_idc,15.8489319246111,0.01,7.92446596230557,0.5,1718.24855511388,0.0291011461201821,1.98351030850192,-0.00233504136989394,0
GFM-MWT+AD,dvc,k_pdc,k_idc,15.8489319246111,0.0135935639087853,7.92446596230557,0.679678195439263,1718.24855511417,0.0291022331766906,1.98351020719691,-0.00233512871280309,0
GFM-MWT+AD,dvc,k_pdc,k_idc,15.8489319246111,0.0184784979742229,7.92446596230557,0.923924898711145,1718.24855511407,0.0291037145013555,1.98351007049123,-0.00233524773283805,0
GFM-MWT+AD,dvc,k_pdc,k_idc,15.8489319246111,0.0251188643150958,7.92446596230557,1.25594321575479,1718.24855511413,0.0291057348301271,1.98350988654187,-0.00233541005733533,0
GFM-MWT+AD,dvc,k_pdc,k_idc,15.8489319246111,0.034145488738336,7.92446596230557,1.7072744369168,1718.24855511383,0.0291084933078607,1.98350963999516,-0.00233563168346221,0
GFM-MWT+AD,dvc,k_pdc,k_idc,15.8489319246111,0.0464158883361278,7.92446596230557,2.32079441680639,1718.24855511398,0.0291122648639739,1.9835093113614,-0.00233593469411405,0
GFM-MWT+AD,dvc,k_pdc,k_idc,15.8489319246111,0.0630957344480193,7.92446596230557,3.15478672240097,1718.24855511403,0.0291174305247832,1.98350887677311,-0.00233634969043486,0
GFM-MWT+AD,dvc,k_pdc,k_idc,15.8489319246111,0.0857695898590894,7.92446596230557,4.28847949295447,1718.24855511412,0.0291245204886652,1.98350830874775,-0.00233691924724006,0
GFM-MWT+AD,dvc,k_pdc,k_idc,15.8489319246111,0.116591440117983,7.92446596230557,5.82957200589916,1718.24855511377,0.0291342741886889,1.98350757920354,-0.00233770272885835,0
GFM-MWT+AD,dvc,k_pdc,k_idc,15.8489319246111,0.158489319246111,7.92446596230557,7.92446596230557,1718.24855511436,0.0291477226453662,1.98350666757699,-0.00233878288751823,0
GFM-MWT+AD,dvc,k_pdc,k_idc,15.8489319246111,0.215443469003188,7.92446596230557,10.7721734501594,1718.24855511393,0.0291662916401747,1.98350557891922,-0.00234027412061586,0
GFM-MWT+AD,dvc,k_pdc,k_idc,15.8489319246111,0.292864456462524,7.92446596230557,14.6432228231262,1718.24855511327,0.0291919056041114,1.98350438108376,-0.00234233076275875,0
GFM-MWT+AD,dvc,k_pdc,k_idc,15.8489319246111,0.398107170553497,7.92446596230557,19.9053585276749,1718.24855511418,0.0292270136793826,1.98350327455796,-0.00234514909413667,0
GFM-MWT+AD,dvc,k_pdc,k_idc,15.8489319246111,0.541169526546464,7.92446596230557,27.0584763273232,1718.2485551136,0.0292743207934165,1.9835027072431,-0.00234894562500704,0
GFM-MWT+AD,dvc,k_pdc,k_idc,15.8489319246111,0.735642254459641,7.92446596230557,36.7821127229821,1718.24855511341,0.0293357698705805,1.98350351635441,-0.00235387525716492,0
GFM-MWT+AD,dvc,k_pdc,k_idc,15.8489319246111,1,7.92446596230557,50,1718.24855511429,0.0294102124574141,1.98350697416312,-0.00235984431495067,0
GFM-MWT+AD,dvc,k_pdc,k_idc,15.8489319246111,1.35935639087853,7.92446596230557,67.9678195439263,1718.24855511368,0.0294901548715059,1.98351443689823,-0.00236624987105097,0
GFM-MWT+AD,dvc,k_pdc,k_idc,15.8489319246111,1.84784979742229,7.92446596230557,92.3924898711145,1718.24855511414,0.0295609453755536,1.98352637272882,-0.00237191569982279,0
GFM-MWT+AD,dvc,k_pdc,k_idc,15.8489319246111,2.51188643150958,7.92446596230557,125.594321575479,1718.24855511361,0.0296071307541351,1.98354141474275,-0.00237560349324593,0
GFM-MWT+AD,dvc,k_pdc,k_idc,15.8489319246111,3.4145488738336,7.92446596230557,170.72744369168,1718.2485551137,0.0296227461215097,1.98355681912352,-0.00237683796625871,0
GFM-MWT+AD,dvc,k_pdc,k_idc,15.8489319246111,4.64158883361278,7.92446596230557,232.079441680639,1718.24855511389,0.0296139552999356,1.98357018043953,-0.00237611661625412,0
GFM-MWT+AD,dvc,k_pdc,k_idc,15.8489319246111,6.30957344480193,7.92446596230557,315.478672240097,1718.24855511408,0.0295920619014872,1.98358050213311,-0.00237434762401897,0
GFM-MWT+AD,dvc,k_pdc,k_idc,15.8489319246111,8.57695898590894,7.92446596230557,428.847949295447,1718.24855511371,0.0295664209505822,1.98358794243719,-0.00237228141092893,0
GFM-MWT+AD,dvc,k_pdc,k_idc,15.8489319246111,11.6591440117983,7.92446596230557,582.957200589916,1718.24855511357,0.0295423112257138,1.98359312510595,-0.00237034076889151,0
GFM-MWT+AD,dvc,k_pdc,k_idc,15.8489319246111,15.8489319246111,7.92446596230557,792.446596230557,1718.24855511387,0.0295218539263069,1.9835966928863,-0.00236869511696961,0
GFM-MWT+AD,dvc,k_pdc,k_idc,15.8489319246111,21.5443469003188,7.92446596230557,1077.21734501594,1718.24855511398,0.0295054281741073,1.98359915113874,-0.00236737426518178,0
GFM-MWT+AD,dvc,k_pdc,k_idc,15.8489319246111,29.2864456462524,7.92446596230557,1464.32228231262,1718.24855511335,0.0294926521735044,1.9836008568538,-0.00236634715098249,0
GFM-MWT+AD,dvc,k_pdc,k_idc,15.8489319246111,39.8107170553497,7.92446596230557,1990.53585276749,1718.24855511407,0.0294829036277201,1.98360205142444,-0.00236556355481013,0
GFM-MWT+AD,dvc,k_pdc,k_idc,15.8489319246111,54.1169526546464,7.92446596230557,2705.84763273232,1718.24855511367,0.0294755537554556,1.98360289589384,-0.00236497283359124,0
GFM-MWT+AD,dvc,k_pdc,k_idc,15.8489319246111,73.5642254459641,7.92446596230557,3678.21127229821,1718.2485551138,0.029470054882424,1.98360349789787,-0.0023645309160409,0
GFM-MWT+AD,dvc,k_pdc,k_idc,15.8489319246111,100,7.92446596230557,5000,1718.24855511346,0.0294659618289355,1.98360393011378,-0.00236420199643914,0
GFM-MWT+AD,dvc,k_pdc,k_idc,21.5443469003188,0.01,10.7721734501594,0.5,1718.24855511323,0.0291943569538984,1.98353538017926,-0.0023424908463607,0
GFM-MWT+AD,dvc,k_pdc,k_idc,21.5443469003188,0.0135935639087853,10.7721734501594,0.679678195439263,1718.24855511373,0.0291949447683942,1.98353532523502,-0.00234253807592957,0
GFM-MWT+AD,dvc,k_pdc,k_idc,21.5443469003188,0.0184784979742229,10.7721734501594,0.923924898711145,1718.24855511368,0.0291957452823892,1.98353525095336,-0.00234260239478511,0
GFM-MWT+AD,dvc,k_pdc,k_idc,21.5443469003188,0.0251188643150958,10.7721734501594,1.25594321575479,1718.24855511343,0.029196836143039,1.98353515072228,-0.00234269004094335,0
GFM-MWT+AD,dvc,k_pdc,k_idc,21.5443469003188,0.034145488738336,10.7721734501594,1.7072744369168,1718.2485551138,0.0291983239289763,1.98353501586556,-0.00234280957624806,0
GFM-MWT+AD,dvc,k_pdc,k_idc,21.5443469003188,0.0464158883361278,10.7721734501594,2.32079441680639,1718.24855511407,0.0292003552072542,1.98353483512347,-0.00234297277416781,0
GFM-MWT+AD,dvc,k_pdc,k_idc,21.5443469003188,0.0630957344480193,10.7721734501594,3.15478672240097,1718.24855511372,0.0292031323702726,1.98353459422377,-0.0023431958910229,0
GFM-MWT+AD,dvc,k_pdc,k_idc,21.5443469003188,0.0857695898590894,10.7721734501594,4.28847949295447,1718.24855511355,0.0292069359216895,1.98353427570555,-0.00234350145436857,0
GFM-MWT+AD,dvc,k_pdc,k_idc,21.5443469003188,0.116591440117983,10.7721734501594,5.82957200589916,1718.24855511419,0.0292121559704306,1.98353385946503,-0.00234392078936804,0
GFM-MWT+AD,dvc,k_pdc,k_idc,21.5443469003188,0.158489319246111,10.7721734501594,7.92446596230557,1718.24855511355,0.0292193366130351,1.98353332503127,-0.00234449757726155,0
GFM-MWT+AD,dvc,k_pdc,k_idc,21.5443469003188,0.215443469003188,10.7721734501594,10.7721734501594,1718.24855511359,0.0292292361019431,1.98353265749809,-0.0023452926761546,0
GFM-MWT+AD,dvc,k_pdc,k_idc,21.5443469003188,0.292864456462524,10.7721734501594,14.6432228231262,1718.24855511386,0.0292429026554673,1.98353186090697,-0.00234639018805551,0
GFM-MWT+AD,dvc,k_pdc,k_idc,21.5443469003188,0.398107170553497,10.7721734501594,19.9053585276749,1718.24855511406,0.0292617503575685,1.9835309855816,-0.00234790351657532,0
GFM-MWT+AD,dvc,k_pdc,k_idc,21.5443469003188,0.541169526546464,10.7721734501594,27.0584763273232,1718.24855511393,0.0292875772594168,1.98353017941552,-0.00234997675846842,0
GFM-MWT+AD,dvc,k_pdc,k_idc,21.5443469003188,0.735642254459641,10.7721734501594,36.7821127229821,1718.24855511391,0.0293223667175397,1.98352977215338,-0.00235276866279818,0
GFM-MWT+AD,dvc,k_pdc,k_idc,21.5443469003188,1,10.7721734501594,50,1718.24855511406,0.0293675381822966,1.98353037926114,-0.00235639239037772,0
GFM-MWT+AD,dvc,k_pdc,k_idc,21.5443469003188,1.35935639087853,10.7721734501594,67.9678195439263,1718.24855511375,0.0294222364106219,1.98353293477499,-0.00236077820059647,0
GFM-MWT+AD,dvc,k_pdc,k_idc,21.5443469003188,1.84784979742229,10.7721734501594,92.3924898711145,1718.24855511393,0.0294809479763369,1.9835384328348,-0.0023654825097472,0
GFM-MWT+AD,dvc,k_pdc,k_idc,21.5443469003188,2.51188643150958,10.7721734501594,125.594321575479,1718.24855511378,0.0295329141024125,1.98354721445511,-0.00236964163617764,0
GFM-MWT+AD,dvc,k_pdc,k_idc,21.5443469003188,3.4145488738336,10.7721734501594,170.72744369168,1718.24855511373,0.0295667995366484,1.98355827416099,-0.00237234726956333,0
GFM-MWT+AD,dvc,k_pdc,k_idc,21.5443469003188,4.64158883361278,10.7721734501594,232.079441680639,1718.24855511362,0.0295782354169145,1.98356959746157,-0.00237325129574638,0
GFM-MWT+AD,dvc,k_pdc,k_idc,21.5443469003188,6.30957344480193,10.7721734501594,315.478672240097,1718.24855511381,0.029571750484937,1.98357941887467,-0.00237271922286735,0
GFM-MWT+AD,dvc,k_pdc,k_idc,21.5443469003188,8.57695898590894,10.7721734501594,428.847949295447,1718.24855511367,0.029555643962775,1.9835870067689,-0.00237141783562545,0
GFM-MWT+AD,dvc,k_pdc,k_idc,21.5443469003188,11.6591440117983,10.7721734501594,582.957200589916,1718.24855511408,0.0295367858952872,1.98359247717771,-0.00236989821809151,0
GFM-MWT+AD,dvc,k_pdc,k_idc,21.5443469003188,15.8489319246111,10.7721734501594,792.446596230557,1718.24855511367,0.0295190544688496,1.98359628819758,-0.00236847098609846,0
GFM-MWT+AD,dvc,k_pdc,k_idc,21.5443469003188,21.5443469003188,10.7721734501594,1077.21734501594,1718.24855511384,0.029504008642617,1.98359891200821,-0.00236726065479174,0
GFM-MWT+AD,dvc,k_pdc,k_idc,21.5443469003188,29.2864456462524,10.7721734501594,1464.32228231262,1718.24855511335,0.0294919273410484,1.98360071999271,-0.00236628915753695,0
GFM-MWT+AD,dvc,k_pdc,k_idc,21.5443469003188,39.8107170553497,10.7721734501594,1990.53585276749,1718.24855511365,0.0294825301054502,1.98360197459019,-0.00236553367701102,0
GFM-MWT+AD,dvc,k_pdc,k_idc,21.5443469003188,54.1169526546464,10.7721734501594,2705.84763273232,1718.2485551138,0.0294753594208477,1.98360285326429,-0.00236495729205439,0
GFM-MWT+AD,dvc,k_pdc,k_idc,21.5443469003188,73.5642254459641,10.7721734501594,3678.21127229821,1718.24855511406,0.0294699529257634,1.98360347442902,-0.00236452276356581,0
GFM-MWT+AD,dvc,k_pdc,k_idc,21.5443469003188,100,10.7721734501594,5000,1718.24855511387,0.0294659079610784,1.98360391726041,-0.00236419768969424,0
GFM-MWT+AD,dvc,k_pdc,k_idc,29.2864456462524,0.01,14.6432228231262,0.5,1718.24855511392,0.0292630032558662,1.98355381616505,-0.00234797702080571,0
GFM-MWT+AD,dvc,k_pdc,k_idc,29.2864456462524,0.0135935639087853,14.6432228231262,0.679678195439263,1718.24855511398,0.0292633212066227,1.98355378639245,-0.00234800256733812,0
GFM-MWT+AD,dvc,k_pdc,k_idc,29.2864456462524,0.0184784979742229,14.6432228231262,0.923924898711145,1718.24855511384,0.0292637539422471,1.98355374606691,-0.00234803733631184,0
GFM-MWT+AD,dvc,k_pdc,k_idc,29.2864456462524,0.0251188643150958,14.6432228231262,1.25594321575479,1718.24855511401,0.0292643432954844,1.98355369155497,-0.00234808468854686,0
GFM-MWT+AD,dvc,k_pdc,k_idc,29.2864456462524,0.034145488738336,14.6432228231262,1.7072744369168,1718.24855511426,0.0292651464317097,1.98355361801383,-0.0023481492165343,0
GFM-MWT+AD,dvc,k_pdc,k_idc,29.2864456462524,0.0464158883361278,14.6432228231262,2.32079441680639,1718.2485551142,0.029266241703469,1.9835535190514,-0.00234823721458846,0
GFM-MWT+AD,dvc,k_pdc,k_idc,29.2864456462524,0.0630957344480193,14.6432228231262,3.15478672240097,1718.24855511402,0.0292677370797128,1.98355338642572,-0.00234835735553793,0
GFM-MWT+AD,dvc,k_pdc,k_idc,29.2864456462524,0.0857695898590894,14.6432228231262,4.28847949295447,1718.24855511425,0.0292697815243255,1.98355320968026,-0.00234852160413576,0
GFM-MWT+AD,dvc,k_pdc,k_idc,29.2864456462524,0.116591440117983,14.6432228231262,5.82957200589916,1718.24855511363,0.0292725814548129,1.98355297600974,-0.00234874653781431,0
GFM-MWT+AD,dvc,k_pdc,k_idc,29.2864456462524,0.158489319246111,14.6432228231262,7.92446596230557,1718.24855511404,0.0292764238998422,1.98355267068465,-0.00234905520427685,0
GFM-MWT+AD,dvc,k_pdc,k_idc,29.2864456462524,0.215443469003188,14.6432228231262,10.7721734501594,1718.24855511428,0.0292817091771839,1.98355227874601,-0.00234947974147722,0
GFM-MWT+AD,dvc,k_pdc,k_idc,29.2864456462524,0.292864456462524,14.6432228231262,14.6432228231262,1718.2485551141,0.02928899500852,1.98355178935884,-0.00235006491211558,0
GFM-MWT+AD,dvc,k_pdc,k_idc,29.2864456462524,0.398107170553497,14.6432228231262,19.9053585276749,1718.24855511394,0.0292990521654779,1.98355120566992,-0.00235087255684559,0
GFM-MWT+AD,dvc,k_pdc,k_idc,29.2864456462524,0.541169526546464,14.6432228231262,27.0584763273232,1718.24855511371,0.0293129199530576,1.98355056490375,-0.00235198602227867,0
GFM-MWT+AD,dvc,k_pdc,k_idc,29.2864456462524,0.735642254459641,14.6432228231262,36.7821127229821,1718.24855511403,0.0293319191534657,1.98354997609564,-0.00235351115471791,0
GFM-MWT+AD,dvc,k_pdc,k_idc,29.2864456462524,1,14.6432228231262,50,1718.2485551136,0.0293575053886225,1.98354968195539,-0.00235556446058297,0
GFM-MWT+AD,dvc,k_pdc,k_idc,29.2864456462524,1.35935639087853,14.6432228231262,67.9678195439263,1718.24855511401,0.0293907174010278,1.98355013498309,-0.0023582287465403,0
GFM-MWT+AD,dvc,k_pdc,k_idc,29.2864456462524,1.84784979742229,14.6432228231262,92.3924898711145,1718.24855511364,0.0294309205673235,1.98355202129875,-0.00236145227220921,0
GFM-MWT+AD,dvc,k_pdc,k_idc,29.2864456462524,2.51188643150958,14.6432228231262,125.594321575479,1718.24855511413,0.0294740585560693,1.983556070302,-0.00236490869336074,0
GFM-MWT+AD,dvc,k_pdc,k_idc,29.2864456462524,3.4145488738336,14.6432228231262,170.72744369168,1718.24855511396,0.0295122273445727,1.98356253101797,-0.00236796351080239,0
GFM-MWT+AD,dvc,k_pdc,k_idc,29.2864456462524,4.64158883361278,14.6432228231262,232.079441680639,1718.24855511392,0.0295371059227012,1.98357066383209,-0.00236994995743016,0
GFM-MWT+AD,dvc,k_pdc,k_idc,29.2864456462524,6.30957344480193,14.6432228231262,315.478672240097,1718.24855511402,0.0295454908915647,1.98357898896841,-0.00237061278354279,0
GFM-MWT+AD,dvc,k_pdc,k_idc,29.2864456462524,8.57695898590894,14.6432228231262,428.847949295447,1718.24855511419,0.029540710552568,1.98358620982555,-0.00237022060198555,0
GFM-MWT+AD,dvc,k_pdc,k_idc,29.2864456462524,11.6591440117983,14.6432228231262,582.957200589916,1718.24855511399,0.0295288615771276,1.9835917890103,-0.00236926323214686,0
GFM-MWT+AD,dvc,k_pdc,k_idc,29.2864456462524,15.8489319246111,14.6432228231262,792.446596230557,1718.24855511383,0.0295149912479171,1.98359581166777,-0.0023681455429759,0
GFM-MWT+AD,dvc,k_pdc,k_idc,29.2864456462524,21.5443469003188,14.6432228231262,1077.21734501594,1718.24855511384,0.0295019498003087,1.98359861436303,-0.00236709581923778,0
GFM-MWT+AD,dvc,k_pdc,k_idc,29.2864456462524,29.2864456462524,14.6432228231262,1464.32228231262,1718.2485551138,0.0294908833110104,1.98360054411302,-0.00236620559990416,0
GFM-MWT+AD,dvc,k_pdc,k_idc,29.2864456462524,39.8107170553497,14.6432228231262,1990.53585276749,1718.24855511388,0.0294819969754991,1.98360187392316,-0.00236549102156386,0
GFM-MWT+AD,dvc,k_pdc,k_idc,29.2864456462524,54.1169526546464,14.6432228231262,2705.84763273232,1718.24855511382,0.0294750846572571,1.9836027967427,-0.00236493531389102,0
GFM-MWT+AD,dvc,k_pdc,k_idc,29.2864456462524,73.5642254459641,14.6432228231262,3678.21127229821,1718.24855511341,0.029469810018482,1.98360344307739,-0.00236451133483073,0
GFM-MWT+AD,dvc,k_pdc,k_idc,29.2864456462524,100,14.6432228231262,5000,1718.24855511373,0.0294658330105857,1.98360390000741,-0.0023641916966368,0
GFM-MWT+AD,dvc,k_pdc,k_idc,39.8107170553497,0.01,19.9053585276749,0.5,1718.24855511373,0.0293135436709826,1.98356737424637,-0.00235201613562282,0
GFM-MWT+AD,dvc,k_pdc,k_idc,39.8107170553497,0.0135935639087853,19.9053585276749,0.679678195439263,1718.24855511342,0.0293137156483481,1.9835673581105,-0.00235202995354143,0
GFM-MWT+AD,dvc,k_pdc,k_idc,39.8107170553497,0.0184784979742229,19.9053585276749,0.923924898711145,1718.24855511409,0.0293139496385841,1.9835673362359,-0.00235204875393324,0
GFM-MWT+AD,dvc,k_pdc,k_idc,39.8107170553497,0.0251188643150958,19.9053585276749,1.25594321575479,1718.2485551136,0.0293142682010419,1.98356730663516,-0.00235207434922862,0
GFM-MWT+AD,dvc,k_pdc,k_idc,39.8107170553497,0.034145488738336,19.9053585276749,1.7072744369168,1718.24855511386,0.0293147019981621,1.98356726660489,-0.00235210920286724,0
GFM-MWT+AD,dvc,k_pdc,k_idc,39.8107170553497,0.0464158883361278,19.9053585276749,2.32079441680639,1718.24855511349,0.0293152931392726,1.98356721260156,-0.00235215669773883,0
GFM-MWT+AD,dvc,k_pdc,k_idc,39.8107170553497,0.0630957344480193,19.9053585276749,3.15478672240097,1718.24855511377,0.0293160993250725,1.9835671399386,-0.00235222146908001,0
GFM-MWT+AD,dvc,k_pdc,k_idc,39.8107170553497,0.0857695898590894,19.9053585276749,4.28847949295447,1718.24855511381,0.0293171999800141,1.98356704256088,-0.00235230989678103,0
GFM-MWT+AD,dvc,k_pdc,k_idc,39.8107170553497,0.116591440117983,19.9053585276749,5.82957200589916,1718.24855511365,0.0293187047279562,1.98356691278712,-0.00235243078574629,0
GFM-MWT+AD,dvc,k_pdc,k_idc,39.8107170553497,0.158489319246111,19.9053585276749,7.92446596230557,1718.24855511381,0.0293207654668382,1.98356674123605,-0.00235259633480989,0
GFM-MWT+AD,dvc,k_pdc,k_idc,39.8107170553497,0.215443469003188,19.9053585276749,10.7721734501594,1718.24855511354,0.0293235934145781,1.98356651710593,-0.00235282350410598,0
GFM-MWT+AD,dvc,k_pdc,k_idc,39.8107170553497,0.292864456462524,19.9053585276749,14.6432228231262,1718.24855511392,0.0293274830505719,1.98356622943677,-0.00235313593455369,0
GFM-MWT+AD,dvc,k_pdc,k_idc,39.8107170553497,0.398107170553497,19.9053585276749,19.9053585276749,1718.24855511351,0.0293328446209382,1.98356587033178,-0.00235356655214429,0
GFM-MWT+AD,dvc,k_pdc,k_idc,39.8107170553497,0.541169526546464,19.9053585276749,27.0584763273232,1718.24855511393,0.0293402448921858,1.9835654421914,-0.00235416082929133,0
GFM-MWT+AD,dvc,k_pdc,k_idc,39.8107170553497,0.735642254459641,19.9053585276749,36.7821127229821,1718.2485551138,0.029350448043624,1.98356497253535,-0.00235498004829577,0
GFM-MWT+AD,dvc,k_pdc,k_idc,39.8107170553497,1,19.9053585276749,50,1718.24855511378,0.0293644246221205,1.98356454167891,-0.00235610198693073,0
GFM-MWT+AD,dvc,k_pdc,k_idc,39.8107170553497,1.35935639087853,19.9053585276749,67.9678195439263,1718.2485551143,0.0293832434285481,1.98356432823691,-0.00235761218952716,0
GFM-MWT+AD,dvc,k_pdc,k_idc,39.8107170553497,1.84784979742229,19.9053585276749,92.3924898711145,1718.2485551142,0.0294076658124896,1.98356466497279,-0.00235957134763908,0
GFM-MWT+AD,dvc,k_pdc,k_idc,39.8107170553497,2.51188643150958,19.9053585276749,125.594321575479,1718.24855511404,0.0294372219109688,1.98356605606708,-0.00236194115905269,0
GFM-MWT+AD,dvc,k_pdc,k_idc,39.8107170553497,3.4145488738336,19.9053585276749,170.72744369168,1718.24855511392,0.0294689275128605,1.98356903705869,-0.00236448153955433,0
GFM-MWT+AD,dvc,k_pdc,k_idc,39.8107170553497,4.64158883361278,19.9053585276749,232.079441680639,1718.24855511386,0.0294969738303148,1.98357379014956,-0.00236672619215002,0
GFM-MWT+AD,dvc,k_pdc,k_idc,39.8107170553497,6.30957344480193,19.9053585276749,315.478672240097,1718.24855511351,0.0295152491033281,1.98357977127058,-0.00236818538226104,0
GFM-MWT+AD,dvc,k_pdc,k_idc,39.8107170553497,8.57695898590894,19.9053585276749,428.847949295447,1718.24855511416,0.0295214024739983,1.98358589302412,-0.00236867179112087,0
GFM-MWT+AD,dvc,k_pdc,k_idc,39.8107170553497,11.6591440117983,19.9053585276749,582.957200589916,1718.2485551135,0.029517880663676,1.98359120273878,-0.00236838287790893,0
GFM-MWT+AD,dvc,k_pdc,k_idc,39.8107170553497,15.8489319246111,19.9053585276749,792.446596230557,1718.24855511373,0.029509163736992,1.98359530549251,-0.0023676785774227,0
GFM-MWT+AD,dvc,k_pdc,k_idc,39.8107170553497,21.5443469003188,19.9053585276749,1077.21734501594,1718.24855511377,0.0294989614772361,1.98359826385868,-0.00236685647000686,0
GFM-MWT+AD,dvc,k_pdc,k_idc,39.8107170553497,29.2864456462524,19.9053585276749,1464.32228231262,1718.24855511398,0.0294893689903897,1.98360032517297,-0.00236608435998961,0
GFM-MWT+AD,dvc,k_pdc,k_idc,39.8107170553497,39.8107170553497,19.9053585276749,1990.53585276749,1718.24855511433,0.0294812289977315,1.98360174454036,-0.00236542955742155,0
GFM-MWT+AD,dvc,k_pdc,k_idc,39.8107170553497,54.1169526546464,19.9053585276749,2705.84763273232,1718.24855511396,0.0294746924829059,1.98360272268946,-0.00236490393622044,0
GFM-MWT+AD,dvc,k_pdc,k_idc,39.8107170553497,73.5642254459641,19.9053585276749,3678.21127229821,1718.24855511413,0.0294696078991872,1.98360340150307,-0.00236449516742918,0
GFM-MWT+AD,dvc,k_pdc,k_idc,39.8107170553497,100,19.9053585276749,5000,1718.24855511376,0.0294657278405654,1.98360387693468,-0.00236418328586467,0
GFM-MWT+AD,dvc,k_pdc,k_idc,54.1169526546464,0.01,27.0584763273232,0.5,1718.24855511455,0.0293507456723898,1.98357734584151,-0.00235498923874542,0
GFM-MWT+AD,dvc,k_pdc,k_idc,54.1169526546464,0.0135935639087853,27.0584763273232,0.679678195439263,1718.24855511421,0.029350838736327,1.98357733710877,-0.00235499671615884,0
GFM-MWT+AD,dvc,k_pdc,k_idc,54.1169526546464,0.0184784979742229,27.0584763273232,0.923924898711145,1718.24855511432,0.0293509652871708,1.98357732524925,-0.00235500688412835,0
GFM-MWT+AD,dvc,k_pdc,k_idc,54.1169526546464,0.0251188643150958,27.0584763273232,1.25594321575479,1718.24855511442,0.0293511375106652,1.98357730918416,-0.00235502072166595,0
GFM-MWT+AD,dvc,k_pdc,k_idc,54.1169526546464,0.034145488738336,27.0584763273232,1.7072744369168,1718.24855511423,0.029351371953224,1.98357728743555,-0.00235503955813886,0
GFM-MWT+AD,dvc,k_pdc,k_idc,54.1169526546464,0.0464158883361278,27.0584763273232,2.32079441680639,1718.24855511381,0.0293516912104193,1.98357725802877,-0.00235506520886235,0
GFM-MWT+AD,dvc,k_pdc,k_idc,54.1169526546464,0.0630957344480193,27.0584763273232,3.15478672240097,1718.24855511449,0.0293521262429137,1.98357721834945,-0.00235510016109012,0
GFM-MWT+AD,dvc,k_pdc,k_idc,54.1169526546464,0.0857695898590894,27.0584763273232,4.28847949295447,1718.24855511405,0.0293527195609856,1.98357716497383,-0.00235514782972849,0
GFM-MWT+AD,dvc,k_pdc,k_idc,54.1169526546464,0.116591440117983,27.0584763273232,5.82957200589916,1718.24855511402,0.0293535295685607,1.98357709343905,-0.002355212906156,0
GFM-MWT+AD,dvc,k_pdc,k_idc,54.1169526546464,0.158489319246111,27.0584763273232,7.92446596230557,1718.24855511381,0.0293546369293689,1.98357699810596,-0.00235530186918016,0
GFM-MWT+AD,dvc,k_pdc,k_idc,54.1169526546464,0.215443469003188,27.0584763273232,10.7721734501594,1718.24855511393,0.0293561534614897,1.98357687209959,-0.00235542369876975,0
GFM-MWT+AD,dvc,k_pdc,k_idc,54.1169526546464,0.292864456462524,27.0584763273232,14.6432228231262,1718.24855511418,0.0293582344966274,1.98357670747449,-0.00235559086751643,0
GFM-MWT+AD,dvc,k_pdc,k_idc,54.1169526546464,0.398107170553497,27.0584763273232,19.9053585276749,1718.2485551139,0.0293610966980811,1.9835764962056,-0.00235582076910016,0
GFM-MWT+AD,dvc,k_pdc,k_idc,54.1169526546464,0.541169526546464,27.0584763273232,27.0584763273232,1718.24855511421,0.0293650418910281,1.98357623253294,-0.00235613762755152,0
GFM-MWT+AD,dvc,k_pdc,k_idc,54.1169526546464,0.735642254459641,27.0584763273232,36.7821127229821,1718.24855511411,0.0293704868586471,1.98357591825165,-0.00235657488169031,0
GFM-MWT+AD,dvc,k_pdc,k_idc,54.1169526546464,1,27.0584763273232,50,1718.24855511394,0.0293779934757508,1.98357557367593,-0.0023571775898972,0
GFM-MWT+AD,dvc,k_pdc,k_idc,54.1169526546464,1.35935639087853,27.0584763273232,67.9678195439263,1718.24855511452,0.0293882751990223,1.98357525796584,-0.0023580029266789,0
GFM-MWT+AD,dvc,k_pdc,k_idc,54.1169526546464,1.84784979742229,27.0584763273232,92.3924898711145,1718.24855511449,0.0294021172256458,1.9835751025459,-0.00235911373667691,0
GFM-MWT+AD,dvc,k_pdc,k_idc,54.1169526546464,2.51188643150958,27.0584763273232,125.594321575479,1718.24855511432,0.0294200780565631,1.98357535213941,-0.00236055454018614,0
GFM-MWT+AD,dvc,k_pdc,k_idc,54.1169526546464,3.4145488738336,27.0584763273232,170.72744369168,1718.24855511401,0.0294418104023844,1.98357637734623,-0.0023622970298264,0
GFM-MWT+AD,dvc,k_pdc,k_idc,54.1169526546464,4.64158883361278,27.0584763273232,232.079441680639,1718.24855511426,0.0294651189287352,1.9835785715644,-0.00236416459020186,0
GFM-MWT+AD,dvc,k_pdc,k_idc,54.1169526546464,6.30957344480193,27.0584763273232,315.478672240097,1718.24855511463,0.0294857335348901,1.98358206830539,-0.00236581444486162,0
GFM-MWT+AD,dvc,k_pdc,k_idc,54.1169526546464,8.57695898590894,27.0584763273232,428.847949295447,1718.24855511406,0.0294991632915478,1.98358646734158,-0.00236688673840341,0
GFM-MWT+AD,dvc,k_pdc,k_idc,54.1169526546464,11.6591440117983,27.0584763273232,582.957200589916,1718.24855511401,0.0295036818616405,1.98359096936543,-0.00236724391435952,0
GFM-MWT+AD,dvc,k_pdc,k_idc,54.1169526546464,15.8489319246111,27.0584763273232,792.446596230557,1718.24855511402,0.0295010881599684,1.98359487418359,-0.0023670311488482,0
GFM-MWT+AD,dvc,k_pdc,k_idc,54.1169526546464,21.5443469003188,27.0584763273232,1077.21734501594,1718.24855511403,0.0294946755193122,1.98359789152889,-0.00236651303124085,0
GFM-MWT+AD,dvc,k_pdc,k_idc,54.1169526546464,29.2864456462524,27.0584763273232,1464.32228231262,1718.24855511389,0.0294871710055549,1.98360006735271,-0.00236590831281227,0
GFM-MWT+AD,dvc,k_pdc,k_idc,54.1169526546464,39.8107170553497,27.0584763273232,1990.53585276749,1718.24855511376,0.0294801151342302,1.98360158350039,-0.00236534037899517,0
GFM-MWT+AD,dvc,k_pdc,k_idc,54.1169526546464,54.1169526546464,27.0584763273232,2705.84763273232,1718.24855511363,0.0294741276204209,1.98360262752714,-0.00236485872814663,0
GFM-MWT+AD,dvc,k_pdc,k_idc,54.1169526546464,73.5642254459641,27.0584763273232,3678.21127229821,1718.24855511361,0.0294693194326168,1.98360334703189,-0.00236447208736153,0
GFM-MWT+AD,dvc,k_pdc,k_idc,54.1169526546464,100,27.0584763273232,5000,1718.24855511424,0.0294655791974989,1.98360384635919,-0.0023641713959932,0
GFM-MWT+AD,dvc,k_pdc,k_idc,73.5642254459641,0.01,36.7821127229821,0.5,1718.24855511458,0.0293781251307604,1.9835846801443,-0.00235717733174187,0
GFM-MWT+AD,dvc,k_pdc,k_idc,73.5642254459641,0.0135935639087853,36.7821127229821,0.679678195439263,1718.24855511439,0.0293781754794209,1.98358467541372,-0.00235718137710593,0
GFM-MWT+AD,dvc,k_pdc,k_idc,73.5642254459641,0.0184784979742229,36.7821127229821,0.923924898711145,1718.24855511449,0.0293782439379651,1.98358466898805,-0.00235718687753727,0
GFM-MWT+AD,dvc,k_pdc,k_idc,73.5642254459641,0.0251188643150958,36.7821127229821,1.25594321575479,1718.24855511438,0.0293783370581504,1.98358466027344,-0.00235719435942419,0
GFM-MWT+AD,dvc,k_pdc,k_idc,73.5642254459641,0.034145488738336,36.7821127229821,1.7072744369168,1718.24855511421,0.0293784638061516,1.98358464846804,-0.00235720454312382,0
GFM-MWT+AD,dvc,k_pdc,k_idc,73.5642254459641,0.0464158883361278,36.7821127229821,2.32079441680639,1718.24855511454,0.0293786363287358,1.98358463248624,-0.00235721840452652,0
GFM-MWT+AD,dvc,k_pdc,k_idc,73.5642254459641,0.0630957344480193,36.7821127229821,3.15478672240097,1718.2485551139,0.0293788712307992,1.98358461086519,-0.00235723727767062,0
GFM-MWT+AD,dvc,k_pdc,k_idc,73.5642254459641,0.0857695898590894,36.7821127229821,4.28847949295447,1718.24855511447,0.0293791913602058,1.98358458170762,-0.00235726299801763,0
GFM-MWT+AD,dvc,k_pdc,k_idc,73.5642254459641,0.116591440117983,36.7821127229821,5.82957200589916,1718.24855511394,0.0293796279675511,1.98358454248302,-0.0023572980759781,0
GFM-MWT+AD,dvc,k_pdc,k_idc,73.5642254459641,0.158489319246111,36.7821127229821,7.92446596230557,1718.24855511399,0.0293802240038072,1.98358448990903,-0.00235734596164068,0
GFM-MWT+AD,dvc,k_pdc,k_idc,73.5642254459641,0.215443469003188,36.7821127229821,10.7721734501594,1718.24855511447,0.0293810388844957,1.98358441986342,-0.00235741142713235,0
GFM-MWT+AD,dvc,k_pdc,k_idc,73.5642254459641,0.292864456462524,36.7821127229821,14.6432228231262,1718.24855511443,0.0293821547683497,1.98358432725794,-0.00235750107054015,0
GFM-MWT+AD,dvc,k_pdc,k_idc,73.5642254459641,0.398107170553497,36.7821127229821,19.9053585276749,1718.24855511395,0.0293836860595276,1.98358420630041,-0.00235762407801498,0
GFM-MWT+AD,dvc,k_pdc,k_idc,73.5642254459641,0.541169526546464,36.7821127229821,27.0584763273232,1718.24855511404,0.0293857920955853,1.98358405108245,-0.00235779324110009,0
GFM-MWT+AD,dvc,k_pdc,k_idc,73.5642254459641,0.735642254459641,36.7821127229821,36.7821127229821,1718.24855511426,0.0293886948513848,1.98358385737427,-0.00235802637508173,0
GFM-MWT+AD,dvc,k_pdc,k_idc,73.5642254459641,1,36.7821127229821,50,1718.24855511442,0.029392700914789,1.98358362653445,-0.00235834807757487,0
GFM-MWT+AD,dvc,k_pdc,k_idc,73.5642254459641,1.35935639087853,36.7821127229821,67.9678195439263,1718.24855511457,0.0293982235353096,1.98358337356337,-0.00235879148803229,0
GFM-MWT+AD,dvc,k_pdc,k_idc,73.5642254459641,1.84784979742229,36.7821127229821,92.3924898711145,1718.24855511414,0.0294057871444571,1.98358314197879,-0.00235939863273193,0
GFM-MWT+AD,dvc,k_pdc,k_idc,73.5642254459641,2.51188643150958,36.7821127229821,125.594321575479,1718.2485551143,0.0294159689010574,1.98358302850787,-0.00236021570519866,0
GFM-MWT+AD,dvc,k_pdc,k_idc,73.5642254459641,3.4145488738336,36.7821127229821,170.72744369168,1718.24855511397,0.0294291787185175,1.98358321312723,-0.00236127538064746,0
GFM-MWT+AD,dvc,k_pdc,k_idc,73.5642254459641,4.64158883361278,36.7821127229821,232.079441680639,1718.24855511404,0.0294451603847855,1.98358396831402,-0.0023625567767202,0
GFM-MWT+AD,dvc,k_pdc,k_idc,73.5642254459641,6.30957344480193,36.7821127229821,315.478672240097,1718.2485551144,0.0294622987956237,1.98358558317164,-0.00236392995910397,0
GFM-MWT+AD,dvc,k_pdc,k_idc,73.5642254459641,8.57695898590894,36.7821127229821,428.847949295447,1718.24855511406,0.0294774543261007,1.98358815561128,-0.00236514290057153,0
GFM-MWT+AD,dvc,k_pdc,k_idc,73.5642254459641,11.6591440117983,36.7821127229821,582.957200589916,1718.24855511389,0.0294873260735058,1.98359139122092,-0.00236593110301054,0
GFM-MWT+AD,dvc,k_pdc,k_idc,73.5642254459641,15.8489319246111,36.7821127229821,792.446596230557,1718.24855511426,0.0294906457528262,1.983594702349,-0.00236619350796604,0
GFM-MWT+AD,dvc,k_pdc,k_idc,73.5642254459641,21.5443469003188,36.7821127229821,1077.21734501594,1718.24855511436,0.0294887361882485,1.98359757423789,-0.00236603686858498,0
GFM-MWT+AD,dvc,k_pdc,k_idc,73.5642254459641,29.2864456462524,36.7821127229821,1464.32228231262,1718.24855511438,0.0294840187151016,1.98359979348505,-0.00236565571626774,0
GFM-MWT+AD,dvc,k_pdc,k_idc,73.5642254459641,39.8107170553497,36.7821127229821,1990.53585276749,1718.24855511415,0.0294784984863861,1.98360139386151,-0.00236521089391855,0
GFM-MWT+AD,dvc,k_pdc,k_idc,73.5642254459641,54.1169526546464,36.7821127229821,2705.84763273232,1718.24855511411,0.0294733083260894,1.98360250906648,-0.00236479313359978,0
GFM-MWT+AD,dvc,k_pdc,k_idc,73.5642254459641,73.5642254459641,36.7821127229821,3678.21127229821,1718.2485551143,0.0294689039072873,1.98360327702128,-0.00236443883130718,0
GFM-MWT+AD,dvc,k_pdc,k_idc,73.5642254459641,100,36.7821127229821,5000,1718.24855511465,0.0294653670019716,1.98360380628826,-0.00236415441833374,0
GFM-MWT+AD,dvc,k_pdc,k_idc,100,0.01,50,0.5,1718.24855511465,0.0293982731314975,1.98359007488697,-0.00235878749853635,0
GFM-MWT+AD,dvc,k_pdc,k_idc,100,0.0135935639087853,50,0.679678195439263,1718.24855511418,0.0293983003784237,1.98359007232766,-0.00235878968774052,0
GFM-MWT+AD,dvc,k_pdc,k_idc,100,0.0184784979742229,50,0.923924898711145,1718.24855511453,0.0293983374293088,1.98359006885242,-0.00235879266465581,0
GFM-MWT+AD,dvc,k_pdc,k_idc,100,0.0251188643150958,50,1.25594321575479,1718.24855511526,0.0293983877881439,1.98359006412575,-0.00235879671082439,0
GFM-MWT+AD,dvc,k_pdc,k_idc,100,0.034145488738336,50,1.7072744369168,1718.24855511474,0.0293984563050949,1.98359005771741,-0.00235880221591164,0
GFM-MWT+AD,dvc,k_pdc,k_idc,100,0.0464158883361278,50,2.32079441680639,1718.24855511431,0.0293985495611468,1.98359004903831,-0.00235880970864429,0
GFM-MWT+AD,dvc,k_pdc,k_idc,100,0.0630957344480193,50,3.15478672240097,1718.24855511445,0.0293986765119427,1.9835900372926,-0.00235881990852603,0
GFM-MWT+AD,dvc,k_pdc,k_idc,100,0.0857695898590894,50,4.28847949295447,1718.24855511438,0.0293988493871773,1.98359002140902,-0.00235883379808208,0
GFM-MWT+AD,dvc,k_pdc,k_idc,100,0.116591440117983,50,5.82957200589916,1718.24855511439,0.0293990849325534,1.98358999997111,-0.00235885272259079,0
GFM-MWT+AD,dvc,k_pdc,k_idc,100,0.158489319246111,50,7.92446596230557,1718.2485551147,0.029399406175846,1.98358997113265,-0.00235887853188469,0
GFM-MWT+AD,dvc,k_pdc,k_idc,100,0.215443469003188,50,10.7721734501594,1718.24855511483,0.0293998447577601,1.98358993249143,-0.00235891376751745,0
GFM-MWT+AD,dvc,k_pdc,k_idc,100,0.292864456462524,50,14.6432228231262,1718.24855511449,0.029400444291499,1.98358988098984,-0.00235896193243787,0
GFM-MWT+AD,dvc,k_pdc,k_idc,100,0.398107170553497,50,19.9053585276749,1718.24855511486,0.0294012653580282,1.98358981292709,-0.00235902789177163,0
GFM-MWT+AD,dvc,k_pdc,k_idc,100,0.541169526546464,50,27.0584763273232,1718.24855511511,0.0294023920528593,1.98358972402395,-0.00235911839802725,0
GFM-MWT+AD,dvc,k_pdc,k_idc,100,0.735642254459641,50,36.7821127229821,1718.24855511475,0.0294039415811502,1.98358960993992,-0.00235924286034701,0
GFM-MWT+AD,dvc,k_pdc,k_idc,100,1,50,50,1718.24855511468,0.029406077225858,1.98358946757601,-0.00235941438346135,0
GFM-MWT+AD,dvc,k_pdc,k_idc,100,1.35935639087853,50,67.9678195439263,1718.24855511461,0.0294090245880532,1.98358929797402,-0.00235965106728733,0
GFM-MWT+AD,dvc,k_pdc,k_idc,100,1.84784979742229,50,92.3924898711145,1718.24855511499,0.029413087467633,1.98358911214495,-0.00235997727418792,0
GFM-MWT+AD,dvc,k_pdc,k_idc,100,2.51188643150958,50,125.594321575479,1718.24855511503,0.0294186515502439,1.98358894214236,-0.00236042391161011,0
GFM-MWT+AD,dvc,k_pdc,k_idc,100,3.4145488738336,50,170.72744369168,1718.24855511446,0.0294261411101968,1.98358885913418,-0.0023610249365914,0
GFM-MWT+AD,dvc,k_pdc,k_idc,100,4.64158883361278,50,232.079441680639,1718.24855511482,0.0294358573225454,1.98358899551111,-0.00236180435627198,0
GFM-MWT+AD,dvc,k_pdc,k_idc,100,6.30957344480193,50,315.478672240097,1718.24855511453,0.0294476110825053,1.98358955159795,-0.00236274675888577,0
GFM-MWT+AD,dvc,k_pdc,k_idc,100,8.57695898590894,50,428.847949295447,1718.24855511442,0.0294602142858804,1.98359073992719,-0.00236375656275623,0
GFM-MWT+AD,dvc,k_pdc,k_idc,100,11.6591440117983,50,582.957200589916,1718.24855511466,0.0294713581859487,1.98359263236172,-0.00236464843876575,0
GFM-MWT+AD,dvc,k_pdc,k_idc,100,15.8489319246111,50,792.446596230557,1718.24855511456,0.0294786161045129,1.98359501234807,-0.00236522794018539,0
GFM-MWT+AD,dvc,k_pdc,k_idc,100,21.5443469003188,50,1077.21734501594,1718.2485551143,0.0294810558415648,1.98359744775021,-0.00236542078813672,0
GFM-MWT+AD,dvc,k_pdc,k_idc,100,29.2864456462524,50,1464.32228231262,1718.24855511435,0.0294796502474544,1.98359956007,-0.00236530549174575,0
GFM-MWT+AD,dvc,k_pdc,k_idc,100,39.8107170553497,50,1990.53585276749,1718.24855511472,0.0294761797964787,1.9836011923894,-0.00236502509480536,0
GFM-MWT+AD,dvc,k_pdc,k_idc,100,54.1169526546464,50,2705.84763273232,1718.24855511439,0.0294721191565371,1.98360236956344,-0.00236469788732775,0
GFM-MWT+AD,dvc,k_pdc,k_idc,100,73.5642254459641,50,3678.21127229821,1718.24855511465,0.0294683012422291,1.98360318988268,-0.00236439058058524,0
GFM-MWT+AD,dvc,k_pdc,k_idc,100,100,50,5000,1718.24855511449,0.0294650613319498,1.98360375479187,-0.00236412995440428,0
GFM-MWT,rpc,k_pq,k_iq,0.01,0.01,2.43951839509359e-07,1e-05,1717.72983891352,0.137920057272817,2.00020375211548,-0.0109735506531917,0
GFM-MWT,rpc,k_pq,k_iq,0.01,0.0135935639087853,2.43951839509359e-07,1.35935639087853e-05,1717.72982683515,0.137919683335589,2.00020517390565,-0.0109735131053355,0
GFM-MWT,rpc,k_pq,k_iq,0.01,0.0184784979742229,2.43951839509359e-07,1.84784979742229e-05,1717.72981041602,0.137919149802504,2.00020710682195,-0.0109734600571194,0
GFM-MWT,rpc,k_pq,k_iq,0.01,0.0251188643150958,2.43951839509359e-07,2.51188643150958e-05,1717.72978809662,0.137918377967717,2.00020973467847,-0.0109733842389001,0
GFM-MWT,rpc,k_pq,k_iq,0.01,0.034145488738336,2.43951839509359e-07,3.4145488738336e-05,1717.72975775751,0.137917242594149,2.00021330742147,-0.0109732743166041,0
GFM-MWT,rpc,k_pq,k_iq,0.01,0.0464158883361278,2.43951839509359e-07,4.64158883361278e-05,1717.72971651554,0.137915539922088,2.00021816489747,-0.0109731122164214,0
GFM-MWT,rpc,k_pq,k_iq,0.01,0.0630957344480193,2.43951839509359e-07,6.30957344480193e-05,1717.72966045243,0.137912930650142,2.00022476906407,-0.0109728684122899,0
GFM-MWT,rpc,k_pq,k_iq,0.01,0.0857695898590894,2.43951839509359e-07,8.57695898590894e-05,1717.72958424249,0.137908838418159,2.00023374746736,-0.0109724936119423,0
GFM-MWT,rpc,k_pq,k_iq,0.01,0.116591440117983,2.43951839509359e-07,0.000116591440117983,1717.72948064641,0.13790226683104,2.00024595140107,-0.010971903882879,0
GFM-MWT,rpc,k_pq,k_iq,0.01,0.158489319246111,2.43951839509359e-07,0.000158489319246111,1717.72933982194,0.137891467245748,2.00026253225191,-0.0109709538082662,0
GFM-MWT,rpc,k_pq,k_iq,0.01,0.215443469003188,2.43951839509359e-07,0.000215443469003188,1717.72914839145,0.137873336453566,2.00028503808651,-0.0109693880488805,0
GFM-MWT,rpc,k_pq,k_iq,0.01,0.292864456462524,2.43951839509359e-07,0.000292864456462524,1717.72888816919,0.137842325107314,2.00031552572897,-0.0109667539099455,0
GFM-MWT,rpc,k_pq,k_iq,0.01,0.398107170553497,2.43951839509359e-07,0.000398107170553497,1717.72853443316,0.137788482615168,2.00035666361538,-0.0109622452897931,0
GFM-MWT,rpc,k_pq,k_iq,0.01,0.541169526546464,2.43951839509359e-07,0.000541169526546464,1717.72805357904,0.137694044992368,2.00041174682872,-0.010954431263286,0
GFM-MWT,rpc,k_pq,k_iq,0.01,0.735642254459641,2.43951839509359e-07,0.000735642254459641,1717.72739992474,0.137527825530204,2.00048441600593,-0.0109408116383474,0
GFM-MWT,rpc,k_pq,k_iq,0.01,1,2.43951839509359e-07,0.001,1717.72651137182,0.137237174198936,2.00057759822268,-0.0109171836241586,0
GFM-MWT,rpc,k_pq,k_iq,0.01,1.35935639087853,2.43951839509359e-07,0.00135935639087853,1717.72530350439,0.136740314113178,2.00069076903545,-0.0108770479794915,0
GFM-MWT,rpc,k_pq,k_iq,0.01,1.84784979742229,2.43951839509359e-07,0.00184784979742229,1717.72366156978,0.135931109152683,2.00081459077994,-0.0108120180118724,0
GFM-MWT,rpc,k_pq,k_iq,0.01,2.51188643150958,2.43951839509359e-07,0.00251188643150958,1717.72142957112,0.134723224220544,2.00092439738518,-0.010715365412702,0
GFM-MWT,rpc,k_pq,k_iq,0.01,3.4145488738336,2.43951839509359e-07,0.0034145488738336,1717.7183954449,0.133150998358588,2.00098133606756,-0.0105900294237907,0
GFM-MWT,rpc,k_pq,k_iq,0.01,4.64158883361278,2.43951839509359e-07,0.00464158883361278,1717.71427090303,0.131450490481851,2.00095331440702,-0.010454942530073,0
GFM-MWT,rpc,k_pq,k_iq,0.01,6.30957344480193,2.43951839509359e-07,0.00630957344480193,1717.70866402915,0.129961421265423,2.00084376694953,-0.0103370876923343,0
GFM-MWT,rpc,k_pq,k_iq,0.01,8.57695898590894,2.43951839509359e-07,0.00857695898590894,1717.70104200809,0.128897343599688,2.00069047269205,-0.0102532457140075,0
GFM-MWT,rpc,k_pq,k_iq,0.01,11.6591440117983,2.43951839509359e-07,0.0116591440117983,1717.69068044485,0.12825741727578,2.00053470291006,-0.0102031418710532,0
GFM-MWT,rpc,k_pq,k_iq,0.01,15.8489319246111,2.43951839509359e-07,0.0158489319246111,1717.67659442791,0.127924564756033,2.0004001138475,-0.0101773501390316,0
GFM-MWT,rpc,k_pq,k_iq,0.01,21.5443469003188,2.43951839509359e-07,0.0215443469003188,1717.65744473513,0.127775726206556,2.00029339192414,-0.0101660524560695,0
GFM-MWT,rpc,k_pq,k_iq,0.01,29.2864456462524,2.43951839509359e-07,0.0292864456462524,1717.63141019745,0.127724202631595,2.0002124222336,-0.0101623648958226,0
GFM-MWT,rpc,k_pq,k_iq,0.01,39.8107170553497,2.43951839509359e-07,0.0398107170553497,1717.59601391865,0.127718995788826,2.00015230332236,-0.0101622560645219,0
GFM-MWT,rpc,k_pq,k_iq,0.01,54.1169526546464,2.43951839509359e-07,0.0541169526546464,1717.54788655113,0.12773302900136,2.00010810090817,-0.0101635971215275,0
GFM-MWT,rpc,k_pq,k_iq,0.01,73.5642254459641,2.43951839509359e-07,0.0735642254459641,1717.48244358192,0.127752977959387,2.00007572599006,-0.0101653488026421,0
GFM-MWT,rpc,k_pq,k_iq,0.01,100,2.43951839509359e-07,0.1,1717.39344494191,0.127772813766123,2.00005203759622,-0.0101670473850397,0
GFM-MWT,rpc,k_pq,k_iq,0.0135935639087853,0.01,3.31617492103619e-07,1e-05,1717.73172136123,0.137917318011001,2.00020373902617,-0.0109733328030362,0
GFM-MWT,rpc,k_pq,k_iq,0.0135935639087853,0.0135935639087853,3.31617492103619e-07,1.35935639087853e-05,1717.73170928298,0.137916943724228,2.00020516004875,-0.0109732952317369,0
GFM-MWT,rpc,k_pq,k_iq,0.0135935639087853,0.0184784979742229,3.31617492103619e-07,1.84784979742229e-05,1717.73169286439,0.137916409851324,2.00020709192559,-0.0109732421623982,0
GFM-MWT,rpc,k_pq,k_iq,0.0135935639087853,0.0251188643150958,3.31617492103619e-07,2.51188643150958e-05,1717.73167054506,0.137915637500693,2.00020971836453,-0.0109731663112021,0
GFM-MWT,rpc,k_pq,k_iq,0.0135935639087853,0.034145488738336,3.31617492103619e-07,3.4145488738336e-05,1717.73164020555,0.13791450156072,2.00021328918041,-0.0109730563548044,0
GFM-MWT,rpc,k_pq,k_iq,0.0135935639087853,0.0464158883361278,3.31617492103619e-07,4.64158883361278e-05,1717.73159896256,0.137912798159652,2.00021814403044,-0.0109728942115566,0
GFM-MWT,rpc,k_pq,k_iq,0.0135935639087853,0.0630957344480193,3.31617492103619e-07,6.30957344480193e-05,1717.73154289923,0.137910188262867,2.00022474463072,-0.0109726503779935,0
GFM-MWT,rpc,k_pq,k_iq,0.0135935639087853,0.0857695898590894,3.31617492103619e-07,8.57695898590894e-05,1717.73146668971,0.137906095617024,2.00023371817642,-0.0109722755723362,0
GFM-MWT,rpc,k_pq,k_iq,0.0135935639087853,0.116591440117983,3.31617492103619e-07,0.000116591440117983,1717.73136309223,0.137899524157394,2.00024591549082,-0.0109716858910362,0
GFM-MWT,rpc,k_pq,k_iq,0.0135935639087853,0.158489319246111,3.31617492103619e-07,0.000158489319246111,1717.73122226763,0.137888726271628,2.00026248733584,-0.0109707360027961,0
GFM-MWT,rpc,k_pq,k_iq,0.0135935639087853,0.215443469003188,3.31617492103619e-07,0.000215443469003188,1717.73103083676,0.137870600605787,2.00028498092614,-0.0109691707207614,0
GFM-MWT,rpc,k_pq,k_iq,0.0135935639087853,0.292864456462524,3.31617492103619e-07,0.000292864456462524,1717.73077061259,0.137839601506925,2.00031545196889,-0.0109665376503269,0
GFM-MWT,rpc,k_pq,k_iq,0.0135935639087853,0.398107170553497,3.31617492103619e-07,0.000398107170553497,1717.73041687561,0.137785785008684,2.00035656748205,-0.0109620312248028,0
GFM-MWT,rpc,k_pq,k_iq,0.0135935639087853,0.541169526546464,3.31617492103619e-07,0.000541169526546464,1717.72993601899,0.137691400119334,2.00041162095373,-0.0109542215613809,0
GFM-MWT,rpc,k_pq,k_iq,0.0135935639087853,0.735642254459641,3.31617492103619e-07,0.000735642254459641,1717.72928236222,0.137525282618465,2.00048425163805,-0.0109406102640022,0
GFM-MWT,rpc,k_pq,k_iq,0.0135935639087853,1,3.31617492103619e-07,0.001,1717.72839380524,0.137234819665016,2.00057738669449,-0.0109169974980399,0
GFM-MWT,rpc,k_pq,k_iq,0.0135935639087853,1.35935639087853,3.31617492103619e-07,0.00135935639087853,1717.72718593257,0.136738286411408,2.00069050592847,-0.0108768881346772,0
GFM-MWT,rpc,k_pq,k_iq,0.0135935639087853,1.84784979742229,3.31617492103619e-07,0.00184784979742229,1717.72554399042,0.135929594194084,2.00081428423222,-0.010811899181823,0
GFM-MWT,rpc,k_pq,k_iq,0.0135935639087853,2.51188643150958,3.31617492103619e-07,0.00251188643150958,1717.72331198233,0.13472239117228,2.00092407771423,-0.0107153008745624,0
GFM-MWT,rpc,k_pq,k_iq,0.0135935639087853,3.4145488738336,3.31617492103619e-07,0.0034145488738336,1717.72027784134,0.133150863323414,2.00098105325671,-0.0105900201816938,0
GFM-MWT,rpc,k_pq,k_iq,0.0135935639087853,4.64158883361278,3.31617492103619e-07,0.00464158883361278,1717.71615328189,0.131450831734863,2.00095311097434,-0.0104549707315552,0
GFM-MWT,rpc,k_pq,k_iq,0.0135935639087853,6.30957344480193,3.31617492103619e-07,0.00630957344480193,1717.71054638325,0.129961910893213,2.00084364904891,-0.0103371272420572,0
GFM-MWT,rpc,k_pq,k_iq,0.0135935639087853,8.57695898590894,3.31617492103619e-07,0.00857695898590894,1717.70292432708,0.128897761247059,2.00069041621258,-0.0102532792220396,0
GFM-MWT,rpc,k_pq,k_iq,0.0135935639087853,11.6591440117983,3.31617492103619e-07,0.0116591440117983,1717.69256271782,0.12825770101111,2.00053467971785,-0.0102031645587067,0
GFM-MWT,rpc,k_pq,k_iq,0.0135935639087853,15.8489319246111,3.31617492103619e-07,0.0158489319246111,1717.67847663765,0.127924736062261,2.00040010553178,-0.0101773638086072,0
GFM-MWT,rpc,k_pq,k_iq,0.0135935639087853,21.5443469003188,3.31617492103619e-07,0.0215443469003188,1717.65932685911,0.12777582353946,2.00029338940482,-0.010166060212042,0
GFM-MWT,rpc,k_pq,k_iq,0.0135935639087853,29.2864456462524,3.31617492103619e-07,0.0292864456462524,1717.63329220446,0.12772425625279,2.00021242171227,-0.0101623691643961,0
GFM-MWT,rpc,k_pq,k_iq,0.0135935639087853,39.8107170553497,3.31617492103619e-07,0.0398107170553497,1717.59789576621,0.127719024913521,2.00015230338313,-0.0101622583813474,0
GFM-MWT,rpc,k_pq,k_iq,0.0135935639087853,54.1169526546464,3.31617492103619e-07,0.0541169526546464,1717.54976818259,0.127733044729257,2.00010810107749,-0.010163598371992,0
GFM-MWT,rpc,k_pq,k_iq,0.0135935639087853,73.5642254459641,3.31617492103619e-07,0.0735642254459641,1717.48432491787,0.127752986416434,2.00007572613526,-0.0101653494747648,0
GFM-MWT,rpc,k_pq,k_iq,0.0135935639087853,100,3.31617492103619e-07,0.1,1717.39532587545,0.127772818327852,2.00005203769606,-0.0101670477474774,0
GFM-MWT,rpc,k_pq,k_iq,0.0184784979742229,0.01,4.50786357218164e-07,1e-05,1717.73428042429,0.137913596733387,2.00020372120567,-0.0109730368545658,0
GFM-MWT,rpc,k_pq,k_iq,0.0184784979742229,0.0135935639087853,4.50786357218164e-07,1.35935639087853e-05,1717.73426834599,0.137913222101793,2.0002051411895,-0.0109729992617417,0
GFM-MWT,rpc,k_pq,k_iq,0.0184784979742229,0.0184784979742229,4.50786357218164e-07,1.84784979742229e-05,1717.73425192667,0.137912687648487,2.00020707165029,-0.0109729461542815,0
GFM-MWT,rpc,k_pq,k_iq,0.0184784979742229,0.0251188643150958,4.50786357218164e-07,2.51188643150958e-05,1717.73422960716,0.13791191462933,2.00020969616347,-0.0109728702608513,0
GFM-MWT,rpc,k_pq,k_iq,0.0184784979742229,0.034145488738336,4.50786357218164e-07,3.4145488738336e-05,1717.73419926742,0.137910777895146,2.00021326436217,-0.0109727602561522,0
GFM-MWT,rpc,k_pq,k_iq,0.0184784979742229,0.0464158883361278,4.50786357218164e-07,4.64158883361278e-05,1717.73415802511,0.137909073628621,2.00021811565291,-0.0109725980642914,0
GFM-MWT,rpc,k_pq,k_iq,0.0184784979742229,0.0630957344480193,4.50786357218164e-07,6.30957344480193e-05,1717.73410196148,0.137906462780948,2.00022471140249,-0.0109723541826582,0
GFM-MWT,rpc,k_pq,k_iq,0.0184784979742229,0.0857695898590894,4.50786357218164e-07,8.57695898590894e-05,1717.7340257509,0.137902369434204,2.0002336783463,-0.0109719793587698,0
GFM-MWT,rpc,k_pq,k_iq,0.0184784979742229,0.116591440117983,4.50786357218164e-07,0.000116591440117983,1717.73392215372,0.137895798234146,2.00024586667629,-0.0109713897491822,0
GFM-MWT,rpc,k_pq,k_iq,0.0184784979742229,0.158489319246111,4.50786357218164e-07,0.000158489319246111,1717.73378132747,0.137885002642015,2.00026242628794,-0.0109704401129138,0
GFM-MWT,rpc,k_pq,k_iq,0.0184784979742229,0.215443469003188,4.50786357218164e-07,0.000215443469003188,1717.73358989497,0.137866884028926,2.00028490325262,-0.0109688754863606,0
GFM-MWT,rpc,k_pq,k_iq,0.0184784979742229,0.292864456462524,4.50786357218164e-07,0.000292864456462524,1717.73332966954,0.137835901467048,2.00031535174849,-0.010966243859415,0
GFM-MWT,rpc,k_pq,k_iq,0.0184784979742229,0.398107170553497,4.50786357218164e-07,0.000398107170553497,1717.73297593037,0.137782120336339,2.00035643688135,-0.0109617404195712,0
GFM-MWT,rpc,k_pq,k_iq,0.0184784979742229,0.541169526546464,4.50786357218164e-07,0.000541169526546464,1717.73249507106,0.137687807103454,2.00041144996643,-0.0109539366847334,0
GFM-MWT,rpc,k_pq,k_iq,0.0184784979742229,0.735642254459641,4.50786357218164e-07,0.000735642254459641,1717.73184141038,0.137521828043984,2.00048402837637,-0.0109403366944263,0
GFM-MWT,rpc,k_pq,k_iq,0.0184784979742229,1,4.50786357218164e-07,0.001,1717.73095284833,0.13723162090619,2.00057709938016,-0.0109167446354855,0
GFM-MWT,rpc,k_pq,k_iq,0.0184784979742229,1.35935639087853,4.50786357218164e-07,0.00135935639087853,1717.72974496796,0.136735531400495,2.00069014854632,-0.0108766709550945,0
GFM-MWT,rpc,k_pq,k_iq,0.0184784979742229,1.84784979742229,4.50786357218164e-07,0.00184784979742229,1717.72810301541,0.135927535418708,2.00081386782537,-0.0108117376949358,0
GFM-MWT,rpc,k_pq,k_iq,0.0184784979742229,2.51188643150958,4.50786357218164e-07,0.00251188643150958,1717.72587099313,0.134721258680733,2.00092364342326,-0.0107152131363007,0
GFM-MWT,rpc,k_pq,k_iq,0.0184784979742229,3.4145488738336,4.50786357218164e-07,0.0034145488738336,1717.72283683473,0.133150679092686,2.00098066898259,-0.0105900075642384,0
GFM-MWT,rpc,k_pq,k_iq,0.0184784979742229,4.64158883361278,4.50786357218164e-07,0.00464158883361278,1717.71871225042,0.131451294935487,2.00095283449527,-0.0104550090127407,0
GFM-MWT,rpc,k_pq,k_iq,0.0184784979742229,6.30957344480193,4.50786357218164e-07,0.00630957344480193,1717.71310531741,0.129962576023452,2.00084348878001,-0.0103371809685689,0
GFM-MWT,rpc,k_pq,k_iq,0.0184784979742229,8.57695898590894,4.50786357218164e-07,0.00857695898590894,1717.70548321548,0.12889832871513,2.00069033942988,-0.0102533247504738,0
GFM-MWT,rpc,k_pq,k_iq,0.0184784979742229,11.6591440117983,4.50786357218164e-07,0.0116591440117983,1717.69512154259,0.128258086632253,2.0005346481807,-0.0102031953933001,0
GFM-MWT,rpc,k_pq,k_iq,0.0184784979742229,15.8489319246111,4.50786357218164e-07,0.0158489319246111,1717.68103537702,0.127924968924103,2.00040009422155,-0.0101773823901158,0
GFM-MWT,rpc,k_pq,k_iq,0.0184784979742229,21.5443469003188,4.50786357218164e-07,0.0215443469003188,1717.66188548198,0.127775955822735,2.00029338597701,-0.0101660707530542,0
GFM-MWT,rpc,k_pq,k_iq,0.0184784979742229,29.2864456462524,4.50786357218164e-07,0.0292864456462524,1717.6358506682,0.127724329139701,2.00021242100295,-0.0101623749666412,0
GFM-MWT,rpc,k_pq,k_iq,0.0184784979742229,39.8107170553497,4.50786357218164e-07,0.0398107170553497,1717.60045401522,0.127719064495131,2.00015230346474,-0.0101622615300095,0
GFM-MWT,rpc,k_pq,k_iq,0.0184784979742229,54.1169526546464,4.50786357218164e-07,0.0541169526546464,1717.55232613609,0.127733066095609,2.00010810130752,-0.010163600070748,0
GFM-MWT,rpc,k_pq,k_iq,0.0184784979742229,73.5642254459641,4.50786357218164e-07,0.0735642254459641,1717.48688247045,0.127752997917947,2.00007572633311,-0.0101653503888442,0
GFM-MWT,rpc,k_pq,k_iq,0.0184784979742229,100,4.50786357218164e-07,0.1,1717.39788287922,0.12777282451997,2.00005203783208,-0.0101670482394499,0
GFM-MWT,rpc,k_pq,k_iq,0.0251188643150958,0.01,6.12779315605361e-07,1e-05,1717.73775937229,0.137908542582558,2.00020369693009,-0.0109726349047689,0
GFM-MWT,rpc,k_pq,k_iq,0.0251188643150958,0.0135935639087853,6.12779315605361e-07,1.35935639087853e-05,1717.73774729325,0.137908167378136,2.0002051155025,-0.0109725972743995,0
GFM-MWT,rpc,k_pq,k_iq,0.0251188643150958,0.0184784979742229,6.12779315605361e-07,1.84784979742229e-05,1717.73773087415,0.137907632255372,2.00020704404115,-0.0109725441246103,0
GFM-MWT,rpc,k_pq,k_iq,0.0251188643150958,0.0251188643150958,6.12779315605361e-07,2.51188643150958e-05,1717.7377085552,0.137906858385153,2.00020966594468,-0.0109724681783134,0
GFM-MWT,rpc,k_pq,k_iq,0.0251188643150958,0.034145488738336,6.12779315605361e-07,3.4145488738336e-05,1717.7376782149,0.137905720542623,2.00021323058827,-0.010972358105654,0
GFM-MWT,rpc,k_pq,k_iq,0.0251188643150958,0.0464158883361278,6.12779315605361e-07,4.64158883361278e-05,1717.73763697159,0.13790401503659,2.00021807704306,-0.0109721958426797,0
GFM-MWT,rpc,k_pq,k_iq,0.0251188643150958,0.0630957344480193,6.12779315605361e-07,6.30957344480193e-05,1717.73758090777,0.137901402888683,2.00022466620755,-0.0109719518950432,0
GFM-MWT,rpc,k_pq,k_iq,0.0251188643150958,0.0857695898590894,6.12779315605361e-07,8.57695898590894e-05,1717.73750469655,0.137897308658361,2.00023362419177,-0.0109715770517915,0
GFM-MWT,rpc,k_pq,k_iq,0.0251188643150958,0.116591440117983,6.12779315605361e-07,0.000116591440117983,1717.73740109862,0.13789073774876,2.00024580032296,-0.0109709875346386,0
GFM-MWT,rpc,k_pq,k_iq,0.0251188643150958,0.158489319246111,6.12779315605361e-07,0.000158489319246111,1717.73726027156,0.137879945435142,2.00026234333456,-0.010970038253499,0
GFM-MWT,rpc,k_pq,k_iq,0.0251188643150958,0.215443469003188,6.12779315605361e-07,0.000215443469003188,1717.73706883745,0.137861836273662,2.00028479771949,-0.0109684745070684,0
GFM-MWT,rpc,k_pq,k_iq,0.0251188643150958,0.292864456462524,6.12779315605361e-07,0.000292864456462524,1717.73680860987,0.137830876160633,2.00031521560979,-0.0109658448396333,0
GFM-MWT,rpc,k_pq,k_iq,0.0251188643150958,0.398107170553497,6.12779315605361e-07,0.000398107170553497,1717.7364548673,0.137777143196937,2.00035625950641,-0.0109613454651898,0
GFM-MWT,rpc,k_pq,k_iq,0.0251188643150958,0.541169526546464,6.12779315605361e-07,0.000541169526546464,1717.73597400463,0.13768292705785,2.00041121775492,-0.0109535497641504,0
GFM-MWT,rpc,k_pq,k_iq,0.0251188643150958,0.735642254459641,6.12779315605361e-07,0.000735642254459641,1717.73532033795,0.137517135937101,2.00048372518963,-0.0109399651236095,0
GFM-MWT,rpc,k_pq,k_iq,0.0251188643150958,1,6.12779315605361e-07,0.001,1717.73443176834,0.13722727602343,2.00057670922671,-0.0109164011708943,0
GFM-MWT,rpc,k_pq,k_iq,0.0251188643150958,1.35935639087853,6.12779315605361e-07,0.00135935639087853,1717.73322387844,0.136731788878257,2.00068966325143,-0.0108763759281025,0
GFM-MWT,rpc,k_pq,k_iq,0.0251188643150958,1.84784979742229,6.12779315605361e-07,0.00184784979742229,1717.7315819124,0.135924738029354,2.00081330234047,-0.0108115182706037,0
GFM-MWT,rpc,k_pq,k_iq,0.0251188643150958,2.51188643150958,6.12779315605361e-07,0.00251188643150958,1717.72934987186,0.134719718931064,2.00092305356777,-0.0107150938429247,0
GFM-MWT,rpc,k_pq,k_iq,0.0251188643150958,3.4145488738336,6.12779315605361e-07,0.0034145488738336,1717.72631568859,0.1331504274909,2.00098014693054,-0.0105899903181819,0
GFM-MWT,rpc,k_pq,k_iq,0.0251188643150958,4.64158883361278,6.12779315605361e-07,0.00464158883361278,1717.72219106912,0.131451923342287,2.00095245877913,-0.0104550609506747,0
GFM-MWT,rpc,k_pq,k_iq,0.0251188643150958,6.30957344480193,6.12779315605361e-07,0.00630957344480193,1717.71658408968,0.12996347939584,2.00084327092268,-0.0103372539402645,0
GFM-MWT,rpc,k_pq,k_iq,0.0251188643150958,8.57695898590894,6.12779315605361e-07,0.00857695898590894,1717.70896192556,0.128899099807677,2.00069023502888,-0.0102533866162142,0
GFM-MWT,rpc,k_pq,k_iq,0.0251188643150958,11.6591440117983,6.12779315605361e-07,0.0116591440117983,1717.69860016772,0.128258610705678,2.00053460529209,-0.010203237298802,0
GFM-MWT,rpc,k_pq,k_iq,0.0251188643150958,15.8489319246111,6.12779315605361e-07,0.0158489319246111,1717.68451388472,0.127925285437509,2.00040007883799,-0.0101774076467609,0
GFM-MWT,rpc,k_pq,k_iq,0.0251188643150958,21.5443469003188,6.12779315605361e-07,0.0215443469003188,1717.66536383187,0.127776135625206,2.00029338131307,-0.0101660850806649,0
GFM-MWT,rpc,k_pq,k_iq,0.0251188643150958,29.2864456462524,6.12779315605361e-07,0.0292864456462524,1717.63932880316,0.127724428203288,2.00021242003641,-0.0101623828527229,0
GFM-MWT,rpc,k_pq,k_iq,0.0251188643150958,39.8107170553497,6.12779315605361e-07,0.0398107170553497,1717.60393185513,0.127719118289406,2.00015230357507,-0.0101622658092724,0
GFM-MWT,rpc,k_pq,k_iq,0.0251188643150958,54.1169526546464,6.12779315605361e-07,0.0541169526546464,1717.55580357673,0.127733095134685,2.00010810161973,-0.0101636023795351,0
GFM-MWT,rpc,k_pq,k_iq,0.0251188643150958,73.5642254459641,6.12779315605361e-07,0.0735642254459641,1717.49035936626,0.127753013553964,2.0000757266016,-0.0101653516315144,0
GFM-MWT,rpc,k_pq,k_iq,0.0251188643150958,100,6.12779315605361e-07,0.1,1717.40135903035,0.127772832939255,2.00005203801666,-0.0101670489083758,0
GFM-MWT,rpc,k_pq,k_iq,0.034145488738336,0.01,8.32985478866317e-07,1e-05,1717.74248899847,0.137901680235802,2.00020366383589,-0.0109720891522982,0
GFM-MWT,rpc,k_pq,k_iq,0.034145488738336,0.0135935639087853,8.32985478866317e-07,1.35935639087853e-05,1717.74247691953,0.137901304306449,2.00020508049159,-0.0109720514751555,0
GFM-MWT,rpc,k_pq,k_iq,0.034145488738336,0.0184784979742229,8.32985478866317e-07,1.84784979742229e-05,1717.74246050017,0.137900768193609,2.00020700642449,-0.0109719982614172,0
GFM-MWT,rpc,k_pq,k_iq,0.034145488738336,0.0251188643150958,8.32985478866317e-07,2.51188643150958e-05,1717.74243818049,0.137899993103506,2.00020962478202,-0.0109719222382344,0
GFM-MWT,rpc,k_pq,k_iq,0.034145488738336,0.034145488738336,8.32985478866317e-07,3.4145488738336e-05,1717.74240784016,0.13789885382691,2.00021318460406,-0.0109718120789017,0
GFM-MWT,rpc,k_pq,k_iq,0.034145488738336,0.0464158883361278,8.32985478866317e-07,4.64158883361278e-05,1717.7423665967,0.137897146616625,2.00021802449572,-0.0109716497176589,0
GFM-MWT,rpc,k_pq,k_iq,0.034145488738336,0.0630957344480193,8.32985478866317e-07,6.30957344480193e-05,1717.74231053165,0.137894532874357,2.00022460473275,-0.0109714056939345,0
GFM-MWT,rpc,k_pq,k_iq,0.034145488738336,0.0857695898590894,8.32985478866317e-07,8.57695898590894e-05,1717.74223431981,0.137890437463631,2.00023355055695,-0.0109710308258932,0
GFM-MWT,rpc,k_pq,k_iq,0.034145488738336,0.116591440117983,8.32985478866317e-07,0.000116591440117983,1717.74213072057,0.137883866947598,2.00024571013226,-0.0109704414341332,0
GFM-MWT,rpc,k_pq,k_iq,0.034145488738336,0.158489319246111,8.32985478866317e-07,0.000158489319246111,1717.74198989237,0.137873078943479,2.00026223061095,-0.0109694926238387,0
GFM-MWT,rpc,k_pq,k_iq,0.034145488738336,0.215443469003188,8.32985478866317e-07,0.000215443469003188,1717.74179845608,0.137854982677748,2.00028465436356,-0.0109679300772393,0
GFM-MWT,rpc,k_pq,k_iq,0.034145488738336,0.292864456462524,8.32985478866317e-07,0.000292864456462524,1717.74153822575,0.137824053087665,2.00031503072017,-0.0109653030736173,0
GFM-MWT,rpc,k_pq,k_iq,0.034145488738336,0.398107170553497,8.32985478866317e-07,0.000398107170553497,1717.74118447844,0.13777038540413,2.00035601865905,-0.010960809209343,0
GFM-MWT,rpc,k_pq,k_iq,0.034145488738336,0.541169526546464,8.32985478866317e-07,0.000541169526546464,1717.74070361109,0.137676301114101,2.00041090249788,-0.0109530244175046,0
GFM-MWT,rpc,k_pq,k_iq,0.034145488738336,0.735642254459641,8.32985478866317e-07,0.000735642254459641,1717.7400499364,0.137510764974342,2.0004833136263,-0.0109394606024069,0
GFM-MWT,rpc,k_pq,k_iq,0.034145488738336,1,8.32985478866317e-07,0.001,1717.73916135737,0.137221376091073,2.00057617963232,-0.0109159347777643,0
GFM-MWT,rpc,k_pq,k_iq,0.034145488738336,1.35935639087853,8.32985478866317e-07,0.00135935639087853,1717.73795345345,0.136726706078759,2.00068900450372,-0.0108759752435438,0
GFM-MWT,rpc,k_pq,k_iq,0.034145488738336,1.84784979742229,8.32985478866317e-07,0.00184784979742229,1717.73631147007,0.135920937610952,2.000812534671,-0.0108112201664003,0
GFM-MWT,rpc,k_pq,k_iq,0.034145488738336,2.51188643150958,8.32985478866317e-07,0.00251188643150958,1717.73407940386,0.134717625436782,2.00092225264846,-0.0107149316418981,0
GFM-MWT,rpc,k_pq,k_iq,0.034145488738336,3.4145488738336,8.32985478866317e-07,0.0034145488738336,1717.73104518686,0.133150083250377,2.00097943785176,-0.010589966694716,0
GFM-MWT,rpc,k_pq,k_iq,0.034145488738336,4.64158883361278,8.32985478866317e-07,0.00464158883361278,1717.72692052117,0.131452775214411,2.00095194825905,-0.0104551313643421,0
GFM-MWT,rpc,k_pq,k_iq,0.034145488738336,6.30957344480193,8.32985478866317e-07,0.00630957344480193,1717.72131347891,0.12996470587413,2.00084297478551,-0.0103373530133628,0
GFM-MWT,rpc,k_pq,k_iq,0.034145488738336,8.57695898590894,8.32985478866317e-07,0.00857695898590894,1717.71369122901,0.128900147308198,2.00069009306728,-0.0102534706592303,0
GFM-MWT,rpc,k_pq,k_iq,0.034145488738336,11.6591440117983,8.32985478866317e-07,0.0116591440117983,1717.70332935428,0.128259322838192,2.00053454695737,-0.0102032942420087,0
GFM-MWT,rpc,k_pq,k_iq,0.034145488738336,15.8489319246111,8.32985478866317e-07,0.0158489319246111,1717.68924291379,0.127925715606115,2.00040005790719,-0.0101774419728059,0
GFM-MWT,rpc,k_pq,k_iq,0.034145488738336,21.5443469003188,8.32985478866317e-07,0.0215443469003188,1717.67009264422,0.127776380016254,2.00029337496508,-0.0101661045550789,0
GFM-MWT,rpc,k_pq,k_iq,0.034145488738336,29.2864456462524,8.32985478866317e-07,0.0292864456462524,1717.64405732342,0.127724562861955,2.00021241871932,-0.0101623935724123,0
GFM-MWT,rpc,k_pq,k_iq,0.034145488738336,39.8107170553497,8.32985478866317e-07,0.0398107170553497,1717.60865997681,0.127719191429576,2.00015230372373,-0.0101622716274822,0
GFM-MWT,rpc,k_pq,k_iq,0.034145488738336,54.1169526546464,8.32985478866317e-07,0.0541169526546464,1717.56053115485,0.127733134596055,2.00010810204324,-0.010163605516963,0
GFM-MWT,rpc,k_pq,k_iq,0.034145488738336,73.5642254459641,8.32985478866317e-07,0.0735642254459641,1717.49508620281,0.127753034815995,2.00007572696671,-0.0101653533213114,0
GFM-MWT,rpc,k_pq,k_iq,0.034145488738336,100,8.32985478866317e-07,0.1,1717.40608485633,0.127772844397845,2.00005203826793,-0.0101670498187791,0
GFM-MWT,rpc,k_pq,k_iq,0.0464158883361278,0.01,1.13232413420594e-06,1e-05,1717.74891916532,0.137892366678952,2.00020361867379,-0.0109713484599576,0
GFM-MWT,rpc,k_pq,k_iq,0.0464158883361278,0.0135935639087853,1.13232413420594e-06,1.35935639087853e-05,1717.74890708621,0.137891989740846,2.00020503273036,-0.0109713107173412,0
GFM-MWT,rpc,k_pq,k_iq,0.0464158883361278,0.0184784979742229,1.13232413420594e-06,1.84784979742229e-05,1717.74889066643,0.137891452366594,2.00020695512925,-0.010971257423344,0
GFM-MWT,rpc,k_pq,k_iq,0.0464158883361278,0.0251188643150958,1.13232413420594e-06,2.51188643150958e-05,1717.74886834631,0.137890675642018,2.00020956867979,-0.0109711812974603,0
GFM-MWT,rpc,k_pq,k_iq,0.0464158883361278,0.034145488738336,1.13232413420594e-06,3.4145488738336e-05,1717.74883800564,0.137889534381517,2.00021312196086,-0.0109710710174842,0
GFM-MWT,rpc,k_pq,k_iq,0.0464158883361278,0.0464158883361278,1.13232413420594e-06,4.64158883361278e-05,1717.74879676162,0.137887824935923,2.0002179529536,-0.0109709085290002,0
GFM-MWT,rpc,k_pq,k_iq,0.0464158883361278,0.0630957344480193,1.13232413420594e-06,6.30957344480193e-05,1717.74874069611,0.13788520883561,2.00022452107434,-0.0109706643865535,0
GFM-MWT,rpc,k_pq,k_iq,0.0464158883361278,0.0857695898590894,1.13232413420594e-06,8.57695898590894e-05,1717.74866448236,0.13788111192282,2.00023345041172,-0.0109702894927191,0
GFM-MWT,rpc,k_pq,k_iq,0.0464158883361278,0.116591440117983,1.13232413420594e-06,0.000116591440117983,1717.74856088139,0.137874541993767,2.00024558753819,-0.0109697002752166,0
GFM-MWT,rpc,k_pq,k_iq,0.0464158883361278,0.158489319246111,1.13232413420594e-06,0.000158489319246111,1717.74842005131,0.137863759922041,2.00026207746339,-0.0109687521104247,0
GFM-MWT,rpc,k_pq,k_iq,0.0464158883361278,0.215443469003188,1.13232413420594e-06,0.000215443469003188,1717.74822861186,0.137845681130165,2.00028445966848,-0.0109671911898155,0
GFM-MWT,rpc,k_pq,k_iq,0.0464158883361278,0.292864456462524,1.13232413420594e-06,0.000292864456462524,1717.7479683777,0.137814793027285,2.00031477970857,-0.0109645678060837,0
GFM-MWT,rpc,k_pq,k_iq,0.0464158883361278,0.398107170553497,1.13232413420594e-06,0.000398107170553497,1717.74761462611,0.137761213877249,2.00035569176029,-0.0109600814146935,0
GFM-MWT,rpc,k_pq,k_iq,0.0464158883361278,0.541169526546464,1.13232413420594e-06,0.000541169526546464,1717.74713374988,0.137667308399921,2.00041047469375,-0.0109523114177409,0
GFM-MWT,rpc,k_pq,k_iq,0.0464158883361278,0.735642254459641,1.13232413420594e-06,0.000735642254459641,1717.74648006576,0.137502117928819,2.00048275521035,-0.0109387758352041,0
GFM-MWT,rpc,k_pq,k_iq,0.0464158883361278,1,1.13232413420594e-06,0.001,1717.74559147283,0.137213367569599,2.00057546113556,-0.0109153016969942,0
GFM-MWT,rpc,k_pq,k_iq,0.0464158883361278,1.35935639087853,1.13232413420594e-06,0.00135935639087853,1717.74438355129,0.136719805344884,2.00068811077097,-0.0108754312447156,0
GFM-MWT,rpc,k_pq,k_iq,0.0464158883361278,1.84784979742229,1.13232413420594e-06,0.00184784979742229,1717.74274154254,0.135915775666035,2.00081149302499,-0.0108108152582534,0
GFM-MWT,rpc,k_pq,k_iq,0.0464158883361278,2.51188643150958,1.13232413420594e-06,0.00251188643150958,1717.74050944236,0.134714778903871,2.00092116558181,-0.0107147110858525,0
GFM-MWT,rpc,k_pq,k_iq,0.0464158883361278,3.4145488738336,1.13232413420594e-06,0.0034145488738336,1717.73747517847,0.133149611207037,2.00097847502524,-0.010589934250471,0
GFM-MWT,rpc,k_pq,k_iq,0.0464158883361278,4.64158883361278,1.13232413420594e-06,0.00464158883361278,1717.73335045022,0.131453928822665,2.00095125467749,-0.0104552267305063,0
GFM-MWT,rpc,k_pq,k_iq,0.0464158883361278,6.30957344480193,1.13232413420594e-06,0.00630957344480193,1717.7277433229,0.129966370330423,2.00084257224712,-0.0103374874690794,0
GFM-MWT,rpc,k_pq,k_iq,0.0464158883361278,8.57695898590894,1.13232413420594e-06,0.00857695898590894,1717.72012095661,0.128901569974175,2.00068990000874,-0.0102535848038201,0
GFM-MWT,rpc,k_pq,k_iq,0.0464158883361278,11.6591440117983,1.13232413420594e-06,0.0116591440117983,1717.70975892381,0.128260290472007,2.00053446759544,-0.0102033716159941,0
GFM-MWT,rpc,k_pq,k_iq,0.0464158883361278,15.8489319246111,1.13232413420594e-06,0.0158489319246111,1717.69567226838,0.127926300207959,2.00040002942243,-0.01017748862232,0
GFM-MWT,rpc,k_pq,k_iq,0.0464158883361278,21.5443469003188,1.13232413420594e-06,0.0215443469003188,1717.67652170653,0.127776712196356,2.00029336632129,-0.0101661310250833,0
GFM-MWT,rpc,k_pq,k_iq,0.0464158883361278,29.2864456462524,1.13232413420594e-06,0.0292864456462524,1717.65048598722,0.127724745907149,2.00021241692288,-0.0101624081440092,0
GFM-MWT,rpc,k_pq,k_iq,0.0464158883361278,39.8107170553497,1.13232413420594e-06,0.0398107170553497,1717.61508809899,0.127719290842448,2.00015230392343,-0.0101622795356649,0
GFM-MWT,rpc,k_pq,k_iq,0.0464158883361278,54.1169526546464,1.13232413420594e-06,0.0541169526546464,1717.56695853826,0.127733188253538,2.00010810261795,-0.0101636097830774,0
GFM-MWT,rpc,k_pq,k_iq,0.0464158883361278,73.5642254459641,1.13232413420594e-06,0.0735642254459641,1717.50151257961,0.127753063718349,2.00007572746237,-0.0101653556183252,0
GFM-MWT,rpc,k_pq,k_iq,0.0464158883361278,100,1.13232413420594e-06,0.1,1717.41250985853,0.127772859954544,2.0000520386091,-0.0101670510547836,0
GFM-MWT,rpc,k_pq,k_iq,0.0630957344480193,0.01,1.53923204837883e-06,1e-05,1717.75766174959,0.137879733536136,2.00020355695892,-0.0109703437686506,0
GFM-MWT,rpc,k_pq,k_iq,0.0630957344480193,0.0135935639087853,1.53923204837883e-06,1.35935639087853e-05,1717.75764967097,0.137879355298356,2.00020496749631,-0.0109703059426454,0
GFM-MWT,rpc,k_pq,k_iq,0.0630957344480193,0.0184784979742229,1.53923204837883e-06,1.84784979742229e-05,1717.75763325074,0.137878816209141,2.00020688510646,-0.0109702525394378,0
GFM-MWT,rpc,k_pq,k_iq,0.0630957344480193,0.0251188643150958,1.53923204837883e-06,2.51188643150958e-05,1717.75761093078,0.137878037284496,2.00020949214254,-0.0109701762755603,0
GFM-MWT,rpc,k_pq,k_iq,0.0630957344480193,0.034145488738336,1.53923204837883e-06,3.4145488738336e-05,1717.75758058947,0.137876893343366,2.00021303656096,-0.0109700658327061,0
GFM-MWT,rpc,k_pq,k_iq,0.0630957344480193,0.0464158883361278,1.53923204837883e-06,4.64158883361278e-05,1717.75753934401,0.137875180894972,2.0002178554962,-0.0109699031738711,0
GFM-MWT,rpc,k_pq,k_iq,0.0630957344480193,0.0630957344480193,1.53923204837883e-06,6.30957344480193e-05,1717.75748327719,0.13787256179029,2.00022440720557,-0.0109696588856883,0
GFM-MWT,rpc,k_pq,k_iq,0.0630957344480193,0.0857695898590894,1.53923204837883e-06,8.57695898590894e-05,1717.75740706245,0.137868462696376,2.00023331420087,-0.0109692839453013,0
GFM-MWT,rpc,k_pq,k_iq,0.0630957344480193,0.116591440117983,1.53923204837883e-06,0.000116591440117983,1717.75730345952,0.137861893632013,2.00024542090903,-0.0109686949694137,0
GFM-MWT,rpc,k_pq,k_iq,0.0630957344480193,0.158489319246111,1.53923204837883e-06,0.000158489319246111,1717.75716262539,0.137851119663149,2.0002618694344,-0.0109677476843779,0
GFM-MWT,rpc,k_pq,k_iq,0.0630957344480193,0.215443469003188,1.53923204837883e-06,0.000215443469003188,1717.75697118273,0.137833064794771,2.00028419535853,-0.0109661889864643,0
GFM-MWT,rpc,k_pq,k_iq,0.0630957344480193,0.292864456462524,1.53923204837883e-06,0.000292864456462524,1717.75671094317,0.137802232744827,2.00031443907977,-0.0109635704947834,0
GFM-MWT,rpc,k_pq,k_iq,0.0630957344480193,0.398107170553497,1.53923204837883e-06,0.000398107170553497,1717.75635718374,0.137748773647377,2.00035524831402,-0.0109590942361682,0
GFM-MWT,rpc,k_pq,k_iq,0.0630957344480193,0.541169526546464,1.53923204837883e-06,0.000541169526546464,1717.75587629804,0.137655110423165,2.00040989452854,-0.0109513442831326,0
GFM-MWT,rpc,k_pq,k_iq,0.0630957344480193,0.735642254459641,1.53923204837883e-06,0.000735642254459641,1717.75522260092,0.137490388120973,2.00048199806551,-0.0109378469387579,0
GFM-MWT,rpc,k_pq,k_iq,0.0630957344480193,1,1.53923204837883e-06,0.001,1717.75433398932,0.13720250253247,2.00057448702325,-0.0109144428017579,0
GFM-MWT,rpc,k_pq,k_iq,0.0630957344480193,1.35935639087853,1.53923204837883e-06,0.00135935639087853,1717.75312604297,0.136710440593741,2.0006868990625,-0.0108746929953952,0
GFM-MWT,rpc,k_pq,k_iq,0.0630957344480193,1.84784979742229,1.53923204837883e-06,0.00184784979742229,1717.75148399935,0.13590876640844,2.00081008054301,-0.0108102654338829,0
GFM-MWT,rpc,k_pq,k_iq,0.0630957344480193,2.51188643150958,1.53923204837883e-06,0.00251188643150958,1717.74925185379,0.134710908022984,2.00091969094914,-0.0107144111411346,0
GFM-MWT,rpc,k_pq,k_iq,0.0630957344480193,3.4145488738336,1.53923204837883e-06,0.0034145488738336,1717.74621752737,0.133148962030745,2.00097716815531,-0.010589889540255,0
GFM-MWT,rpc,k_pq,k_iq,0.0630957344480193,4.64158883361278,1.53923204837883e-06,0.00464158883361278,1717.74209271414,0.131455488986561,2.00095031257725,-0.0104553557271513,0
GFM-MWT,rpc,k_pq,k_iq,0.0630957344480193,6.30957344480193,1.53923204837883e-06,0.00630957344480193,1717.73648546956,0.129968627848081,2.0008420250747,-0.0103376698389419,0
GFM-MWT,rpc,k_pq,k_iq,0.0630957344480193,8.57695898590894,1.53923204837883e-06,0.00857695898590894,1717.72886294564,0.128903501622515,2.00068963742421,-0.0102537397879031,0
GFM-MWT,rpc,k_pq,k_iq,0.0630957344480193,11.6591440117983,1.53923204837883e-06,0.0116591440117983,1717.71850069943,0.12826160496493,2.00053435959794,-0.0102034767265108,0
GFM-MWT,rpc,k_pq,k_iq,0.0630957344480193,15.8489319246111,1.53923204837883e-06,0.0158489319246111,1717.70441375098,0.127927094637367,2.00039999063874,-0.0101775520158428,0
GFM-MWT,rpc,k_pq,k_iq,0.0630957344480193,21.5443469003188,1.53923204837883e-06,0.0215443469003188,1717.68526279292,0.127777163693844,2.00029335454253,-0.0101661670031309,0
GFM-MWT,rpc,k_pq,k_iq,0.0630957344480193,29.2864456462524,1.53923204837883e-06,0.0292864456462524,1717.65922653221,0.127724994727797,2.00021241446838,-0.0101624279518267,0
GFM-MWT,rpc,k_pq,k_iq,0.0630957344480193,39.8107170553497,1.53923204837883e-06,0.0398107170553497,1717.62382790682,0.127719425985094,2.00015230418971,-0.0101622902861375,0
GFM-MWT,rpc,k_pq,k_iq,0.0630957344480193,54.1169526546464,1.53923204837883e-06,0.0541169526546464,1717.57569734329,0.127733261198917,2.00010810339778,-0.0101636155827108,0
GFM-MWT,rpc,k_pq,k_iq,0.0630957344480193,73.5642254459641,1.53923204837883e-06,0.0735642254459641,1717.51025001643,0.127753102997975,2.00007572813547,-0.010165358740075,0
GFM-MWT,rpc,k_pq,k_iq,0.0630957344480193,100,1.53923204837883e-06,0.1,1717.42124542859,0.127772881101999,2.00005203907217,-0.0101670527349862,0
GFM-MWT,rpc,k_pq,k_iq,0.0857695898590894,0.01,2.09236492200881e-06,1e-05,1717.76954917628,0.137862611034571,2.0002034724843,-0.0109689820510436,0
GFM-MWT,rpc,k_pq,k_iq,0.0857695898590894,0.0135935639087853,2.09236492200881e-06,1.35935639087853e-05,1717.76953709731,0.137862230942675,2.00020487825335,-0.0109689441046374,0
GFM-MWT,rpc,k_pq,k_iq,0.0857695898590894,0.0184784979742229,2.09236492200881e-06,1.84784979742229e-05,1717.76952067694,0.137861689450572,2.00020678937864,-0.0109688905471269,0
GFM-MWT,rpc,k_pq,k_iq,0.0857695898590894,0.0251188643150958,2.09236492200881e-06,2.51188643150958e-05,1717.76949835549,0.137860907667765,2.00020938760221,-0.0109688141059576,0
GFM-MWT,rpc,k_pq,k_iq,0.0857695898590894,0.034145488738336,2.09236492200881e-06,3.4145488738336e-05,1717.76946801303,0.137859760161213,2.00021292002746,-0.0109687034476204,0
GFM-MWT,rpc,k_pq,k_iq,0.0857695898590894,0.0464158883361278,2.09236492200881e-06,4.64158883361278e-05,1717.76942676727,0.137858043651485,2.0002177226413,-0.0109685405584442,0
GFM-MWT,rpc,k_pq,k_iq,0.0857695898590894,0.0630957344480193,2.09236492200881e-06,6.30957344480193e-05,1717.76937069889,0.137855420474125,2.00022425213756,-0.0109682960724905,0
GFM-MWT,rpc,k_pq,k_iq,0.0857695898590894,0.0857695898590894,2.09236492200881e-06,8.57695898590894e-05,1717.76929448215,0.137851318596095,2.00023312889509,-0.0109679210824226,0
GFM-MWT,rpc,k_pq,k_iq,0.0857695898590894,0.116591440117983,2.09236492200881e-06,0.000116591440117983,1717.76919087607,0.137844750787649,2.00024519443652,-0.010967332440305,0
GFM-MWT,rpc,k_pq,k_iq,0.0857695898590894,0.158489319246111,2.09236492200881e-06,0.000158489319246111,1717.7690500388,0.137833987898003,2.00026158693368,-0.0109663863548421,0
GFM-MWT,rpc,k_pq,k_iq,0.0857695898590894,0.215443469003188,2.09236492200881e-06,0.000215443469003188,1717.76885858962,0.137815965435939,2.00028383668611,-0.0109648306673098,0
GFM-MWT,rpc,k_pq,k_iq,0.0857695898590894,0.292864456462524,2.09236492200881e-06,0.000292864456462524,1717.76859834276,0.137785209573935,2.00031397713312,-0.010962218822279,0
GFM-MWT,rpc,k_pq,k_iq,0.0857695898590894,0.398107170553497,2.09236492200881e-06,0.000398107170553497,1717.76824457416,0.137731912957158,2.00035464721979,-0.0109577562773321,0
GFM-MWT,rpc,k_pq,k_iq,0.0857695898590894,0.541169526546464,2.09236492200881e-06,0.000541169526546464,1717.76776367487,0.137638577483011,2.00040910839509,-0.0109500334424359,0
GFM-MWT,rpc,k_pq,k_iq,0.0857695898590894,0.735642254459641,2.09236492200881e-06,0.000735642254459641,1717.76710995932,0.137474488520946,2.00048097239064,-0.0109365878272767,0
GFM-MWT,rpc,k_pq,k_iq,0.0857695898590894,1,2.09236492200881e-06,0.001,1717.76622132254,0.137187772421506,2.00057316761823,-0.0109132783593362,0
GFM-MWT,rpc,k_pq,k_iq,0.0857695898590894,1.35935639087853,2.09236492200881e-06,0.00135935639087853,1717.7650133417,0.136697739702592,2.0006852578117,-0.0108736917359113,0
GFM-MWT,rpc,k_pq,k_iq,0.0857695898590894,1.84784979742229,2.09236492200881e-06,0.00184784979742229,1717.76337125266,0.135899252494465,2.00080816688113,-0.0108095191173261,0
GFM-MWT,rpc,k_pq,k_iq,0.0857695898590894,2.51188643150958,2.09236492200881e-06,0.00251188643150958,1717.76113904335,0.134705643614919,2.00091769207633,-0.0107140031793204,0
GFM-MWT,rpc,k_pq,k_iq,0.0857695898590894,3.4145488738336,2.09236492200881e-06,0.0034145488738336,1717.75810463216,0.133148065775176,2.00097539527099,-0.0105898276469573,0
GFM-MWT,rpc,k_pq,k_iq,0.0857695898590894,4.64158883361278,2.09236492200881e-06,0.00464158883361278,1717.75397970247,0.131457595008381,2.00094903327805,-0.0104555298959497,0
GFM-MWT,rpc,k_pq,k_iq,0.0857695898590894,6.30957344480193,2.09236492200881e-06,0.00630957344480193,1717.74837230147,0.129971687235873,2.00084128132688,-0.0103379169981939,0
GFM-MWT,rpc,k_pq,k_iq,0.0857695898590894,8.57695898590894,2.09236492200881e-06,0.00857695898590894,1717.74074956284,0.128906123215558,2.0006892802025,-0.010253950133491,0
GFM-MWT,rpc,k_pq,k_iq,0.0857695898590894,11.6591440117983,2.09236492200881e-06,0.0116591440117983,1717.73038702439,0.128263390392204,2.00053421257386,-0.0102036194959768,0
GFM-MWT,rpc,k_pq,k_iq,0.0857695898590894,15.8489319246111,2.09236492200881e-06,0.0158489319246111,1717.71629967984,0.127928174142864,2.00039993780235,-0.0101776381584326,0
GFM-MWT,rpc,k_pq,k_iq,0.0857695898590894,21.5443469003188,2.09236492200881e-06,0.0215443469003188,1717.69714818162,0.127777777300844,2.00029333847866,-0.0101662158993288,0
GFM-MWT,rpc,k_pq,k_iq,0.0857695898590894,29.2864456462524,2.09236492200881e-06,0.0292864456462524,1717.67111118672,0.127725332924011,2.00021241111026,-0.0101624548746595,0
GFM-MWT,rpc,k_pq,k_iq,0.0857695898590894,39.8107170553497,2.09236492200881e-06,0.0398107170553497,1717.63571156204,0.127719609676746,2.00015230454309,-0.0101623048986822,0
GFM-MWT,rpc,k_pq,k_iq,0.0857695898590894,54.1169526546464,2.09236492200881e-06,0.0541169526546464,1717.58757963599,0.127733360358556,2.00010810445429,-0.0101636234665669,0
GFM-MWT,rpc,k_pq,k_iq,0.0857695898590894,73.5642254459641,2.09236492200881e-06,0.0735642254459641,1717.52213045239,0.127753156403026,2.000075729049,-0.0101653629844517,0
GFM-MWT,rpc,k_pq,k_iq,0.0857695898590894,100,2.09236492200881e-06,0.1,1717.43312332899,0.127772909857815,2.00005203970167,-0.0101670550196873,0
GFM-MWT,rpc,k_pq,k_iq,0.116591440117983,0.01,2.84426962878273e-06,1e-05,1717.78571422562,0.137839427869649,2.00020335657635,-0.0109671383493707,0
GFM-MWT,rpc,k_pq,k_iq,0.116591440117983,0.0135935639087853,2.84426962878273e-06,1.35935639087853e-05,1717.78570214476,0.137839045413368,2.00020475590828,-0.0109671002514476,0
GFM-MWT,rpc,k_pq,k_iq,0.116591440117983,0.0184784979742229,2.84426962878273e-06,1.84784979742229e-05,1717.78568572456,0.137838500841498,2.00020665827694,-0.0109670464986883,0
GFM-MWT,rpc,k_pq,k_iq,0.116591440117983,0.0251188643150958,2.84426962878273e-06,2.51188643150958e-05,1717.78566340188,0.137837715074504,2.00020924458416,-0.0109669698082719,0
GFM-MWT,rpc,k_pq,k_iq,0.116591440117983,0.034145488738336,2.84426962878273e-06,3.4145488738336e-05,1717.7856330587,0.137836562783954,2.00021276080116,-0.0109668588614446,0
GFM-MWT,rpc,k_pq,k_iq,0.116591440117983,0.0464158883361278,2.84426962878273e-06,4.64158883361278e-05,1717.78559181111,0.137834840869969,2.00021754136164,-0.0109666956676402,0
GFM-MWT,rpc,k_pq,k_iq,0.116591440117983,0.0630957344480193,2.84426962878273e-06,6.30957344480193e-05,1717.78553574038,0.13783221229691,2.00022404084055,-0.0109664509229751,0
GFM-MWT,rpc,k_pq,k_iq,0.116591440117983,0.0857695898590894,2.84426962878273e-06,8.57695898590894e-05,1717.78545952095,0.137828106868053,2.00023287674057,-0.0109660758825216,0
GFM-MWT,rpc,k_pq,k_iq,0.116591440117983,0.116591440117983,2.84426962878273e-06,0.000116591440117983,1717.78535591032,0.137821540965533,2.00024488665807,-0.0109654877079451,0
GFM-MWT,rpc,k_pq,k_iq,0.116591440117983,0.158489319246111,2.84426962878273e-06,0.000158489319246111,1717.78521506802,0.137810793194667,2.00026120344506,-0.0109645432550968,0
GFM-MWT,rpc,k_pq,k_iq,0.116591440117983,0.215443469003188,2.84426962878273e-06,0.000215443469003188,1717.78502361206,0.137792814758769,2.0002833502698,-0.0109629916540862,0
GFM-MWT,rpc,k_pq,k_iq,0.116591440117983,0.292864456462524,2.84426962878273e-06,0.000292864456462524,1717.78476335504,0.137762161984906,2.00031335117493,-0.0109603888012072,0
GFM-MWT,rpc,k_pq,k_iq,0.116591440117983,0.398107170553497,2.84426962878273e-06,0.000398107170553497,1717.78440957298,0.137709085107002,2.00035383324834,-0.0109559448014493,0
GFM-MWT,rpc,k_pq,k_iq,0.116591440117983,0.541169526546464,2.84426962878273e-06,0.000541169526546464,1717.78392865501,0.137616192510209,2.00040804440536,-0.0109482586099892,0
GFM-MWT,rpc,k_pq,k_iq,0.116591440117983,0.735642254459641,2.84426962878273e-06,0.000735642254459641,1717.78327491404,0.137452958665056,2.00047958467307,-0.0109348828394957,0
GFM-MWT,rpc,k_pq,k_iq,0.116591440117983,1,2.84426962878273e-06,0.001,1717.78238624418,0.137167821395123,2.00057138281826,-0.0109117011791224,0
GFM-MWT,rpc,k_pq,k_iq,0.116591440117983,1.35935639087853,2.84426962878273e-06,0.00135935639087853,1717.78117821767,0.136680528276997,2.0006830375765,-0.0108723348701019,0
GFM-MWT,rpc,k_pq,k_iq,0.116591440117983,1.84784979742229,2.84426962878273e-06,0.00184784979742229,1717.77953606548,0.135886345863898,2.00080557732889,-0.0108085066223852,0
GFM-MWT,rpc,k_pq,k_iq,0.116591440117983,2.51188643150958,2.84426962878273e-06,0.00251188643150958,1717.77730377193,0.13469848288213,2.00091498533907,-0.0107134481966513,0
GFM-MWT,rpc,k_pq,k_iq,0.116591440117983,3.4145488738336,2.84426962878273e-06,0.0034145488738336,1717.77426924411,0.133146822148382,2.00097299195524,-0.0105897414647784,0
GFM-MWT,rpc,k_pq,k_iq,0.116591440117983,4.64158883361278,2.84426962878273e-06,0.00464158883361278,1717.77014415694,0.131460430642432,2.00094729674417,-0.0104557644776253,0
GFM-MWT,rpc,k_pq,k_iq,0.116591440117983,6.30957344480193,2.84426962878273e-06,0.00630957344480193,1717.76453654202,0.129975828728668,2.00084027041113,-0.0103382515991313,0
GFM-MWT,rpc,k_pq,k_iq,0.116591440117983,8.57695898590894,2.84426962878273e-06,0.00857695898590894,1717.75691351227,0.128909679068504,2.00068879410438,-0.0102542354483388,0
GFM-MWT,rpc,k_pq,k_iq,0.116591440117983,11.6591440117983,2.84426962878273e-06,0.0116591440117983,1717.74655057746,0.128265814615327,2.00053401231546,-0.01020381334921,0
GFM-MWT,rpc,k_pq,k_iq,0.116591440117983,15.8489319246111,2.84426962878273e-06,0.0158489319246111,1717.73246269475,0.127929640705961,2.00039986576848,-0.0101777551888139,0
GFM-MWT,rpc,k_pq,k_iq,0.116591440117983,21.5443469003188,2.84426962878273e-06,0.0215443469003188,1717.71331046388,0.127778611203675,2.00029331654718,-0.0101662823506431,0
GFM-MWT,rpc,k_pq,k_iq,0.116591440117983,29.2864456462524,2.84426962878273e-06,0.0292864456462524,1717.68727247205,0.127725792598018,2.00021240650528,-0.0101624914681984,0
GFM-MWT,rpc,k_pq,k_iq,0.116591440117983,39.8107170553497,2.84426962878273e-06,0.0398107170553497,1717.65187148996,0.127719859374062,2.0001523050068,-0.0101623247620167,0
GFM-MWT,rpc,k_pq,k_iq,0.116591440117983,54.1169526546464,2.84426962878273e-06,0.0541169526546464,1717.6037377147,0.127733495137004,2.00010810588319,-0.0101636341823933,0
GFM-MWT,rpc,k_pq,k_iq,0.116591440117983,73.5642254459641,2.84426962878273e-06,0.0735642254459641,1717.53828600883,0.127753228999873,2.00007573028845,-0.0101653687541123,0
GFM-MWT,rpc,k_pq,k_iq,0.116591440117983,100,2.84426962878273e-06,0.1,1717.4492754447,0.127772948945077,2.00005204055575,-0.0101670581252485,0
GFM-MWT,rpc,k_pq,k_iq,0.158489319246111,0.01,3.86637609726749e-06,1e-05,1717.80769900813,0.13780808359108,2.00020319707499,-0.0109646456286216,0
GFM-MWT,rpc,k_pq,k_iq,0.158489319246111,0.0135935639087853,3.86637609726749e-06,1.35935639087853e-05,1717.80768692745,0.137807697880765,2.00020458771926,-0.0109646073211793,0
GFM-MWT,rpc,k_pq,k_iq,0.158489319246111,0.0184784979742229,3.86637609726749e-06,1.84784979742229e-05,1717.80767050589,0.137807149155862,2.00020647827681,-0.0109645533051252,0
GFM-MWT,rpc,k_pq,k_iq,0.158489319246111,0.0251188643150958,3.86637609726749e-06,2.51188643150958e-05,1717.8076481831,0.137806358178053,2.00020904851825,-0.0109644762914307,0
GFM-MWT,rpc,k_pq,k_iq,0.158489319246111,0.034145488738336,3.86637609726749e-06,3.4145488738336e-05,1717.80761783775,0.137805199600211,2.00021254288106,-0.0109643649685649,0
GFM-MWT,rpc,k_pq,k_iq,0.158489319246111,0.0464158883361278,3.86637609726749e-06,4.64158883361278e-05,1717.807576588,0.137803470518624,2.00021729370264,-0.0109642013734693,0
GFM-MWT,rpc,k_pq,k_iq,0.158489319246111,0.0630957344480193,3.86637609726749e-06,6.30957344480193e-05,1717.80752051455,0.137800834945615,2.0002237527108,-0.0109639563017915,0
GFM-MWT,rpc,k_pq,k_iq,0.158489319246111,0.0857695898590894,3.86637609726749e-06,8.57695898590894e-05,1717.80744429103,0.137796724811641,2.00023253351286,-0.0109635811999268,0
GFM-MWT,rpc,k_pq,k_iq,0.158489319246111,0.116591440117983,3.86637609726749e-06,0.000116591440117983,1717.80734067553,0.137790161786013,2.00024446842732,-0.0109629936800755,0
GFM-MWT,rpc,k_pq,k_iq,0.158489319246111,0.158489319246111,3.86637609726749e-06,0.000158489319246111,1717.80719982565,0.137779434805685,2.0002606831332,-0.0109620514606104,0
GFM-MWT,rpc,k_pq,k_iq,0.158489319246111,0.215443469003188,3.86637609726749e-06,0.000215443469003188,1717.80700835967,0.137761516140436,2.00028269118269,-0.0109605054018501,0
GFM-MWT,rpc,k_pq,k_iq,0.158489319246111,0.292864456462524,3.86637609726749e-06,0.000292864456462524,1717.80674808947,0.137731002836496,2.00031250394305,-0.0109579147106721,0
GFM-MWT,rpc,k_pq,k_iq,0.158489319246111,0.398107170553497,3.86637609726749e-06,0.000398107170553497,1717.80639428807,0.137678222498683,2.00035273252423,-0.010953495736142,0
GFM-MWT,rpc,k_pq,k_iq,0.158489319246111,0.541169526546464,3.86637609726749e-06,0.000541169526546464,1717.80591334568,0.137585926874551,2.00040660655875,-0.0109458589380305,0
GFM-MWT,rpc,k_pq,k_iq,0.158489319246111,0.735642254459641,3.86637609726749e-06,0.000735642254459641,1717.80525957134,0.137423844938421,2.00047771025522,-0.0109325772559228,0
GFM-MWT,rpc,k_pq,k_iq,0.158489319246111,1,3.86637609726749e-06,0.001,1717.80437085508,0.137140833871478,2.00056897266301,-0.0109095677185195,0
GFM-MWT,rpc,k_pq,k_iq,0.158489319246111,1.35935639087853,3.86637609726749e-06,0.00135935639087853,1717.8031627655,0.136657230490216,2.00068003931261,-0.0108704981414659,0
GFM-MWT,rpc,k_pq,k_iq,0.158489319246111,1.84784979742229,3.86637609726749e-06,0.00184784979742229,1717.8015205285,0.135868849513865,2.00080207883133,-0.0108071340060656,0
GFM-MWT,rpc,k_pq,k_iq,0.158489319246111,2.51188643150958,3.86637609726749e-06,0.00251188643150958,1717.7992881193,0.134688740941928,2.00091132512118,-0.0107126930397633,0
GFM-MWT,rpc,k_pq,k_iq,0.158489319246111,3.4145488738336,3.86637609726749e-06,0.0034145488738336,1717.79625343472,0.133145085348376,2.0009697372799,-0.0105896205676452,0
GFM-MWT,rpc,k_pq,k_iq,0.158489319246111,4.64158883361278,3.86637609726749e-06,0.00464158883361278,1717.79212813481,0.131464235304666,2.0009449408039,-0.0104560793598363,0
GFM-MWT,rpc,k_pq,k_iq,0.158489319246111,6.30957344480193,3.86637609726749e-06,0.00630957344480193,1717.7865202285,0.129981426627816,2.0008388964205,-0.0103387039062252,0
GFM-MWT,rpc,k_pq,k_iq,0.158489319246111,8.57695898590894,3.86637609726749e-06,0.00857695898590894,1717.77889680402,0.12891449844225,2.00068813239295,-0.010254622160687,0
GFM-MWT,rpc,k_pq,k_iq,0.158489319246111,11.6591440117983,3.86637609726749e-06,0.0116591440117983,1717.76853333214,0.128269104899924,2.00053373935828,-0.0102040764630867,0
GFM-MWT,rpc,k_pq,k_iq,0.158489319246111,15.8489319246111,3.86637609726749e-06,0.0158489319246111,1717.75444471891,0.127931632721294,2.00039976745941,-0.0101779141521836,0
GFM-MWT,rpc,k_pq,k_iq,0.158489319246111,21.5443469003188,3.86637609726749e-06,0.0215443469003188,1717.7352914942,0.127779744325818,2.00029328655714,-0.0101663726468457,0
GFM-MWT,rpc,k_pq,k_iq,0.158489319246111,29.2864456462524,3.86637609726749e-06,0.0292864456462524,1717.7092521495,0.127726417343183,2.00021240017045,-0.0101625412030411,0
GFM-MWT,rpc,k_pq,k_iq,0.158489319246111,39.8107170553497,3.86637609726749e-06,0.0398107170553497,1717.67384932512,0.127720198797377,2.00015230560757,-0.0101623517631733,0
GFM-MWT,rpc,k_pq,k_iq,0.158489319246111,54.1169526546464,3.86637609726749e-06,0.0541169526546464,1717.62571304031,0.127733678350744,2.00010810781429,-0.0101636487492205,0
GFM-MWT,rpc,k_pq,k_iq,0.158489319246111,73.5642254459641,3.86637609726749e-06,0.0735642254459641,1717.56025791301,0.127753327690991,2.00007573196827,-0.0101653765976505,0
GFM-MWT,rpc,k_pq,k_iq,0.158489319246111,100,3.86637609726749e-06,0.1,1717.47124267791,0.127773002086757,2.00005204171524,-0.0101670623474697,0
GFM-MWT,rpc,k_pq,k_iq,0.215443469003188,0.01,5.25578305736054e-06,1e-05,1717.83760398803,0.13776578624406,2.00020297673891,-0.0109612818686721,0
GFM-MWT,rpc,k_pq,k_iq,0.215443469003188,0.0135935639087853,5.25578305736054e-06,1.35935639087853e-05,1717.83759190679,0.137765396284982,2.00020435570437,-0.0109612432895427,0
GFM-MWT,rpc,k_pq,k_iq,0.215443469003188,0.0184784979742229,5.25578305736054e-06,1.84784979742229e-05,1717.83757548361,0.137764842096116,2.00020623038105,-0.0109611889289879,0
GFM-MWT,rpc,k_pq,k_iq,0.215443469003188,0.0251188643150958,5.25578305736054e-06,2.51188643150958e-05,1717.83755315864,0.137764044258686,2.00020877902081,-0.0109611114922453,0
GFM-MWT,rpc,k_pq,k_iq,0.215443469003188,0.034145488738336,5.25578305736054e-06,3.4145488738336e-05,1717.83752281163,0.137762877380666,2.00021224399607,-0.0109609996759344,0
GFM-MWT,rpc,k_pq,k_iq,0.215443469003188,0.0464158883361278,5.25578305736054e-06,4.64158883361278e-05,1717.83748155804,0.13776113897777,2.00021695483196,-0.0109608355663254,0
GFM-MWT,rpc,k_pq,k_iq,0.215443469003188,0.0630957344480193,5.25578305736054e-06,6.30957344480193e-05,1717.83742548096,0.137758494204393,2.00022335941604,-0.0109605900717101,0
GFM-MWT,rpc,k_pq,k_iq,0.215443469003188,0.0857695898590894,5.25578305736054e-06,8.57695898590894e-05,1717.83734925202,0.137754378328102,2.00023206614215,-0.010960214933532,0
GFM-MWT,rpc,k_pq,k_iq,0.215443469003188,0.116591440117983,5.25578305736054e-06,0.000116591440117983,1717.83724562964,0.137747819599239,2.00024390020684,-0.0109596283278906,0
GFM-MWT,rpc,k_pq,k_iq,0.215443469003188,0.158489319246111,5.25578305736054e-06,0.000158489319246111,1717.83710476951,0.137737121363374,2.00025997767426,-0.0109586891738252,0
GFM-MWT,rpc,k_pq,k_iq,0.215443469003188,0.215443469003188,5.25578305736054e-06,0.000215443469003188,1717.83691329068,0.137719283846775,2.00028179915265,-0.0109571506287505,0
GFM-MWT,rpc,k_pq,k_iq,0.215443469003188,0.292864456462524,5.25578305736054e-06,0.000292864456462524,1717.83665300247,0.137688958830151,2.0003113589796,-0.0109545763495362,0
GFM-MWT,rpc,k_pq,k_iq,0.215443469003188,0.398107170553497,5.25578305736054e-06,0.000398107170553497,1717.83629917617,0.137636577728714,2.00035124676927,-0.0109501910633676,0
GFM-MWT,rpc,k_pq,k_iq,0.215443469003188,0.541169526546464,5.25578305736054e-06,0.000541169526546464,1717.83581819984,0.137545084405888,2.00040466755695,-0.010942620647525,0
GFM-MWT,rpc,k_pq,k_iq,0.215443469003188,0.735642254459641,5.25578305736054e-06,0.000735642254459641,1717.8351643795,0.13738454922627,2.00047518415617,-0.0109294653090657,0
GFM-MWT,rpc,k_pq,k_iq,0.215443469003188,1,5.25578305736054e-06,0.001,1717.83427560084,0.137104391934892,2.00056572567658,-0.0109066868033251,0
GFM-MWT,rpc,k_pq,k_iq,0.215443469003188,1.35935639087853,5.25578305736054e-06,0.00135935639087853,1717.8330674266,0.136625741548171,2.00067599984283,-0.0108680155671613,0
GFM-MWT,rpc,k_pq,k_iq,0.215443469003188,1.84784979742229,5.25578305736054e-06,0.00184784979742229,1717.83142507495,0.135845154996123,2.00079736271678,-0.0108052750085325,0
GFM-MWT,rpc,k_pq,k_iq,0.215443469003188,2.51188643150958,5.25578305736054e-06,0.00251188643150958,1717.82919250862,0.134675484472915,2.00090638478082,-0.0107116652299852,0
GFM-MWT,rpc,k_pq,k_iq,0.215443469003188,3.4145488738336,5.25578305736054e-06,0.0034145488738336,1717.82615761065,0.133142640087774,2.00096533563743,-0.0105894493985855,0
GFM-MWT,rpc,k_pq,k_iq,0.215443469003188,4.64158883361278,5.25578305736054e-06,0.00464158883361278,1717.82203202044,0.131469315492184,2.00094174681495,-0.0104565000603938,0
GFM-MWT,rpc,k_pq,k_iq,0.215443469003188,6.30957344480193,5.25578305736054e-06,0.00630957344480193,1717.81642372071,0.129988977378491,2.00083702910314,-0.0103393140759536,0
GFM-MWT,rpc,k_pq,k_iq,0.215443469003188,8.57695898590894,5.25578305736054e-06,0.00857695898590894,1717.80879976073,0.128921023008831,2.00068723120289,-0.0102551457275887,0
GFM-MWT,rpc,k_pq,k_iq,0.215443469003188,11.6591440117983,5.25578305736054e-06,0.0116591440117983,1717.79843556109,0.12827356798946,2.00053336696352,-0.0102044333735883,0
GFM-MWT,rpc,k_pq,k_iq,0.215443469003188,15.8489319246111,5.25578305736054e-06,0.0158489319246111,1717.78434595691,0.127934337661745,2.00039963310184,-0.0101781300115954,0
GFM-MWT,rpc,k_pq,k_iq,0.215443469003188,21.5443469003188,5.25578305736054e-06,0.0215443469003188,1717.76519138435,0.127781283863684,2.00029324546429,-0.0101664953312559,0
GFM-MWT,rpc,k_pq,k_iq,0.215443469003188,29.2864456462524,5.25578305736054e-06,0.0292864456462524,1717.73915020462,0.127727266438575,2.00021239142279,-0.0101626087987044,0
GFM-MWT,rpc,k_pq,k_iq,0.215443469003188,39.8107170553497,5.25578305736054e-06,0.0398107170553497,1717.70374488236,0.127720660142834,2.00015230636769,-0.0101623884635345,0
GFM-MWT,rpc,k_pq,k_iq,0.215443469003188,54.1169526546464,5.25578305736054e-06,0.0541169526546464,1717.65560519424,0.127733927415658,2.00010811041699,-0.0101636685518101,0
GFM-MWT,rpc,k_pq,k_iq,0.215443469003188,73.5642254459641,5.25578305736054e-06,0.0735642254459641,1717.59014542764,0.127753461839778,2.00007573424302,-0.0101653872592527,0
GFM-MWT,rpc,k_pq,k_iq,0.215443469003188,100,5.25578305736054e-06,0.1,1717.50112385822,0.127773074324495,2.00005204328785,-0.010167068086932,0
GFM-MWT,rpc,k_pq,k_iq,0.292864456462524,0.01,7.14448228809412e-06,1e-05,1717.87829217571,0.137708855941266,2.00020267093488,-0.0109567544498325,0
GFM-MWT,rpc,k_pq,k_iq,0.292864456462524,0.0135935639087853,7.14448228809412e-06,1.35935639087853e-05,1717.87828009286,0.137708460469638,2.00020403425849,-0.0109567155209342,0
GFM-MWT,rpc,k_pq,k_iq,0.292864456462524,0.0184784979742229,7.14448228809412e-06,1.84784979742229e-05,1717.87826366857,0.137707899165721,2.00020588766135,-0.0109566607150878,0
GFM-MWT,rpc,k_pq,k_iq,0.292864456462524,0.0251188643150958,7.14448228809412e-06,2.51188643150958e-05,1717.87824134145,0.137707092414244,2.00020840736678,-0.0109565827334095,0
GFM-MWT,rpc,k_pq,k_iq,0.292864456462524,0.034145488738336,7.14448228809412e-06,3.4145488738336e-05,1717.87821099121,0.13770591479788,2.00021183297961,-0.0109564702862084,0
GFM-MWT,rpc,k_pq,k_iq,0.292864456462524,0.0464158883361278,7.14448228809412e-06,4.64158883361278e-05,1717.87816973454,0.137704164348782,2.00021649025723,-0.0109563055222122,0
GFM-MWT,rpc,k_pq,k_iq,0.292864456462524,0.0630957344480193,7.14448228809412e-06,6.30957344480193e-05,1717.87811365199,0.137701508072821,2.00022282195728,-0.010956059526097,0
GFM-MWT,rpc,k_pq,k_iq,0.292864456462524,0.0857695898590894,7.14448228809412e-06,8.57695898590894e-05,1717.87803741565,0.137697385089824,2.00023142945821,-0.0109556843855284,0
GFM-MWT,rpc,k_pq,k_iq,0.292864456462524,0.116591440117983,7.14448228809412e-06,0.000116591440117983,1717.87793378318,0.13769083329632,2.0002431284699,-0.0109550990977296,0
GFM-MWT,rpc,k_pq,k_iq,0.292864456462524,0.158489319246111,7.14448228809412e-06,0.000158489319246111,1717.87779291015,0.137680174735399,2.00025902214045,-0.0109541641422404,0
GFM-MWT,rpc,k_pq,k_iq,0.292864456462524,0.215443469003188,7.14448228809412e-06,0.000215443469003188,1717.87760141238,0.137662447285457,2.0002805937667,-0.0109526357695005,0
GFM-MWT,rpc,k_pq,k_iq,0.292864456462524,0.292864456462524,7.14448228809412e-06,0.000292864456462524,1717.87734109886,0.137632375759391,2.0003098148822,-0.010950083574404,0
GFM-MWT,rpc,k_pq,k_iq,0.292864456462524,0.398107170553497,7.14448228809412e-06,0.000398107170553497,1717.87698723993,0.13758053022685,2.00034924631168,-0.0109457434747659,0
GFM-MWT,rpc,k_pq,k_iq,0.292864456462524,0.541169526546464,7.14448228809412e-06,0.000541169526546464,1717.87650621788,0.137490110877315,2.00040206008453,-0.0109382619193395,0
GFM-MWT,rpc,k_pq,k_iq,0.292864456462524,0.735642254459641,7.14448228809412e-06,0.000735642254459641,1717.87585233575,0.137331643584261,2.00047179016608,-0.0109252754992866,0
GFM-MWT,rpc,k_pq,k_iq,0.292864456462524,1,7.14448228809412e-06,0.001,1717.87496347252,0.137055299471946,2.00056136515119,-0.0109028057120319,0
GFM-MWT,rpc,k_pq,k_iq,0.292864456462524,1.35935639087853,7.14448228809412e-06,0.00135935639087853,1717.87375518306,0.13658326853386,2.00067057475583,-0.0108646668699501,0
GFM-MWT,rpc,k_pq,k_iq,0.292864456462524,1.84784979742229,7.14448228809412e-06,0.00184784979742229,1717.87211267481,0.135813110624286,2.00079102402468,-0.0108027606810186,0
GFM-MWT,rpc,k_pq,k_iq,0.292864456462524,2.51188643150958,7.14448228809412e-06,0.00251188643150958,1717.86987989611,0.134657441178589,2.00089973351749,-0.0107102658858118,0
GFM-MWT,rpc,k_pq,k_iq,0.292864456462524,3.4145488738336,7.14448228809412e-06,0.0034145488738336,1717.86684471025,0.133139163260313,2.00095939383737,-0.0105892043422038,0
GFM-MWT,rpc,k_pq,k_iq,0.292864456462524,4.64158883361278,7.14448228809412e-06,0.00464158883361278,1717.86271872776,0.131476053555858,2.0009374209533,-0.0104570585229773,0
GFM-MWT,rpc,k_pq,k_iq,0.292864456462524,6.30957344480193,7.14448228809412e-06,0.00630957344480193,1717.85710989419,0.129999133519876,2.00083449163735,-0.0103401349203338,0
GFM-MWT,rpc,k_pq,k_iq,0.292864456462524,8.57695898590894,7.14448228809412e-06,0.00857695898590894,1717.84948520812,0.128929843223318,2.00068600307807,-0.0102558535610758,0
GFM-MWT,rpc,k_pq,k_iq,0.292864456462524,11.6591440117983,7.14448228809412e-06,0.0116591440117983,1717.83912002171,0.128279617324256,2.00053285826522,-0.0102049171554881,0
GFM-MWT,rpc,k_pq,k_iq,0.292864456462524,15.8489319246111,7.14448228809412e-06,0.0158489319246111,1717.82502907512,0.127938009256819,2.00039944913842,-0.0101784230200299,0
GFM-MWT,rpc,k_pq,k_iq,0.292864456462524,21.5443469003188,7.14448228809412e-06,0.0215443469003188,1717.80587267557,0.127783375176273,2.00029318900237,-0.0101666619893719,0
GFM-MWT,rpc,k_pq,k_iq,0.292864456462524,29.2864456462524,7.14448228809412e-06,0.0292864456462524,1717.77982901123,0.127728420295704,2.00021237927729,-0.0101627006574669,0
GFM-MWT,rpc,k_pq,k_iq,0.292864456462524,39.8107170553497,7.14448228809412e-06,0.0398107170553497,1717.74442030465,0.127721287208315,2.00015230729795,-0.0101624383475649,0
GFM-MWT,rpc,k_pq,k_iq,0.292864456462524,54.1169526546464,7.14448228809412e-06,0.0541169526546464,1717.69627600597,0.127734265958444,2.00010811391318,-0.0101636954687944,0
GFM-MWT,rpc,k_pq,k_iq,0.292864456462524,73.5642254459641,7.14448228809412e-06,0.0735642254459641,1717.63080995125,0.127753644183123,2.00007573731814,-0.010165401751249,0
GFM-MWT,rpc,k_pq,k_iq,0.292864456462524,100,7.14448228809412e-06,0.1,1717.54177980079,0.127773172510286,2.0000520454188,-0.0101670758880629,0
GFM-MWT,rpc,k_pq,k_iq,0.398107170553497,0.01,9.71189765783917e-06,1e-05,1717.93366974967,0.137632496844117,2.00020224411691,-0.0109506820315811,0
GFM-MWT,rpc,k_pq,k_iq,0.398107170553497,0.0135935639087853,9.71189765783917e-06,1.35935639087853e-05,1717.93365766599,0.137632094256343,2.00020358659555,-0.0109506426547878,0
GFM-MWT,rpc,k_pq,k_iq,0.398107170553497,0.0184784979742229,9.71189765783917e-06,1.84784979742229e-05,1717.9336412388,0.137631523837629,2.00020541165003,-0.0109505872845989,0
GFM-MWT,rpc,k_pq,k_iq,0.398107170553497,0.0251188643150958,9.71189765783917e-06,2.51188643150958e-05,1717.93361890915,0.137630705675369,2.00020789279801,-0.0109505086138183,0
GFM-MWT,rpc,k_pq,k_iq,0.398107170553497,0.034145488738336,9.71189765783917e-06,3.4145488738336e-05,1717.93358855503,0.137629514394761,2.00021126596114,-0.0109503953770207,0
GFM-MWT,rpc,k_pq,k_iq,0.398107170553497,0.0464158883361278,9.71189765783917e-06,4.64158883361278e-05,1717.93354729256,0.137627748771503,2.00021585187444,-0.0109502298105548,0
GFM-MWT,rpc,k_pq,k_iq,0.398107170553497,0.0630957344480193,9.71189765783917e-06,6.30957344480193e-05,1717.93349120308,0.137625078063087,2.00022208644808,-0.0109499832170238,0
GFM-MWT,rpc,k_pq,k_iq,0.398107170553497,0.0857695898590894,9.71189765783917e-06,8.57695898590894e-05,1717.93341495699,0.137620947389477,2.00023056176604,-0.010949608214077,0
GFM-MWT,rpc,k_pq,k_iq,0.398107170553497,0.116591440117983,9.71189765783917e-06,0.000116591440117983,1717.93331131116,0.137614406523879,2.00024208083238,-0.0109490248156749,0
GFM-MWT,rpc,k_pq,k_iq,0.398107170553497,0.158489319246111,9.71189765783917e-06,0.000158489319246111,1717.93317041957,0.137603802968598,2.0002577296428,-0.0109480956236753,0
GFM-MWT,rpc,k_pq,k_iq,0.398107170553497,0.215443469003188,9.71189765783917e-06,0.000215443469003188,1717.93297889794,0.137586224672185,2.00027896843013,-0.0109465810018098,0
GFM-MWT,rpc,k_pq,k_iq,0.398107170553497,0.292864456462524,9.71189765783917e-06,0.000292864456462524,1717.93271855075,0.137556493395623,2.0003077383565,-0.0109440584279858,0
GFM-MWT,rpc,k_pq,k_iq,0.398107170553497,0.398107170553497,9.71189765783917e-06,0.000398107170553497,1717.93236464633,0.137505362978211,2.00034656187588,-0.0109397786529427,0
GFM-MWT,rpc,k_pq,k_iq,0.398107170553497,0.541169526546464,9.71189765783917e-06,0.000541169526546464,1717.93188356211,0.137416373519591,2.00039856694953,-0.0109324154065916,0
GFM-MWT,rpc,k_pq,k_iq,0.398107170553497,0.735642254459641,9.71189765783917e-06,0.000735642254459641,1717.93122959508,0.137260654853086,2.00046724873477,-0.0109196535250958,0
GFM-MWT,rpc,k_pq,k_iq,0.398107170553497,1,9.71189765783917e-06,0.001,1717.93034061806,0.136989375252798,2.000555534114,-0.0108975937955513,0
GFM-MWT,rpc,k_pq,k_iq,0.398107170553497,1.35935639087853,9.71189765783917e-06,0.00135935639087853,1717.92913217332,0.136526137944593,2.00066331967299,-0.0108601622681022,0
GFM-MWT,rpc,k_pq,k_iq,0.398107170553497,1.84784979742229,9.71189765783917e-06,0.00184784979742229,1717.92748945435,0.135769855245863,2.00078253853409,-0.0107993662858515,0
GFM-MWT,rpc,k_pq,k_iq,0.398107170553497,2.51188643150958,9.71189765783917e-06,0.00251188643150958,1717.92525638887,0.134632877196198,2.00089080946043,-0.0107083601153449,0
GFM-MWT,rpc,k_pq,k_iq,0.398107170553497,3.4145488738336,9.71189765783917e-06,0.0034145488738336,1717.92222081141,0.133134161783774,2.0009513931498,-0.0105888489290628,0
GFM-MWT,rpc,k_pq,k_iq,0.398107170553497,4.64158883361278,9.71189765783917e-06,0.00464158883361278,1717.91809429828,0.131484907364774,2.00093157013731,-0.010457793216741,0
GFM-MWT,rpc,k_pq,k_iq,0.398107170553497,6.30957344480193,9.71189765783917e-06,0.00630957344480193,1717.91248474195,0.130012740967327,2.00083104419816,-0.0103412349574156,0
GFM-MWT,rpc,k_pq,k_iq,0.398107170553497,8.57695898590894,9.71189765783917e-06,0.00857695898590894,1717.90485907472,0.128941742321968,2.00068432805248,-0.0102568085735882,0
GFM-MWT,rpc,k_pq,k_iq,0.398107170553497,11.6591440117983,9.71189765783917e-06,0.0116591440117983,1717.89449255281,0.128287807923359,2.00053216221899,-0.0102055722177128,0
GFM-MWT,rpc,k_pq,k_iq,0.398107170553497,15.8489319246111,9.71189765783917e-06,0.0158489319246111,1717.8803997899,0.12794299017793,2.00039919662706,-0.0101788205331488,0
GFM-MWT,rpc,k_pq,k_iq,0.398107170553497,21.5443469003188,9.71189765783917e-06,0.0215443469003188,1717.86124091921,0.127786215285957,2.00029311114022,-0.0101668883256662,0
GFM-MWT,rpc,k_pq,k_iq,0.398107170553497,29.2864456462524,9.71189765783917e-06,0.0292864456462524,1717.83519389082,0.127729988129243,2.00021236229802,-0.0101628254753829,0
GFM-MWT,rpc,k_pq,k_iq,0.398107170553497,39.8107170553497,9.71189765783917e-06,0.0398107170553497,1717.79978060478,0.127722139476637,2.00015230837183,-0.0101625061477974,0
GFM-MWT,rpc,k_pq,k_iq,0.398107170553497,54.1169526546464,9.71189765783917e-06,0.0541169526546464,1717.75163006632,0.127734726159237,2.00010811858993,-0.0101637320589934,0
GFM-MWT,rpc,k_pq,k_iq,0.398107170553497,73.5642254459641,9.71189765783917e-06,0.0735642254459641,1717.68615550435,0.127753892091872,2.00007574146909,-0.0101654214543006,0
GFM-MWT,rpc,k_pq,k_iq,0.398107170553497,100,9.71189765783917e-06,0.1,1717.5971137404,0.127773305990695,2.00005204830371,-0.0101670864935094,0
GFM-MWT,rpc,k_pq,k_iq,0.541169526546464,0.01,1.32019301487419e-05,1e-05,1718.00907314099,0.137530555669255,2.00020164456178,-0.0109425753684184,0
GFM-MWT,rpc,k_pq,k_iq,0.541169526546464,0.0135935639087853,1.32019301487419e-05,1.35935639087853e-05,1718.00906105541,0.137530144150316,2.00020295945487,-0.0109425354374186,0
GFM-MWT,rpc,k_pq,k_iq,0.541169526546464,0.0184784979742229,1.32019301487419e-05,1.84784979742229e-05,1718.00904462577,0.137529562314597,2.0002047469961,-0.0109424793715131,0
GFM-MWT,rpc,k_pq,k_iq,0.541169526546464,0.0251188643150958,1.32019301487419e-05,2.51188643150958e-05,1718.00902229145,0.137528729904307,2.00020717712171,-0.010942399856333,0
GFM-MWT,rpc,k_pq,k_iq,0.541169526546464,0.034145488738336,1.32019301487419e-05,3.4145488738336e-05,1718.00899193224,0.137527521668221,2.00021048087849,-0.0109422856638963,0
GFM-MWT,rpc,k_pq,k_iq,0.541169526546464,0.0464158883361278,1.32019301487419e-05,4.64158883361278e-05,1718.00895066281,0.137525737504021,2.0002149723609,-0.0109421191574163,0
GFM-MWT,rpc,k_pq,k_iq,0.541169526546464,0.0630957344480193,1.32019301487419e-05,6.30957344480193e-05,1718.00889456328,0.137523049844351,2.00022107843235,-0.0109418719433104,0
GFM-MWT,rpc,k_pq,k_iq,0.541169526546464,0.0857695898590894,1.32019301487419e-05,8.57695898590894e-05,1718.00881830429,0.137518911314066,2.00022937884114,-0.0109414973060731,0
GFM-MWT,rpc,k_pq,k_iq,0.541169526546464,0.116591440117983,1.32019301487419e-05,0.000116591440117983,1718.0087146408,0.137512388089189,2.00024065983862,-0.010940916659296,0
GFM-MWT,rpc,k_pq,k_iq,0.541169526546464,0.158489319246111,1.32019301487419e-05,0.000158489319246111,1718.0085737245,0.137501861385021,2.00025598473093,-0.0109399954149505,0
GFM-MWT,rpc,k_pq,k_iq,0.541169526546464,0.215443469003188,1.32019301487419e-05,0.000215443469003188,1718.00838216972,0.137484484811331,2.00027678323987,-0.0109384993322177,0
GFM-MWT,rpc,k_pq,k_iq,0.541169526546464,0.292864456462524,1.32019301487419e-05,0.000292864456462524,1718.00812177711,0.137455207997049,2.00030495637626,-0.0109360162865176,0
GFM-MWT,rpc,k_pq,k_iq,0.541169526546464,0.398107170553497,1.32019301487419e-05,0.000398107170553497,1718.0077678105,0.13740502654156,2.00034297580529,-0.0109318165437602,0
GFM-MWT,rpc,k_pq,k_iq,0.541169526546464,0.541169526546464,1.32019301487419e-05,0.000541169526546464,1718.0072866436,0.137317927112578,2.00039391100682,-0.0109246096785601,0
GFM-MWT,rpc,k_pq,k_iq,0.541169526546464,0.735642254459641,1.32019301487419e-05,0.000735642254459641,1718.00663256248,0.137165833328561,2.00046120516173,-0.0109121439412217,0
GFM-MWT,rpc,k_pq,k_iq,0.541169526546464,1,1.32019301487419e-05,0.001,1718.00574343155,0.13690122612271,2.00054778105556,-0.0108906245080445,0
GFM-MWT,rpc,k_pq,k_iq,0.541169526546464,1.35935639087853,1.32019301487419e-05,0.00135935639087853,1718.00453477714,0.136449577377874,2.00065367250616,-0.0108541252008616,0
GFM-MWT,rpc,k_pq,k_iq,0.541169526546464,1.84784979742229,1.32019301487419e-05,0.00184784979742229,1718.00289177133,0.135711616899454,2.00077124013278,-0.0107947953991827,0
GFM-MWT,rpc,k_pq,k_iq,0.541169526546464,2.51188643150958,1.32019301487419e-05,0.00251188643150958,1718.00065831781,0.134599431979238,2.00087889140069,-0.0107057640321654,0
GFM-MWT,rpc,k_pq,k_iq,0.541169526546464,3.4145488738336,1.32019301487419e-05,0.0034145488738336,1717.99762221367,0.133126872075425,2.00094065710253,-0.0105883260108223,0
GFM-MWT,rpc,k_pq,k_iq,0.541169526546464,4.64158883361278,1.32019301487419e-05,0.00464158883361278,1717.99349498272,0.131496388946313,2.00092367183667,-0.0104587475961862,0
GFM-MWT,rpc,k_pq,k_iq,0.541169526546464,6.30957344480193,1.32019301487419e-05,0.00630957344480193,1717.98788445217,0.130030874962726,2.00082636200124,-0.0103427013847682,0
GFM-MWT,rpc,k_pq,k_iq,0.541169526546464,8.57695898590894,1.32019301487419e-05,0.00857695898590894,1717.98025745776,0.128957750268075,2.00068204110798,-0.0102580935333673,0
GFM-MWT,rpc,k_pq,k_iq,0.541169526546464,11.6591440117983,1.32019301487419e-05,0.0116591440117983,1717.96988913196,0.128298881273669,2.00053120774589,-0.010206457903978,0
GFM-MWT,rpc,k_pq,k_iq,0.541169526546464,15.8489319246111,1.32019301487419e-05,0.0158489319246111,1717.95579391562,0.127949742390773,2.00039884889608,-0.0101793594357568,0
GFM-MWT,rpc,k_pq,k_iq,0.541169526546464,21.5443469003188,1.32019301487419e-05,0.0215443469003188,1717.93663170633,0.1277900708986,2.000293003252,-0.0101671956013701,0
GFM-MWT,rpc,k_pq,k_iq,0.541169526546464,29.2864456462524,1.32019301487419e-05,0.0292864456462524,1717.91058013372,0.127732118145713,2.00021233835419,-0.0101629950541002,0
GFM-MWT,rpc,k_pq,k_iq,0.541169526546464,39.8107170553497,1.32019301487419e-05,0.0398107170553497,1717.87516066077,0.127723297776088,2.00015230947971,-0.0101625982954138,0
GFM-MWT,rpc,k_pq,k_iq,0.541169526546464,54.1169526546464,1.32019301487419e-05,0.0541169526546464,1717.82700169233,0.127735351711745,2.00010812480609,-0.0101637817968915,0
GFM-MWT,rpc,k_pq,k_iq,0.541169526546464,73.5642254459641,1.32019301487419e-05,0.0735642254459641,1717.76151563725,0.12775422907755,2.00007574705508,-0.0101654482372088,0
GFM-MWT,rpc,k_pq,k_iq,0.541169526546464,100,1.32019301487419e-05,0.1,1717.67245818397,0.127773487437119,2.00005205220298,-0.0101671009101229,0
GFM-MWT,rpc,k_pq,k_iq,0.735642254459641,0.01,1.79461281196241e-05,1e-05,1718.1118056883,0.1373953076883,2.00020079660961,-0.0109318203258153,0
GFM-MWT,rpc,k_pq,k_iq,0.735642254459641,0.0135935639087853,1.79461281196241e-05,1.35935639087853e-05,1718.11179359925,0.137394885288431,2.00020207533482,-0.0109317797338664,0
GFM-MWT,rpc,k_pq,k_iq,0.735642254459641,0.0184784979742229,1.79461281196241e-05,1.84784979742229e-05,1718.11177716513,0.137394289576807,2.00020381369057,-0.010931722842411,0
GFM-MWT,rpc,k_pq,k_iq,0.735642254459641,0.0251188643150958,1.79461281196241e-05,2.51188643150958e-05,1718.1117548269,0.137393439999237,2.00020617692206,-0.0109316423400412,0
GFM-MWT,rpc,k_pq,k_iq,0.735642254459641,0.034145488738336,1.79461281196241e-05,3.4145488738336e-05,1718.11172446042,0.137392211564586,2.00020938968491,-0.0109315270556207,0
GFM-MWT,rpc,k_pq,k_iq,0.735642254459641,0.0464158883361278,1.79461281196241e-05,4.64158883361278e-05,1718.11168318176,0.137390405637621,2.00021375736741,-0.0109313595183169,0
GFM-MWT,rpc,k_pq,k_iq,0.735642254459641,0.0630957344480193,1.79461281196241e-05,6.30957344480193e-05,1718.11162706848,0.137387699167082,2.00021969498082,-0.0109311117608365,0
GFM-MWT,rpc,k_pq,k_iq,0.735642254459641,0.0857695898590894,1.79461281196241e-05,8.57695898590894e-05,1718.11155079156,0.137383554835919,2.00022776612338,-0.0109307379591078,0
GFM-MWT,rpc,k_pq,k_iq,0.735642254459641,0.116591440117983,1.79461281196241e-05,0.000116591440117983,1718.11144710324,0.137377060617098,2.0002387351015,-0.0109301613846811,0
GFM-MWT,rpc,k_pq,k_iq,0.735642254459641,0.158489319246111,1.79461281196241e-05,0.000158489319246111,1718.11130615497,0.137366641135875,2.00025363546263,-0.0109292510707759,0
GFM-MWT,rpc,k_pq,k_iq,0.735642254459641,0.215443469003188,1.79461281196241e-05,0.000215443469003188,1718.11111455431,0.13734953676946,2.0002738570311,-0.0109277799037223,0
GFM-MWT,rpc,k_pq,k_iq,0.735642254459641,0.292864456462524,1.79461281196241e-05,0.000292864456462524,1718.11085410148,0.137320863222803,2.00030124818621,-0.0109253492657184,0
GFM-MWT,rpc,k_pq,k_iq,0.735642254459641,0.398107170553497,1.79461281196241e-05,0.000398107170553497,1718.11050005238,0.137271930458099,2.00033821399406,-0.010921254801248,0
GFM-MWT,rpc,k_pq,k_iq,0.735642254459641,0.541169526546464,1.79461281196241e-05,0.000541169526546464,1718.11001877176,0.137187305309689,2.00038774699533,-0.0109142526584269,0
GFM-MWT,rpc,k_pq,k_iq,0.735642254459641,0.735642254459641,1.79461281196241e-05,0.000735642254459641,1718.10936453899,0.137039942616788,2.00045322111159,-0.0109021734801339,0
GFM-MWT,rpc,k_pq,k_iq,0.735642254459641,1,1.79461281196241e-05,0.001,1718.10847519889,0.136784031886668,2.00053755059748,-0.0108813583367369,0
GFM-MWT,rpc,k_pq,k_iq,0.735642254459641,1.35935639087853,1.79461281196241e-05,0.00135935639087853,1718.1072662611,0.136347492269335,2.00064094190751,-0.0108460746221366,0
GFM-MWT,rpc,k_pq,k_iq,0.735642254459641,1.84784979742229,1.79461281196241e-05,0.00184784979742229,1718.10562287188,0.135633483149133,2.00075630444256,-0.0107886617229765,0
GFM-MWT,rpc,k_pq,k_iq,0.735642254459641,2.51188643150958,1.79461281196241e-05,0.00251188643150958,1718.10338889431,0.134553901166776,2.00086307404722,-0.0107022276127376,0
GFM-MWT,rpc,k_pq,k_iq,0.735642254459641,3.4145488738336,1.79461281196241e-05,0.0034145488738336,1718.10035207896,0.133116098980911,2.00092631778748,-0.0105875451271904,0
GFM-MWT,rpc,k_pq,k_iq,0.735642254459641,4.64158883361278,1.79461281196241e-05,0.00464158883361278,1718.09622388142,0.131510999403533,2.00091303784809,-0.010459965115842,0
GFM-MWT,rpc,k_pq,k_iq,0.735642254459641,6.30957344480193,1.79461281196241e-05,0.00630957344480193,1718.09061203619,0.130054862309966,2.00082000630607,-0.010344641999226,0
GFM-MWT,rpc,k_pq,k_iq,0.735642254459641,8.57695898590894,1.79461281196241e-05,0.00857695898590894,1718.08298325458,0.128979202449666,2.00067891465251,-0.0102598158236488,0
GFM-MWT,rpc,k_pq,k_iq,0.735642254459641,11.6591440117983,1.79461281196241e-05,0.0116591440117983,1718.07261249744,0.12831382141332,2.00052989519443,-0.0102076529976401,0
GFM-MWT,rpc,k_pq,k_iq,0.735642254459641,15.8489319246111,1.79461281196241e-05,0.0158489319246111,1718.05851397378,0.127958886211512,2.00039836798867,-0.0101800892668301,0
GFM-MWT,rpc,k_pq,k_iq,0.735642254459641,21.5443469003188,1.79461281196241e-05,0.0215443469003188,1718.03934726587,0.127795302482416,2.0002928528268,-0.0101676125565972,0
GFM-MWT,rpc,k_pq,k_iq,0.735642254459641,29.2864456462524,1.79461281196241e-05,0.0292864456462524,1718.01328956942,0.12773501127517,2.00021230421021,-0.0101632253953916,0
GFM-MWT,rpc,k_pq,k_iq,0.735642254459641,39.8107170553497,1.79461281196241e-05,0.0398107170553497,1717.9778617572,0.127724871862787,2.00015231033576,-0.0101627235239621,0
GFM-MWT,rpc,k_pq,k_iq,0.735642254459641,54.1169526546464,1.79461281196241e-05,0.0541169526546464,1717.92969142899,0.127736202033296,2.00010813299657,-0.0101638494075713,0
GFM-MWT,rpc,k_pq,k_iq,0.735642254459641,73.5642254459641,1.79461281196241e-05,0.0735642254459641,1717.864189882,0.127754687184263,2.00007575454491,-0.0101654846470882,0
GFM-MWT,rpc,k_pq,k_iq,0.735642254459641,100,1.79461281196241e-05,0.1,1717.77511128182,0.127773734135271,2.00005205746264,-0.0101671205114491,0
GFM-MWT,rpc,k_pq,k_iq,1,0.01,2.43951839509359e-05,1e-05,1718.25188664992,0.137217348452073,2.00019958961197,-0.0109176693237049,0
GFM-MWT,rpc,k_pq,k_iq,1,0.0135935639087853,2.43951839509359e-05,1.35935639087853e-05,1718.2518745572,0.13721691338899,2.00020082149579,-0.0109176279889765,0
GFM-MWT,rpc,k_pq,k_iq,1,0.0184784979742229,2.43951839509359e-05,1.84784979742229e-05,1718.25185811838,0.137216301617523,2.00020249615384,-0.0109175701797498,0
GFM-MWT,rpc,k_pq,k_iq,1,0.0251188643150958,2.43951839509359e-05,2.51188643150958e-05,1718.25183577262,0.137215432324987,2.00020477275348,-0.0109174885983812,0
GFM-MWT,rpc,k_pq,k_iq,1,0.034145488738336,2.43951839509359e-05,3.4145488738336e-05,1718.25180539665,0.137214181086511,2.00020786768112,-0.0109173721654845,0
GFM-MWT,rpc,k_pq,k_iq,1,0.0464158883361278,2.43951839509359e-05,4.64158883361278e-05,1718.25176410482,0.137212351536397,2.00021207505712,-0.0109172036544015,0
GFM-MWT,rpc,k_pq,k_iq,1,0.0630957344480193,2.43951839509359e-05,6.30957344480193e-05,1718.25170797425,0.137209626575795,2.00021779454709,-0.0109169556580005,0
GFM-MWT,rpc,k_pq,k_iq,1,0.0857695898590894,2.43951839509359e-05,8.57695898590894e-05,1718.25163167366,0.137205482370622,2.00022556886137,-0.0109165835426871,0
GFM-MWT,rpc,k_pq,k_iq,1,0.116591440117983,2.43951839509359e-05,0.000116591440117983,1718.25152795264,0.137199035137427,2.00023613390923,-0.0109160129869976,0
GFM-MWT,rpc,k_pq,k_iq,1,0.158489319246111,2.43951839509359e-05,0.000158489319246111,1718.25138695951,0.137188766311746,2.00025048478418,-0.0109151177601415,0
GFM-MWT,rpc,k_pq,k_iq,1,0.215443469003188,2.43951839509359e-05,0.000215443469003188,1718.25119529922,0.137172027455579,2.00026995967598,-0.0109136798836764,0
GFM-MWT,rpc,k_pq,k_iq,1,0.292864456462524,2.43951839509359e-05,0.000292864456462524,1718.25093476457,0.137144147835725,2.00029633890292,-0.0109113181101654,0
GFM-MWT,rpc,k_pq,k_iq,1,0.398107170553497,2.43951839509359e-05,0.000398107170553497,1718.25058060339,0.137096840000903,2.0003319412482,-0.0109073605900182,0
GFM-MWT,rpc,k_pq,k_iq,1,0.541169526546464,2.43951839509359e-05,0.000541169526546464,1718.25009917217,0.137015412905104,2.00037965912072,-0.0109006230551158,0
GFM-MWT,rpc,k_pq,k_iq,1,0.735642254459641,2.43951839509359e-05,0.000735642254459641,1718.24944473339,0.136874140599277,2.00044277492205,-0.0108890415677965,0
GFM-MWT,rpc,k_pq,k_iq,1,1,2.43951839509359e-05,0.001,1718.24855511354,0.136629403870078,2.00052418645052,-0.0108691315190591,0
GFM-MWT,rpc,k_pq,k_iq,1,1.35935639087853,2.43951839509359e-05,0.00135935639087853,1718.24734579657,0.136212285284036,2.0006243113241,-0.0108354105952722,0
GFM-MWT,rpc,k_pq,k_iq,1,1.84784979742229,2.43951839509359e-05,0.00184784979742229,1718.24570188979,0.135529167536295,2.00073674941203,-0.0107804704899307,0
GFM-MWT,rpc,k_pq,k_iq,1,2.51188643150958,2.43951839509359e-05,0.00251188643150958,1718.24346720963,0.134491961278963,2.00084225734568,-0.0106974128469351,0
GFM-MWT,rpc,k_pq,k_iq,1,3.4145488738336,2.43951839509359e-05,0.0034145488738336,1718.24042944005,0.133099961533219,2.00090728777495,-0.0105863624315927,0
GFM-MWT,rpc,k_pq,k_iq,1,4.64158883361278,2.43951839509359e-05,0.00464158883361278,1718.23629994383,0.131529083143385,2.00089877403649,-0.0104614778494541,0
GFM-MWT,rpc,k_pq,k_iq,1,6.30957344480193,2.43951839509359e-05,0.00630957344480193,1718.23068633303,0.130086264700933,2.00081138709507,-0.0103471840661445,0
GFM-MWT,rpc,k_pq,k_iq,1,8.57695898590894,2.43951839509359e-05,0.00857695898590894,1718.2230551497,0.129007795704274,2.00067463389865,-0.0102621120262229,0
GFM-MWT,rpc,k_pq,k_iq,1,11.6591440117983,2.43951839509359e-05,0.0116591440117983,1718.21268112704,0.128333921391189,2.00052808372828,-0.0102092610728769,0
GFM-MWT,rpc,k_pq,k_iq,1,15.8489319246111,2.43951839509359e-05,0.0158489319246111,1718.19857816227,0.127971250679228,2.00039769925031,-0.0101810762542365,0
GFM-MWT,rpc,k_pq,k_iq,1,21.5443469003188,2.43951839509359e-05,0.0215443469003188,1718.17940540986,0.127802396053094,2.00029264142147,-0.0101681779493818,0
GFM-MWT,rpc,k_pq,k_iq,1,29.2864456462524,2.43951839509359e-05,0.0292864456462524,1718.15333948851,0.12773893967833,2.00021225485709,-0.0101635381769197,0
GFM-MWT,rpc,k_pq,k_iq,1,39.8107170553497,2.43951839509359e-05,0.0398107170553497,1718.11790047467,0.127727010716916,2.0001523102994,-0.0101628936894233,0
GFM-MWT,rpc,k_pq,k_iq,1,54.1169526546464,2.43951839509359e-05,0.0541169526546464,1718.06971488436,0.127737357807027,2.0001081436484,-0.0101639413077755,0
GFM-MWT,rpc,k_pq,k_iq,1,73.5642254459641,2.43951839509359e-05,0.0735642254459641,1718.00419252675,0.127755309984273,2.00007576453565,-0.010165534147606,0
GFM-MWT,rpc,k_pq,k_iq,1,100,2.43951839509359e-05,0.1,1717.91508551723,0.127774069515357,2.00005206453666,-0.010167147159359,0
GFM-MWT,rpc,k_pq,k_iq,1.35935639087853,0.01,3.31617492103619e-05,1e-05,1718.44310585508,0.136985722746552,2.00019786321203,-0.0108992516707106,0
GFM-MWT,rpc,k_pq,k_iq,1.35935639087853,0.0135935639087853,3.31617492103619e-05,1.35935639087853e-05,1718.44309375682,0.136985273867219,2.00019903540333,-0.0108992095733373,0
GFM-MWT,rpc,k_pq,k_iq,1.35935639087853,0.0184784979742229,3.31617492103619e-05,1.84784979742229e-05,1718.44307731164,0.136984644761104,2.00020062889131,-0.0108991508426271,0
GFM-MWT,rpc,k_pq,k_iq,1.35935639087853,0.0251188643150958,3.31617492103619e-05,2.51188643150958e-05,1718.4430549559,0.136983754606716,2.00020279510448,-0.0108990682238509,0
GFM-MWT,rpc,k_pq,k_iq,1.35935639087853,0.034145488738336,3.31617492103619e-05,3.4145488738336e-05,1718.44302456704,0.136982480004007,2.00020573989111,-0.0108989507785352,0
GFM-MWT,rpc,k_pq,k_iq,1.35935639087853,0.0464158883361278,3.31617492103619e-05,4.64158883361278e-05,1718.44298325795,0.136980627836671,2.00020974302564,-0.0108987816193509,0
GFM-MWT,rpc,k_pq,k_iq,1.35935639087853,0.0630957344480193,3.31617492103619e-05,6.30957344480193e-05,1718.4429271039,0.136977889155734,2.00021518464028,-0.0108985340975444,0
GFM-MWT,rpc,k_pq,k_iq,1.35935639087853,0.0857695898590894,3.31617492103619e-05,8.57695898590894e-05,1718.44285077055,0.136973757787909,2.00022258085694,-0.0108981651341994,0
GFM-MWT,rpc,k_pq,k_iq,1.35935639087853,0.116591440117983,3.31617492103619e-05,0.000116591440117983,1718.44274700703,0.136967386452867,2.00023263146149,-0.0108976035150414,0
GFM-MWT,rpc,k_pq,k_iq,1.35935639087853,0.158489319246111,3.31617492103619e-05,0.000158489319246111,1718.44260595435,0.136957328915863,2.00024628262356,-0.010896729038274,0
GFM-MWT,rpc,k_pq,k_iq,1.35935639087853,0.215443469003188,3.31617492103619e-05,0.000215443469003188,1718.44241421329,0.13694107749028,2.00026480686213,-0.010895335290933,0
GFM-MWT,rpc,k_pq,k_iq,1.35935639087853,0.292864456462524,3.31617492103619e-05,0.000292864456462524,1718.44215356901,0.136914230670075,2.00028989789237,-0.0108930629271884,0
GFM-MWT,rpc,k_pq,k_iq,1.35935639087853,0.398107170553497,3.31617492103619e-05,0.000398107170553497,1718.44179925976,0.136869006438083,2.00032376448293,-0.0108892809161272,0
GFM-MWT,rpc,k_pq,k_iq,1.35935639087853,0.541169526546464,3.31617492103619e-05,0.000541169526546464,1718.44131762592,0.136791644221783,2.00036917067342,-0.0108828797113466,0
GFM-MWT,rpc,k_pq,k_iq,1.35935639087853,0.735642254459641,3.31617492103619e-05,0.000735642254459641,1718.44066291219,0.136658071899547,2.00042927916389,-0.0108719275627907,0
GFM-MWT,rpc,k_pq,k_iq,1.35935639087853,1,3.31617492103619e-05,0.001,1718.43977291851,0.136427426175054,2.00050695793555,-0.0108531591558583,0
GFM-MWT,rpc,k_pq,k_iq,1.35935639087853,1.35935639087853,3.31617492103619e-05,0.00135935639087853,1718.43856309345,0.136034808096692,2.00060287312321,-0.0108214102458458,0
GFM-MWT,rpc,k_pq,k_iq,1.35935639087853,1.84784979742229,3.31617492103619e-05,0.00184784979742229,1718.43691849606,0.135390829082746,2.00071147010454,-0.0107696038939308,0
GFM-MWT,rpc,k_pq,k_iq,1.35935639087853,2.51188643150958,3.31617492103619e-05,0.00251188643150958,1718.43468287772,0.134407847387826,2.00081516742374,-0.0106908679714437,0
GFM-MWT,rpc,k_pq,k_iq,1.35935639087853,3.4145488738336,3.31617492103619e-05,0.0034145488738336,1718.43164382961,0.133075510157198,2.00088225140889,-0.0105845502865045,0
GFM-MWT,rpc,k_pq,k_iq,1.35935639087853,4.64158883361278,3.31617492103619e-05,0.00464158883361278,1718.42751259831,0.131550540804769,2.00087974231657,-0.0104632838601827,0
GFM-MWT,rpc,k_pq,k_iq,1.35935639087853,6.30957344480193,3.31617492103619e-05,0.00630957344480193,1718.42189662628,0.130126777644661,2.00079971697581,-0.010350466523322,0
GFM-MWT,rpc,k_pq,k_iq,1.35935639087853,8.57695898590894,3.31617492103619e-05,0.00857695898590894,1718.41426223386,0.129045620201027,2.00066876260996,-0.0102651506351164,0
GFM-MWT,rpc,k_pq,k_iq,1.35935639087853,11.6591440117983,3.31617492103619e-05,0.0116591440117983,1718.40388384598,0.128360854974718,2.0005255725328,-0.0102114162952255,0
GFM-MWT,rpc,k_pq,k_iq,1.35935639087853,15.8489319246111,3.31617492103619e-05,0.0158489319246111,1718.38977494238,0.127987935790519,2.00039676285799,-0.0101824083087337,0
GFM-MWT,rpc,k_pq,k_iq,1.35935639087853,21.5443469003188,3.31617492103619e-05,0.0215443469003188,1718.37059410959,0.127812004610423,2.00029234134522,-0.010168943868991,0
GFM-MWT,rpc,k_pq,k_iq,1.35935639087853,29.2864456462524,3.31617492103619e-05,0.0292864456462524,1718.34451719004,0.1277442713051,2.00021218235457,-0.0101639627119196,0
GFM-MWT,rpc,k_pq,k_iq,1.35935639087853,39.8107170553497,3.31617492103619e-05,0.0398107170553497,1718.30906320093,0.127729916435303,2.00015230803598,-0.0101631248772165,0
GFM-MWT,rpc,k_pq,k_iq,1.35935639087853,54.1169526546464,3.31617492103619e-05,0.0541169526546464,1718.26085720612,0.127738928708618,2.00010815724023,-0.01016406622096,0
GFM-MWT,rpc,k_pq,k_iq,1.35935639087853,73.5642254459641,3.31617492103619e-05,0.0735642254459641,1718.1953070217,0.127756156626991,2.00007577776298,-0.0101656014410754,0
GFM-MWT,rpc,k_pq,k_iq,1.35935639087853,100,3.31617492103619e-05,0.1,1718.1061620224,0.12777452549237,2.00005207401331,-0.0101671833901169,0
GFM-MWT,rpc,k_pq,k_iq,1.84784979742229,0.01,4.50786357218164e-05,1e-05,1718.70452577195,0.136688482379345,2.0001953900574,-0.0108756180245048,0
GFM-MWT,rpc,k_pq,k_iq,1.84784979742229,0.0135935639087853,4.50786357218164e-05,1.35935639087853e-05,1718.7045136674,0.136688020042692,2.00019648776859,-0.0108755752752123,0
GFM-MWT,rpc,k_pq,k_iq,1.84784979742229,0.0184784979742229,4.50786357218164e-05,1.84784979742229e-05,1718.70449721322,0.136687374439397,2.00019797998037,-0.0108755158013653,0
GFM-MWT,rpc,k_pq,k_iq,1.84784979742229,0.0251188643150958,4.50786357218164e-05,2.51188643150958e-05,1718.70447484523,0.136686465092543,2.00020000846981,-0.0108754324298875,0
GFM-MWT,rpc,k_pq,k_iq,1.84784979742229,0.034145488738336,4.50786357218164e-05,3.4145488738336e-05,1718.70444443975,0.136685170391222,2.00020276594509,-0.0108753144384756,0
GFM-MWT,rpc,k_pq,k_iq,1.84784979742229,0.0464158883361278,4.50786357218164e-05,4.64158883361278e-05,1718.70440310759,0.136683302111702,2.00020651430008,-0.0108751454294823,0
GFM-MWT,rpc,k_pq,k_iq,1.84784979742229,0.0630957344480193,4.50786357218164e-05,6.30957344480193e-05,1718.70434692201,0.136680562136906,2.00021160932017,-0.010874899752623,0
GFM-MWT,rpc,k_pq,k_iq,1.84784979742229,0.0857695898590894,4.50786357218164e-05,8.57695898590894e-05,1718.70427054644,0.136676467240422,2.0002185340075,-0.0108745363404386,0
GFM-MWT,rpc,k_pq,k_iq,1.84784979742229,0.116591440117983,4.50786357218164e-05,0.000116591440117983,1718.70416672426,0.136670216143564,2.00022794314665,-0.0108739878907323,0
GFM-MWT,rpc,k_pq,k_iq,1.84784979742229,0.158489319246111,4.50786357218164e-05,0.000158489319246111,1718.70402559304,0.136660453279172,2.00024072202432,-0.0108731417558256,0
GFM-MWT,rpc,k_pq,k_iq,1.84784979742229,0.215443469003188,4.50786357218164e-05,0.000215443469003188,1718.70383374543,0.136644845161919,2.00025806140616,-0.0108718058382874,0
GFM-MWT,rpc,k_pq,k_iq,1.84784979742229,0.292864456462524,4.50786357218164e-05,0.000292864456462524,1718.70357295618,0.136619320867962,2.00028154710178,-0.0108696476924755,0
GFM-MWT,rpc,k_pq,k_iq,1.84784979742229,0.398107170553497,4.50786357218164e-05,0.000398107170553497,1718.70321844879,0.136576717535795,2.00031325052959,-0.010866086303249,0
GFM-MWT,rpc,k_pq,k_iq,1.84784979742229,0.541169526546464,4.50786357218164e-05,0.000541169526546464,1718.70273654574,0.136504410743264,2.00035577427418,-0.0108601033882096,0
GFM-MWT,rpc,k_pq,k_iq,1.84784979742229,0.735642254459641,4.50786357218164e-05,0.000735642254459641,1718.70208146773,0.136380348332929,2.00041212684249,-0.0108499286954904,0
GFM-MWT,rpc,k_pq,k_iq,1.84784979742229,1,4.50786357218164e-05,0.001,1718.70119097737,0.136167045935087,2.00048512496421,-0.0108325658682881,0
GFM-MWT,rpc,k_pq,k_iq,1.84784979742229,1.35935639087853,4.50786357218164e-05,0.00135935639087853,1718.69998047697,0.135804592146693,2.00057571188127,-0.0108032456282293,0
GFM-MWT,rpc,k_pq,k_iq,1.84784979742229,1.84784979742229,4.50786357218164e-05,0.00184784979742229,1718.69833496292,0.135209056028594,2.00067933167915,-0.010755319258081,0
GFM-MWT,rpc,k_pq,k_iq,1.84784979742229,2.51188643150958,4.50786357218164e-05,0.00251188643150958,1718.69609809824,0.134294034496613,2.00078043655169,-0.0106820016709238,0
GFM-MWT,rpc,k_pq,k_iq,1.84784979742229,3.4145488738336,4.50786357218164e-05,0.0034145488738336,1718.69305735486,0.133038186506234,2.00084970039888,-0.0105817541012812,0
GFM-MWT,rpc,k_pq,k_iq,1.84784979742229,4.64158883361278,4.50786357218164e-05,0.00464158883361278,1718.68892381731,0.13157431957008,2.00085453932295,-0.0104653067776716,0
GFM-MWT,rpc,k_pq,k_iq,1.84784979742229,6.30957344480193,4.50786357218164e-05,0.00630957344480193,1718.6833047123,0.130177965005583,2.00078395920169,-0.010354619142925,0
GFM-MWT,rpc,k_pq,k_iq,1.84784979742229,8.57695898590894,4.50786357218164e-05,0.00857695898590894,1718.67566605812,0.129095124244129,2.00066069633706,-0.0102691295007874,0
GFM-MWT,rpc,k_pq,k_iq,1.84784979742229,11.6591440117983,4.50786357218164e-05,0.0116591440117983,1718.66528187374,0.128396741076561,2.00052207274925,-0.0102142886909067,0
GFM-MWT,rpc,k_pq,k_iq,1.84784979742229,15.8489319246111,4.50786357218164e-05,0.0158489319246111,1718.65116508472,0.128010385307162,2.00039544049914,-0.0101842008838995,0
GFM-MWT,rpc,k_pq,k_iq,1.84784979742229,21.5443469003188,4.50786357218164e-05,0.0215443469003188,1718.63197352261,0.127825000978309,2.00029191020056,-0.0101699799673482,0
GFM-MWT,rpc,k_pq,k_iq,1.84784979742229,29.2864456462524,4.50786357218164e-05,0.0292864456462524,1718.60588199913,0.127751502672136,2.00021207384327,-0.0101645385669831,0
GFM-MWT,rpc,k_pq,k_iq,1.84784979742229,39.8107170553497,4.50786357218164e-05,0.0398107170553497,1718.57040812423,0.127733862960252,2.00015230087702,-0.0101634388954978,0
GFM-MWT,rpc,k_pq,k_iq,1.84784979742229,54.1169526546464,4.50786357218164e-05,0.0541169526546464,1718.52217503089,0.127741063687494,2.00010817407672,-0.0101642359961161,0
GFM-MWT,rpc,k_pq,k_iq,1.84784979742229,73.5642254459641,4.50786357218164e-05,0.0735642254459641,1718.4565878902,0.127757307616201,2.00007579509142,-0.0101656929281539,0
GFM-MWT,rpc,k_pq,k_iq,1.84784979742229,100,4.50786357218164e-05,0.1,1718.36739243121,0.127775145426312,2.00005208663638,-0.0101672326497966,0
GFM-MWT,rpc,k_pq,k_iq,2.51188643150958,0.01,6.12779315605361e-05,1e-05,1719.06265249796,0.136313899818223,2.00019186043285,-0.0108458370133963,0
GFM-MWT,rpc,k_pq,k_iq,2.51188643150958,0.0135935639087853,6.12779315605361e-05,1.35935639087853e-05,1719.06264038451,0.136313426999968,2.00019286768824,-0.0108457939368865,0
GFM-MWT,rpc,k_pq,k_iq,2.51188643150958,0.0184784979742229,6.12779315605361e-05,1.84784979742229e-05,1719.06262391732,0.136312769157387,2.00019423690775,-0.0108457341782146,0
GFM-MWT,rpc,k_pq,k_iq,2.51188643150958,0.0251188643150958,6.12779315605361e-05,2.51188643150958e-05,1719.06260153377,0.136311847057613,2.00019609815136,-0.0108456507288855,0
GFM-MWT,rpc,k_pq,k_iq,2.51188643150958,0.034145488738336,6.12779315605361e-05,3.4145488738336e-05,1719.06257110547,0.136310542019491,2.00019862818519,-0.0108455331889301,0
GFM-MWT,rpc,k_pq,k_iq,2.51188643150958,0.0464158883361278,6.12779315605361e-05,4.64158883361278e-05,1719.06252974334,0.136308672757827,2.00020206720741,-0.0108453658341446,0
GFM-MWT,rpc,k_pq,k_iq,2.51188643150958,0.0630957344480193,6.12779315605361e-05,6.30957344480193e-05,1719.06247351617,0.136305955596639,2.00020674148082,-0.0108451243283181,0
GFM-MWT,rpc,k_pq,k_iq,2.51188643150958,0.0857695898590894,6.12779315605361e-05,8.57695898590894e-05,1719.06239708479,0.136301936439864,2.00021309385823,-0.0108447701460344,0
GFM-MWT,rpc,k_pq,k_iq,2.51188643150958,0.116591440117983,6.12779315605361e-05,0.000116591440117983,1719.06229318695,0.13629587108888,2.00022172460871,-0.0108442408308132,0
GFM-MWT,rpc,k_pq,k_iq,2.51188643150958,0.158489319246111,6.12779315605361e-05,0.000158489319246111,1719.06215195261,0.136286513949205,2.00023344525924,-0.0108434328956295,0
GFM-MWT,rpc,k_pq,k_iq,2.51188643150958,0.215443469003188,6.12779315605361e-05,0.000215443469003188,1719.06195996379,0.136271740936511,2.00024934755975,-0.0108421714535827,0
GFM-MWT,rpc,k_pq,k_iq,2.51188643150958,0.292864456462524,6.12779315605361e-05,0.000292864456462524,1719.0616989833,0.136247875291066,2.0002708865364,-0.0108401561427112,0
GFM-MWT,rpc,k_pq,k_iq,2.51188643150958,0.398107170553497,6.12779315605361e-05,0.000398107170553497,1719.06134421645,0.136208487651716,2.00029996659227,-0.0108368652221752,0
GFM-MWT,rpc,k_pq,k_iq,2.51188643150958,0.541169526546464,6.12779315605361e-05,0.000541169526546464,1719.06086196152,0.136142295908872,2.00033899228736,-0.0108313882730652,0
GFM-MWT,rpc,k_pq,k_iq,2.51188643150958,0.735642254459641,6.12779315605361e-05,0.000735642254459641,1719.06020640321,0.136029633450332,2.00039077750954,-0.0108221458416038,0
GFM-MWT,rpc,k_pq,k_iq,2.51188643150958,1,6.12779315605361e-05,0.001,1719.05931526095,0.135837024934393,2.00045805545976,-0.0108064608205552,0
GFM-MWT,rpc,k_pq,k_iq,2.51188643150958,1.35935639087853,6.12779315605361e-05,0.00135935639087853,1719.05810387434,0.135510565368079,2.00054205564419,-0.0107800398744213,0
GFM-MWT,rpc,k_pq,k_iq,2.51188643150958,1.84784979742229,6.12779315605361e-05,0.00184784979742229,1719.05645715396,0.134973201609751,2.00063934637694,-0.0107367747414486,0
GFM-MWT,rpc,k_pq,k_iq,2.51188643150958,2.51188643150958,6.12779315605361e-05,0.00251188643150958,1719.05421865017,0.134141055330188,2.00073677660303,-0.010670067614522,0
GFM-MWT,rpc,k_pq,k_iq,2.51188643150958,3.4145488738336,6.12779315605361e-05,0.0034145488738336,1719.05117567908,0.13298115326509,2.00080805197527,-0.0105774383778168,0
GFM-MWT,rpc,k_pq,k_iq,2.51188643150958,4.64158883361278,6.12779315605361e-05,0.00464158883361278,1719.04703911196,0.131597591478318,2.00082152068008,-0.0104673303179912,0
GFM-MWT,rpc,k_pq,k_iq,2.51188643150958,6.30957344480193,6.12779315605361e-05,0.00630957344480193,1719.04141588702,0.130240705972828,2.00076278036499,-0.0103597187997836,0
GFM-MWT,rpc,k_pq,k_iq,2.51188643150958,8.57695898590894,6.12779315605361e-05,0.00857695898590894,1719.03377163053,0.129158931025359,2.00064960161395,-0.0102742615732012,0
GFM-MWT,rpc,k_pq,k_iq,2.51188643150958,11.6591440117983,6.12779315605361e-05,0.0116591440117983,1719.02337982614,0.128444166888489,2.00051716588408,-0.0102180862017571,0
GFM-MWT,rpc,k_pq,k_iq,2.51188643150958,15.8489319246111,6.12779315605361e-05,0.0158489319246111,1719.0092526721,0.128040462391499,2.0003935541923,-0.0101866031013434,0
GFM-MWT,rpc,k_pq,k_iq,2.51188643150958,21.5443469003188,6.12779315605361e-05,0.0215443469003188,1718.99004700707,0.127842542397856,2.00029128180019,-0.0101713786439493,0
GFM-MWT,rpc,k_pq,k_iq,2.51188643150958,29.2864456462524,6.12779315605361e-05,0.0292864456462524,1718.9639362863,0.127761300899781,2.00021190806786,-0.0101653189240666,0
GFM-MWT,rpc,k_pq,k_iq,2.51188643150958,39.8107170553497,6.12779315605361e-05,0.0398107170553497,1718.92843626691,0.127739220863083,2.00015228362622,-0.0101638652529849,0
GFM-MWT,rpc,k_pq,k_iq,2.51188643150958,54.1169526546464,6.12779315605361e-05,0.0541169526546464,1718.88016754607,0.127743964956604,2.00010819393853,-0.0101644667225868,0
GFM-MWT,rpc,k_pq,k_iq,2.51188643150958,73.5642254459641,6.12779315605361e-05,0.0735642254459641,1718.81453181227,0.12775887236432,2.00007581744224,-0.0101658173092421,0
GFM-MWT,rpc,k_pq,k_iq,2.51188643150958,100,6.12779315605361e-05,0.1,1718.72526999417,0.127775988347392,2.00005210331744,-0.0101672996303878,0
GFM-MWT,rpc,k_pq,k_iq,3.4145488738336,0.01,8.32985478866317e-05,1e-05,1719.5546322042,0.135852516056006,2.00018687907771,-0.0108091581541215,0
GFM-MWT,rpc,k_pq,k_iq,3.4145488738336,0.0135935639087853,8.32985478866317e-05,1.35935639087853e-05,1719.55462007924,0.135852039426728,2.00018778015535,-0.0108091153664567,0
GFM-MWT,rpc,k_pq,k_iq,3.4145488738336,0.0184784979742229,8.32985478866317e-05,1.84784979742229e-05,1719.55460359685,0.135851378724934,2.00018900501231,-0.0108090561852487,0
GFM-MWT,rpc,k_pq,k_iq,3.4145488738336,0.0251188643150958,8.32985478866317e-05,2.51188643150958e-05,1719.55458119174,0.135850456989768,2.00019066996614,-0.0108089738593591,0
GFM-MWT,rpc,k_pq,k_iq,3.4145488738336,0.034145488738336,8.32985478866317e-05,3.4145488738336e-05,1719.55455073469,0.135849160385485,2.00019293308873,-0.0108088584784933,0
GFM-MWT,rpc,k_pq,k_iq,3.4145488738336,0.0464158883361278,8.32985478866317e-05,4.64158883361278e-05,1719.55450933277,0.135847317152509,2.00019600914053,-0.0108086952180158,0
GFM-MWT,rpc,k_pq,k_iq,3.4145488738336,0.0630957344480193,8.32985478866317e-05,6.30957344480193e-05,1719.55445305372,0.135844662405503,2.00020018979287,-0.010808461429323,0
GFM-MWT,rpc,k_pq,k_iq,3.4145488738336,0.0857695898590894,8.32985478866317e-05,8.57695898590894e-05,1719.55437654919,0.135840778065352,2.00020587087267,-0.0108081217142071,0
GFM-MWT,rpc,k_pq,k_iq,3.4145488738336,0.116591440117983,8.32985478866317e-05,0.000116591440117983,1719.55427255255,0.13583498847537,2.00021358882637,-0.0108076194242201,0
GFM-MWT,rpc,k_pq,k_iq,3.4145488738336,0.158489319246111,8.32985478866317e-05,0.000158489319246111,1719.55413118461,0.135826177430827,2.00022406887545,-0.0108068618457078,0
GFM-MWT,rpc,k_pq,k_iq,3.4145488738336,0.215443469003188,8.32985478866317e-05,0.000215443469003188,1719.55393901471,0.135812463333173,2.00023828689833,-0.0108056940256526,0
GFM-MWT,rpc,k_pq,k_iq,3.4145488738336,0.292864456462524,8.32985478866317e-05,0.000292864456462524,1719.55367778684,0.135790621267087,2.0002575447051,-0.0108038523959374,0
GFM-MWT,rpc,k_pq,k_iq,3.4145488738336,0.398107170553497,8.32985478866317e-05,0.000398107170553497,1719.5533226842,0.135755056566309,2.00028355032873,-0.010800882699299,0
GFM-MWT,rpc,k_pq,k_iq,3.4145488738336,0.541169526546464,8.32985478866317e-05,0.000541169526546464,1719.55283997215,0.135696008101865,2.00031847303724,-0.0107959967956247,0
GFM-MWT,rpc,k_pq,k_iq,3.4145488738336,0.735642254459641,8.32985478866317e-05,0.000735642254459641,1719.55218379256,0.13559651059195,2.00036488777166,-0.0107878313907733,0
GFM-MWT,rpc,k_pq,k_iq,3.4145488738336,1,8.32985478866317e-05,0.001,1719.55129180594,0.135427652368051,2.0004253993723,-0.0107740729927509,0
GFM-MWT,rpc,k_pq,k_iq,3.4145488738336,1.35935639087853,8.32985478866317e-05,0.00135935639087853,1719.5500792713,0.135142484636445,2.00050150096764,-0.0107509798844128,0
GFM-MWT,rpc,k_pq,k_iq,3.4145488738336,1.84784979742229,8.32985478866317e-05,0.00184784979742229,1719.54843099136,0.134672337364986,2.00059094809984,-0.0107131036413683,0
GFM-MWT,rpc,k_pq,k_iq,3.4145488738336,2.51188643150958,8.32985478866317e-05,0.00251188643150958,1719.54619036566,0.13393772148741,2.00068327597928,-0.0106541804034142,0
GFM-MWT,rpc,k_pq,k_iq,3.4145488738336,3.4145488738336,8.32985478866317e-05,0.0034145488738336,1719.54314451142,0.132894658040594,2.00075589841472,-0.0105708347514777,0
GFM-MWT,rpc,k_pq,k_iq,3.4145488738336,4.64158883361278,8.32985478866317e-05,0.00464158883361278,1719.53900402262,0.131614591056241,2.00077892077371,-0.0104689051949258,0
GFM-MWT,rpc,k_pq,k_iq,3.4145488738336,6.30957344480193,8.32985478866317e-05,0.00630957344480193,1719.53337546661,0.130314195846038,2.00073453496551,-0.0103657100871693,0
GFM-MWT,rpc,k_pq,k_iq,3.4145488738336,8.57695898590894,8.32985478866317e-05,0.00857695898590894,1719.52572395934,0.129239367831178,2.00063434496443,-0.0102807378297156,0
GFM-MWT,rpc,k_pq,k_iq,3.4145488738336,11.6591440117983,8.32985478866317e-05,0.0116591440117983,1719.51532229355,0.128506103342813,2.00051024397123,-0.0102230482706468,0
GFM-MWT,rpc,k_pq,k_iq,3.4145488738336,15.8489319246111,8.32985478866317e-05,0.0158489319246111,1719.50118172393,0.128080507812426,2.00039083282818,-0.0101898025525958,0
GFM-MWT,rpc,k_pq,k_iq,3.4145488738336,21.5443469003188,8.32985478866317e-05,0.0215443469003188,1719.48195780311,0.127866143801237,2.00029035096551,-0.01017326095263,0
GFM-MWT,rpc,k_pq,k_iq,3.4145488738336,29.2864456462524,8.32985478866317e-05,0.0292864456462524,1719.45582223078,0.127774557297234,2.00021164929046,-0.0101663748745291,0
GFM-MWT,rpc,k_pq,k_iq,3.4145488738336,39.8107170553497,8.32985478866317e-05,0.0398107170553497,1719.42028836491,0.127746490202961,2.00015224634248,-0.0101644437844452,0
GFM-MWT,rpc,k_pq,k_iq,3.4145488738336,54.1169526546464,8.32985478866317e-05,0.0541169526546464,1719.37197351507,0.127747906636211,2.00010821535675,-0.010164780217069,0
GFM-MWT,rpc,k_pq,k_iq,3.4145488738336,73.5642254459641,8.32985478866317e-05,0.0735642254459641,1719.30627485375,0.12776099954699,2.00007584559878,-0.0101659864093052,0
GFM-MWT,rpc,k_pq,k_iq,3.4145488738336,100,8.32985478866317e-05,0.1,1719.21692708428,0.127777134537367,2.00005212511002,-0.0101673907139966,0
GFM-MWT,rpc,k_pq,k_iq,4.64158883361278,0.01,0.000113232413420594,1e-05,1720.23306654759,0.135299978326543,2.00017999111761,-0.010765237448021,0
GFM-MWT,rpc,k_pq,k_iq,4.64158883361278,0.0135935639087853,0.000113232413420594,1.35935639087853e-05,1720.23305440826,0.135299509035492,2.00018077268444,-0.0107651959068834,0
GFM-MWT,rpc,k_pq,k_iq,4.64158883361278,0.0184784979742229,0.000113232413420594,1.84784979742229e-05,1720.23303790598,0.135298860794433,2.00018183506263,-0.0107651386179826,0
GFM-MWT,rpc,k_pq,k_iq,4.64158883361278,0.0251188643150958,0.000113232413420594,2.51188643150958e-05,1720.23301547411,0.135297960501114,2.00018327911087,-0.0107650592228568,0
GFM-MWT,rpc,k_pq,k_iq,4.64158883361278,0.034145488738336,0.000113232413420594,3.4145488738336e-05,1720.23298498078,0.13529670135842,2.00018524187858,-0.0107649484877071,0
GFM-MWT,rpc,k_pq,k_iq,4.64158883361278,0.0464158883361278,0.000113232413420594,4.64158883361278e-05,1720.23294352993,0.135294924536418,2.00018790954206,-0.0107647927749459,0
GFM-MWT,rpc,k_pq,k_iq,4.64158883361278,0.0630957344480193,0.000113232413420594,6.30957344480193e-05,1720.23288718274,0.13529238863205,2.00019153490443,-0.0107645715194765,0
GFM-MWT,rpc,k_pq,k_iq,4.64158883361278,0.0857695898590894,0.000113232413420594,8.57695898590894e-05,1720.2328105873,0.135288718678584,2.00019646098983,-0.0107642530453744,0
GFM-MWT,rpc,k_pq,k_iq,4.64158883361278,0.116591440117983,0.000113232413420594,0.000116591440117983,1720.23270646662,0.135283318346555,2.00020315262471,-0.0107637874115365,0
GFM-MWT,rpc,k_pq,k_iq,4.64158883361278,0.158489319246111,0.000113232413420594,0.000158489319246111,1720.23256492906,0.135275217296218,2.00021223820395,-0.0107630940440806,0
GFM-MWT,rpc,k_pq,k_iq,4.64158883361278,0.215443469003188,0.000113232413420594,0.000215443469003188,1720.23237253002,0.135262802564444,2.00022456360921,-0.0107620400790396,0
GFM-MWT,rpc,k_pq,k_iq,4.64158883361278,0.292864456462524,0.000113232413420594,0.000292864456462524,1720.23211098957,0.13524334316035,2.00024125852293,-0.0107604021901595,0
GFM-MWT,rpc,k_pq,k_iq,4.64158883361278,0.398107170553497,0.000113232413420594,0.000398107170553497,1720.23175546292,0.135212148429179,2.00026380938762,-0.0107577992525478,0
GFM-MWT,rpc,k_pq,k_iq,4.64158883361278,0.541169526546464,0.000113232413420594,0.000541169526546464,1720.23127217412,0.135161095249781,2.00029411673773,-0.0107535748944709,0
GFM-MWT,rpc,k_pq,k_iq,4.64158883361278,0.735642254459641,0.000113232413420594,0.000735642254459641,1720.23061521035,0.135076123850953,2.00033447261212,-0.010746598464322,0
GFM-MWT,rpc,k_pq,k_iq,4.64158883361278,1,0.000113232413420594,0.001,1720.22972215838,0.134933258385481,2.0003872972933,-0.010734950004711,0
GFM-MWT,rpc,k_pq,k_iq,4.64158883361278,1.35935639087853,0.000113232413420594,0.00135935639087853,1720.2285081754,0.134693218907266,2.00045428367175,-0.0107154964781095,0
GFM-MWT,rpc,k_pq,k_iq,4.64158883361278,1.84784979742229,0.000113232413420594,0.00184784979742229,1720.22685792495,0.134297099764166,2.00053433914066,-0.0106835593956984,0
GFM-MWT,rpc,k_pq,k_iq,4.64158883361278,2.51188643150958,0.000113232413420594,0.00251188643150958,1720.22461462157,0.133672166993223,2.00061981621549,-0.0106333962979964,0
GFM-MWT,rpc,k_pq,k_iq,4.64158883361278,3.4145488738336,0.000113232413420594,0.0034145488738336,1720.22156512583,0.132765857454406,2.00069242652873,-0.0105609257114323,0
GFM-MWT,rpc,k_pq,k_iq,4.64158883361278,4.64158883361278,0.000113232413420594,0.00464158883361278,1720.21741968729,0.131615289279084,2.00072513922164,-0.0104692421125735,0
GFM-MWT,rpc,k_pq,k_iq,4.64158883361278,6.30957344480193,0.000113232413420594,0.00630957344480193,1720.21178439932,0.130394371474136,2.00069733896278,-0.0103722797021364,0
GFM-MWT,rpc,k_pq,k_iq,4.64158883361278,8.57695898590894,0.000113232413420594,0.00857695898590894,1720.20412373711,0.129337496040207,2.00061343112987,-0.010288650452073,0
GFM-MWT,rpc,k_pq,k_iq,4.64158883361278,11.6591440117983,0.000113232413420594,0.0116591440117983,1720.19370961842,0.128585582300306,2.00050042919745,-0.0102294205817889,0
GFM-MWT,rpc,k_pq,k_iq,4.64158883361278,15.8489319246111,0.000113232413420594,0.0158489319246111,1720.17955210778,0.128133329765061,2.00038686036892,-0.0101940247555803,0
GFM-MWT,rpc,k_pq,k_iq,4.64158883361278,21.5443469003188,0.000113232413420594,0.0215443469003188,1720.16030513289,0.12789774723837,2.0002889482153,-0.0101757822540094,0
GFM-MWT,rpc,k_pq,k_iq,4.64158883361278,29.2864456462524,0.000113232413420594,0.0292864456462524,1720.13413817412,0.127792450750139,2.00021123662826,-0.0101678005163382,0
GFM-MWT,rpc,k_pq,k_iq,4.64158883361278,39.8107170553497,0.000113232413420594,0.0398107170553497,1720.09856155448,0.12775634270529,2.00015217026782,-0.0101652280270766,0
GFM-MWT,rpc,k_pq,k_iq,4.64158883361278,54.1169526546464,0.000113232413420594,0.0541169526546464,1720.05018842579,0.127753259725157,2.00010823418699,-0.0101652060175945,0
GFM-MWT,rpc,k_pq,k_iq,4.64158883361278,73.5642254459641,0.000113232413420594,0.0735642254459641,1719.98441024265,0.12776389110979,2.00007587976535,-0.0101662162945187,0
GFM-MWT,rpc,k_pq,k_iq,4.64158883361278,100,0.000113232413420594,0.1,1719.89495381707,0.127778693166316,2.00005215310137,-0.0101675145810001,0
GFM-MWT,rpc,k_pq,k_iq,6.30957344480193,0.01,0.000153923204837883,1e-05,1721.17347044545,0.13466017650043,2.0001707557953,-0.0107143864910878,0
GFM-MWT,rpc,k_pq,k_iq,6.30957344480193,0.0135935639087853,0.000153923204837883,1.35935639087853e-05,1721.17345828834,0.134659729751206,2.00017140943881,-0.0107143474480893,0
GFM-MWT,rpc,k_pq,k_iq,6.30957344480193,0.0184784979742229,0.000153923204837883,1.84784979742229e-05,1721.17344176314,0.134659114536162,2.00017229790982,-0.010714293744741,0
GFM-MWT,rpc,k_pq,k_iq,6.30957344480193,0.0251188643150958,0.000153923204837883,2.51188643150958e-05,1721.17341929737,0.13465826360607,2.00017350553578,-0.0107142195792826,0
GFM-MWT,rpc,k_pq,k_iq,6.30957344480193,0.034145488738336,0.000153923204837883,3.4145488738336e-05,1721.17338876048,0.134657079898567,2.0001751468895,-0.0107141166161657,0
GFM-MWT,rpc,k_pq,k_iq,6.30957344480193,0.0464158883361278,0.000153923204837883,4.64158883361278e-05,1721.17334724979,0.13465542086383,2.00017737759135,-0.0107139726812451,0
GFM-MWT,rpc,k_pq,k_iq,6.30957344480193,0.0630957344480193,0.000153923204837883,6.30957344480193e-05,1721.17329082152,0.134653073383022,2.00018040892605,-0.0107137696881778,0
GFM-MWT,rpc,k_pq,k_iq,6.30957344480193,0.0857695898590894,0.000153923204837883,8.57695898590894e-05,1721.17321411515,0.134649711845814,2.00018452753598,-0.0107134801979242,0
GFM-MWT,rpc,k_pq,k_iq,6.30957344480193,0.116591440117983,0.000153923204837883,0.000116591440117983,1721.17310984422,0.134644827446594,2.00019012181459,-0.0107130616528295,0
GFM-MWT,rpc,k_pq,k_iq,6.30957344480193,0.158489319246111,0.000153923204837883,0.000158489319246111,1721.17296810303,0.134637606437859,2.00019771686118,-0.0107124465045091,0
GFM-MWT,rpc,k_pq,k_iq,6.30957344480193,0.215443469003188,0.000153923204837883,0.000215443469003188,1721.17277542516,0.134626718106235,2.00020801984961,-0.0107115251048015,0
GFM-MWT,rpc,k_pq,k_iq,6.30957344480193,0.292864456462524,0.000153923204837883,0.000292864456462524,1721.17251350798,0.134609941830026,2.00022197648053,-0.0107101157374814,0
GFM-MWT,rpc,k_pq,k_iq,6.30957344480193,0.398107170553497,0.000153923204837883,0.000398107170553497,1721.17215746786,0.134583510643599,2.00024083516298,-0.0107079120599151,0
GFM-MWT,rpc,k_pq,k_iq,6.30957344480193,0.541169526546464,0.000153923204837883,0.000541169526546464,1721.17167348135,0.134540962444036,2.00026620386201,-0.0107043914251708,0
GFM-MWT,rpc,k_pq,k_iq,6.30957344480193,0.735642254459641,0.000153923204837883,0.000735642254459641,1721.17101556883,0.134471176997529,2.00030005477994,-0.0106986587338023,0
GFM-MWT,rpc,k_pq,k_iq,6.30957344480193,1,0.000153923204837883,0.001,1721.1701212271,0.134355198782379,2.00034456211566,-0.01068919463713,0
GFM-MWT,rpc,k_pq,k_iq,6.30957344480193,1.35935639087853,0.000153923204837883,0.00135935639087853,1721.16890549095,0.134161706356073,2.00040151381211,-0.0106734984360469,0
GFM-MWT,rpc,k_pq,k_iq,6.30957344480193,1.84784979742229,0.000153923204837883,0.00184784979742229,1721.16725285814,0.133842513830314,2.00047081410975,-0.0106477384996419,0
GFM-MWT,rpc,k_pq,k_iq,6.30957344480193,2.51188643150958,0.000153923204837883,0.00251188643150958,1721.1650063144,0.133334162691105,2.00054752571352,-0.0106068948792799,0
GFM-MWT,rpc,k_pq,k_iq,6.30957344480193,3.4145488738336,0.000153923204837883,0.0034145488738336,1721.1619524138,0.132579849039002,2.00061798538686,-0.0105465235950687,0
GFM-MWT,rpc,k_pq,k_iq,6.30957344480193,4.64158883361278,0.000153923204837883,0.00464158883361278,1721.15780098564,0.131584532029362,2.00065926057951,-0.0104671404354362,0
GFM-MWT,rpc,k_pq,k_iq,6.30957344480193,6.30957344480193,0.000153923204837883,0.00630957344480193,1721.15215755233,0.130471866339478,2.00064932977526,-0.01037869242537,0
GFM-MWT,rpc,k_pq,k_iq,6.30957344480193,8.57695898590894,0.000153923204837883,0.00857695898590894,1721.14448581186,0.129451402910981,2.00058500407703,-0.0102978569618825,0
GFM-MWT,rpc,k_pq,k_iq,6.30957344480193,11.6591440117983,0.000153923204837883,0.0116591440117983,1721.13405662508,0.128684913709095,2.00048648196384,-0.0102373932718022,0
GFM-MWT,rpc,k_pq,k_iq,6.30957344480193,15.8489319246111,0.000153923204837883,0.0158489319246111,1721.1198786112,0.128202022072365,2.00038099973133,-0.0101995190851586,0
GFM-MWT,rpc,k_pq,k_iq,6.30957344480193,21.5443469003188,0.000153923204837883,0.0215443469003188,1721.10060373225,0.12793975411782,2.00028679841668,-0.0101791349919309,0
GFM-MWT,rpc,k_pq,k_iq,6.30957344480193,29.2864456462524,0.000153923204837883,0.0292864456462524,1721.07439877606,0.127816514984813,2.00021056553789,-0.010169718399757,0
GFM-MWT,rpc,k_pq,k_iq,6.30957344480193,39.8107170553497,0.000153923204837883,0.0398107170553497,1721.03877038757,0.12776967368235,2.00015202039846,-0.0101662893890577,0
GFM-MWT,rpc,k_pq,k_iq,6.30957344480193,54.1169526546464,0.000153923204837883,0.0541169526546464,1720.99032666781,0.127760524666238,2.00010824086122,-0.0101657839884271,0
GFM-MWT,rpc,k_pq,k_iq,6.30957344480193,73.5642254459641,0.000153923204837883,0.0735642254459641,1720.92445212028,0.12776782092095,2.00007591862787,-0.0101665287610901,0
GFM-MWT,rpc,k_pq,k_iq,6.30957344480193,100,0.000153923204837883,0.1,1720.83486395236,0.127780812690299,2.00005218813673,-0.0101676830387165,0
GFM-MWT,rpc,k_pq,k_iq,8.57695898590894,0.01,0.000209236492200881,1e-05,1722.48620296675,0.133947621710007,2.00015887353819,-0.010657761041325,0
GFM-MWT,rpc,k_pq,k_iq,8.57695898590894,0.0135935639087853,0.000209236492200881,1.35935639087853e-05,1722.48619079018,0.133947214529486,2.00015939799663,-0.0106577258527948,0
GFM-MWT,rpc,k_pq,k_iq,8.57695898590894,0.0184784979742229,0.000209236492200881,1.84784979742229e-05,1722.48617423769,0.133946655331783,2.0001601108578,-0.0106576775663948,0
GFM-MWT,rpc,k_pq,k_iq,8.57695898590894,0.0251188643150958,0.000209236492200881,2.51188643150958e-05,1722.48615173729,0.133945884674885,2.00016107976543,-0.0106576110927036,0
GFM-MWT,rpc,k_pq,k_iq,8.57695898590894,0.034145488738336,0.000209236492200881,3.4145488738336e-05,1722.48612115094,0.133944817601116,2.00016239661754,-0.0106575191831493,0
GFM-MWT,rpc,k_pq,k_iq,8.57695898590894,0.0464158883361278,0.000209236492200881,4.64158883361278e-05,1722.48607957288,0.133943331165169,2.00016418622377,-0.0106573913916797,0
GFM-MWT,rpc,k_pq,k_iq,8.57695898590894,0.0630957344480193,0.000209236492200881,6.30957344480193e-05,1722.48602305452,0.133941244196037,2.00016661801557,-0.0106572124023508,0
GFM-MWT,rpc,k_pq,k_iq,8.57695898590894,0.0857695898590894,0.000209236492200881,8.57695898590894e-05,1722.48594622503,0.133938284662936,2.00016992183583,-0.0106569593490524,0
GFM-MWT,rpc,k_pq,k_iq,8.57695898590894,0.116591440117983,0.000209236492200881,0.000116591440117983,1722.48584178714,0.133934035204461,2.00017440910645,-0.010656597369447,0
GFM-MWT,rpc,k_pq,k_iq,8.57695898590894,0.158489319246111,0.000209236492200881,0.000158489319246111,1722.48569981716,0.133927840786021,2.00018050093572,-0.0106560721092574,0
GFM-MWT,rpc,k_pq,k_iq,8.57695898590894,0.215443469003188,0.000209236492200881,0.000215443469003188,1722.48550683116,0.133918649591465,2.00018876478692,-0.0106552968698723,0
GFM-MWT,rpc,k_pq,k_iq,8.57695898590894,0.292864456462524,0.000209236492200881,0.000292864456462524,1722.48524449302,0.133904736129693,2.00019996070183,-0.0106541303358002,0
GFM-MWT,rpc,k_pq,k_iq,8.57695898590894,0.398107170553497,0.000209236492200881,0.000398107170553497,1722.48488788085,0.133883216206802,2.00021509553455,-0.0106523377039743,0
GFM-MWT,rpc,k_pq,k_iq,8.57695898590894,0.541169526546464,0.000209236492200881,0.000541169526546464,1722.48440311684,0.13384920038676,2.00023547612874,-0.0106495230648408,0
GFM-MWT,rpc,k_pq,k_iq,8.57695898590894,0.735642254459641,0.000209236492200881,0.000735642254459641,1722.48374414807,0.133794340729007,2.00026273290561,-0.0106450136873134,0
GFM-MWT,rpc,k_pq,k_iq,8.57695898590894,1,0.000209236492200881,0.001,1722.48284836933,0.133704437272343,2.00029873851715,-0.0106376700912095,0
GFM-MWT,rpc,k_pq,k_iq,8.57695898590894,1.35935639087853,0.000209236492200881,0.00135935639087853,1722.48163067997,0.133555857034913,2.00034524567194,-0.0106256032032855,0
GFM-MWT,rpc,k_pq,k_iq,8.57695898590894,1.84784979742229,0.000209236492200881,0.00184784979742229,1722.47997539166,0.133311349725527,2.00040289277293,-0.0106058469654988,0
GFM-MWT,rpc,k_pq,k_iq,8.57695898590894,2.51188643150958,0.000209236492200881,0.00251188643150958,1722.47772523763,0.132918788155097,2.00046907569295,-0.010574269645731,0
GFM-MWT,rpc,k_pq,k_iq,8.57695898590894,3.4145488738336,0.000209236492200881,0.0034145488738336,1722.47466642812,0.132322743014554,2.0005346451105,-0.0105265119306751,0
GFM-MWT,rpc,k_pq,k_iq,8.57695898590894,4.64158883361278,0.000209236492200881,0.00464158883361278,1722.47050832534,0.131502890021175,2.00058178985988,-0.0104610518131252,0
GFM-MWT,rpc,k_pq,k_iq,8.57695898590894,6.30957344480193,0.000209236492200881,0.00630957344480193,1722.46485581405,0.130530228588568,2.00058923010998,-0.0103836463796804,0
GFM-MWT,rpc,k_pq,k_iq,8.57695898590894,8.57695898590894,0.000209236492200881,0.00857695898590894,1722.45717172752,0.1295736893789,2.00054702348631,-0.0103077794850655,0
GFM-MWT,rpc,k_pq,k_iq,8.57695898590894,11.6591440117983,0.000209236492200881,0.0116591440117983,1722.44672574254,0.12880413110133,2.00046673813063,-0.0102469776130608,0
GFM-MWT,rpc,k_pq,k_iq,8.57695898590894,15.8489319246111,0.000209236492200881,0.0158489319246111,1722.43252487105,0.128289410371688,2.00037229282414,-0.0102065152353851,0
GFM-MWT,rpc,k_pq,k_iq,8.57695898590894,21.5443469003188,0.000209236492200881,0.0215443469003188,1722.41321887159,0.127994942521784,2.00028345607769,-0.0101835424473593,0
GFM-MWT,rpc,k_pq,k_iq,8.57695898590894,29.2864456462524,0.000209236492200881,0.0292864456462524,1722.38697152763,0.127848687238874,2.00020945628214,-0.0101722835603066,0
GFM-MWT,rpc,k_pq,k_iq,8.57695898590894,39.8107170553497,0.000209236492200881,0.0398107170553497,1722.3512853613,0.127787660305756,2.00015173214138,-0.0101677218535707,0
GFM-MWT,rpc,k_pq,k_iq,8.57695898590894,54.1169526546464,0.000209236492200881,0.0541169526546464,1722.30276280595,0.127770372183702,2.00010821520411,-0.0101665675954855,0
GFM-MWT,rpc,k_pq,k_iq,8.57695898590894,73.5642254459641,0.000209236492200881,0.0735642254459641,1722.23678055146,0.127773159481988,2.00007595748246,-0.0101669533108022,0
GFM-MWT,rpc,k_pq,k_iq,8.57695898590894,100,0.000209236492200881,0.1,1722.14704496561,0.127783694791627,2.00005223019318,-0.010167912133718,0
GFM-MWT,rpc,k_pq,k_iq,11.6591440117983,0.01,0.000284426962878273,1e-05,1724.33626803832,0.13318769837151,2.00014433862277,-0.0105973803121273,0
GFM-MWT,rpc,k_pq,k_iq,11.6591440117983,0.0135935639087853,0.000284426962878273,1.35935639087853e-05,1724.3362558437,0.133187346065363,2.0001447408181,-0.0105973501525311,0
GFM-MWT,rpc,k_pq,k_iq,11.6591440117983,0.0184784979742229,0.000284426962878273,1.84784979742229e-05,1724.336239267,0.133186863309791,2.00014528748713,-0.0105973088492387,0
GFM-MWT,rpc,k_pq,k_iq,11.6591440117983,0.0251188643150958,0.000284426962878273,2.51188643150958e-05,1724.33621673369,0.133186199983135,2.00014603049498,-0.0105972521399132,0
GFM-MWT,rpc,k_pq,k_iq,11.6591440117983,0.034145488738336,0.000284426962878273,3.4145488738336e-05,1724.3361861024,0.133185285222554,2.00014704029969,-0.0105971740136083,0
GFM-MWT,rpc,k_pq,k_iq,11.6591440117983,0.0464158883361278,0.000284426962878273,4.64158883361278e-05,1724.33614446444,0.133184017595053,2.00014841258619,-0.0105970658936689,0
GFM-MWT,rpc,k_pq,k_iq,11.6591440117983,0.0630957344480193,0.000284426962878273,6.30957344480193e-05,1724.33608786238,0.133182249822978,2.00015027724178,-0.0105969153750122,0
GFM-MWT,rpc,k_pq,k_iq,11.6591440117983,0.0857695898590894,0.000284426962878273,8.57695898590894e-05,1724.33601092131,0.133179764408354,2.00015281045907,-0.0105967042208099,0
GFM-MWT,rpc,k_pq,k_iq,11.6591440117983,0.116591440117983,0.000284426962878273,0.000116591440117983,1724.33590632935,0.133176233723271,2.00015625098437,-0.0105964051014408,0
GFM-MWT,rpc,k_pq,k_iq,11.6591440117983,0.158489319246111,0.000284426962878273,0.000158489319246111,1724.33576415227,0.1331711535318,2.00016092174272,-0.0105959761913983,0
GFM-MWT,rpc,k_pq,k_iq,11.6591440117983,0.215443469003188,0.000284426962878273,0.000215443469003188,1724.33557088265,0.133163730010461,2.00016725821497,-0.0105953520312324,0
GFM-MWT,rpc,k_pq,k_iq,11.6591440117983,0.292864456462524,0.000284426962878273,0.000292864456462524,1724.33530816083,0.133152685406039,2.00017584465805,-0.0105944278756876,0
GFM-MWT,rpc,k_pq,k_iq,11.6591440117983,0.398107170553497,0.000284426962878273,0.000398107170553497,1724.33495102626,0.133135920298867,2.00018745786611,-0.0105930325954639,0
GFM-MWT,rpc,k_pq,k_iq,11.6591440117983,0.541169526546464,0.000284426962878273,0.000541169526546464,1724.33446555259,0.133109926559945,2.00020311382033,-0.0105908817332538,0
GFM-MWT,rpc,k_pq,k_iq,11.6591440117983,0.735642254459641,0.000284426962878273,0.000735642254459641,1724.33380561842,0.133068776277037,2.00022410086658,-0.0105874969046219,0
GFM-MWT,rpc,k_pq,k_iq,11.6591440117983,1,0.000284426962878273,0.001,1724.33290852866,0.13300243154706,2.00025195453756,-0.0105820714956633,0
GFM-MWT,rpc,k_pq,k_iq,11.6591440117983,1.35935639087853,0.000284426962878273,0.00135935639087853,1724.33168905543,0.132894107870237,2.00028826517725,-0.0105732619883644,0
GFM-MWT,rpc,k_pq,k_iq,11.6591440117983,1.84784979742229,0.000284426962878273,0.00184784979742229,1724.33003134147,0.13271678942935,2.00033408679367,-0.0105589139799032,0
GFM-MWT,rpc,k_pq,k_iq,11.6591440117983,2.51188643150958,0.000284426962878273,0.00251188643150958,1724.32777789137,0.132430592773323,2.00038855685704,-0.0105358599125114,0
GFM-MWT,rpc,k_pq,k_iq,11.6591440117983,3.4145488738336,0.000284426962878273,0.0034145488738336,1724.324714598,0.131986885185793,2.00044641978014,-0.0105002598059194,0
GFM-MWT,rpc,k_pq,k_iq,11.6591440117983,4.64158883361278,0.000284426962878273,0.00464158883361278,1724.32055039788,0.131350697330076,2.00049537180217,-0.0104493975384615,0
GFM-MWT,rpc,k_pq,k_iq,11.6591440117983,6.30957344480193,0.000284426962878273,0.00630957344480193,1724.31488959224,0.130546169101906,2.00051724553476,-0.0103852879465794,0
GFM-MWT,rpc,k_pq,k_iq,11.6591440117983,8.57695898590894,0.000284426962878273,0.00857695898590894,1724.30719422126,0.129688783514236,2.00049778741562,-0.0103171883128302,0
GFM-MWT,rpc,k_pq,k_iq,11.6591440117983,11.6591440117983,0.000284426962878273,0.0116591440117983,1724.29673288038,0.128938416848668,2.00043918315625,-0.0102578008345591,0
GFM-MWT,rpc,k_pq,k_iq,11.6591440117983,15.8489319246111,0.000284426962878273,0.0158489319246111,1724.28251109922,0.128396802482085,2.00035936210785,-0.0102151243265137,0
GFM-MWT,rpc,k_pq,k_iq,11.6591440117983,21.5443469003188,0.000284426962878273,0.0215443469003188,1724.26317661656,0.128066107771266,2.00027821285567,-0.0101892306198188,0
GFM-MWT,rpc,k_pq,k_iq,11.6591440117983,29.2864456462524,0.000284426962878273,0.0292864456462524,1724.23689044233,0.127891284127333,2.00020760232557,-0.0101756818624519,0
GFM-MWT,rpc,k_pq,k_iq,11.6591440117983,39.8107170553497,0.000284426962878273,0.0398107170553497,1724.20115128013,0.127811812438884,2.00015118785259,-0.0101696461424999,0
GFM-MWT,rpc,k_pq,k_iq,11.6591440117983,54.1169526546464,0.000284426962878273,0.0541169526546464,1724.15255630004,0.127783690958112,2.00010811685923,-0.0101676277480959,0
GFM-MWT,rpc,k_pq,k_iq,11.6591440117983,73.5642254459641,0.000284426962878273,0.0735642254459641,1724.08647487919,0.1277804054103,2.0000759845938,-0.0101675296743465,0
GFM-MWT,rpc,k_pq,k_iq,11.6591440117983,100,0.000284426962878273,0.1,1723.99660316786,0.127787612919866,2.00005227708648,-0.0101682236335822,0
GFM-MWT,rpc,k_pq,k_iq,15.8489319246111,0.01,0.000386637609726749,1e-05,1726.97749967821,0.132413848137349,2.00012755034274,-0.0105359024472775,0
GFM-MWT,rpc,k_pq,k_iq,15.8489319246111,0.0135935639087853,0.000386637609726749,1.35935639087853e-05,1726.97748747764,0.132413560353621,2.00012784456751,-0.0105358780017621,0
GFM-MWT,rpc,k_pq,k_iq,15.8489319246111,0.0184784979742229,0.000386637609726749,1.84784979742229e-05,1726.97747089292,0.132413166751117,2.00012824447851,-0.0105358445807553,0
GFM-MWT,rpc,k_pq,k_iq,15.8489319246111,0.0251188643150958,0.000386637609726749,2.51188643150958e-05,1726.97744834828,0.132412627277931,2.00012878801472,-0.0105357987979506,0
GFM-MWT,rpc,k_pq,k_iq,15.8489319246111,0.034145488738336,0.000386637609726749,3.4145488738336e-05,1726.97741770209,0.13241188576829,2.00012952671394,-0.0105357359134242,0
GFM-MWT,rpc,k_pq,k_iq,15.8489319246111,0.0464158883361278,0.000386637609726749,4.64158883361278e-05,1726.97737604231,0.132410862656348,2.00013053056479,-0.0105356492284092,0
GFM-MWT,rpc,k_pq,k_iq,15.8489319246111,0.0630957344480193,0.000386637609726749,6.30957344480193e-05,1726.97731941352,0.132409443973352,2.00013189457534,-0.0105355291753461,0
GFM-MWT,rpc,k_pq,k_iq,15.8489319246111,0.0857695898590894,0.000386637609726749,8.57695898590894e-05,1726.97724243337,0.132407463874871,2.00013374763143,-0.0105353618811572,0
GFM-MWT,rpc,k_pq,k_iq,15.8489319246111,0.116591440117983,0.000386637609726749,0.000116591440117983,1726.9771377897,0.132404676986976,2.00013626440331,-0.0105351269045161,0
GFM-MWT,rpc,k_pq,k_iq,15.8489319246111,0.158489319246111,0.000386637609726749,0.000158489319246111,1726.97699554218,0.132400712853043,2.00013968124404,-0.0105347935281313,0
GFM-MWT,rpc,k_pq,k_iq,15.8489319246111,0.215443469003188,0.000386637609726749,0.000215443469003188,1726.97680217642,0.132395000122381,2.00014431716071,-0.0105343146171984,0
GFM-MWT,rpc,k_pq,k_iq,15.8489319246111,0.292864456462524,0.000386637609726749,0.000292864456462524,1726.97653932288,0.132386637548308,2.00015060089745,-0.0105336162142932,0
GFM-MWT,rpc,k_pq,k_iq,15.8489319246111,0.398107170553497,0.000386637609726749,0.000398107170553497,1726.97618201126,0.132374172744554,2.00015910453905,-0.010532579762169,0
GFM-MWT,rpc,k_pq,k_iq,15.8489319246111,0.541169526546464,0.000386637609726749,0.000541169526546464,1726.97569629581,0.132355219180455,2.00017058172171,-0.0105310114346953,0
GFM-MWT,rpc,k_pq,k_iq,15.8489319246111,0.735642254459641,0.000386637609726749,0.000735642254459641,1726.97503603207,0.132325796967541,2.00018600230816,-0.0105285895158314,0
GFM-MWT,rpc,k_pq,k_iq,15.8489319246111,1,0.000386637609726749,0.001,1726.97413849549,0.132279217728504,2.00020655944748,-0.010524775660896,0
GFM-MWT,rpc,k_pq,k_iq,15.8489319246111,1.35935639087853,0.000386637609726749,0.00135935639087853,1726.97291841351,0.132204285391619,2.00023358822815,-0.0105186722178275,0
GFM-MWT,rpc,k_pq,k_iq,15.8489319246111,1.84784979742229,0.000386637609726749,0.00184784979742229,1726.97125987271,0.132082691985999,2.00026825881939,-0.0105088167241495,0
GFM-MWT,rpc,k_pq,k_iq,15.8489319246111,2.51188643150958,0.000386637609726749,0.00251188643150958,1726.96900529563,0.131886204194587,2.00031078252619,-0.010492962360019,0
GFM-MWT,rpc,k_pq,k_iq,15.8489319246111,3.4145488738336,0.000386637609726749,0.0034145488738336,1726.96594047021,0.131576550975142,2.00035879189362,-0.0104680776112328,0
GFM-MWT,rpc,k_pq,k_iq,15.8489319246111,4.64158883361278,0.000386637609726749,0.00464158883361278,1726.96177418358,0.131115491586109,2.00040499080351,-0.0104311593754174,0
GFM-MWT,rpc,k_pq,k_iq,15.8489319246111,6.30957344480193,0.000386637609726749,0.00630957344480193,1726.95611053479,0.130494225197981,2.00043602132901,-0.0103815775823358,0
GFM-MWT,rpc,k_pq,k_iq,15.8489319246111,8.57695898590894,0.000386637609726749,0.00857695898590894,1726.94841128642,0.129772135248456,2.00043691737283,-0.0103241326266917,0
GFM-MWT,rpc,k_pq,k_iq,15.8489319246111,11.6591440117983,0.000386637609726749,0.0116591440117983,1726.93794465221,0.129074865190312,2.00040186289202,-0.0102688465053134,0
GFM-MWT,rpc,k_pq,k_iq,15.8489319246111,15.8489319246111,0.000386637609726749,0.0158489319246111,1726.92371563444,0.128521680555226,2.0003404019312,-0.0102251553737596,0
GFM-MWT,rpc,k_pq,k_iq,15.8489319246111,21.5443469003188,0.000386637609726749,0.0215443469003188,1726.90437123662,0.128155134115856,2.00026999008733,-0.0101963549329477,0
GFM-MWT,rpc,k_pq,k_iq,15.8489319246111,29.2864456462524,0.000386637609726749,0.0292864456462524,1726.87807143879,0.127946780036259,2.000204492194,-0.0101801127695431,0
GFM-MWT,rpc,k_pq,k_iq,15.8489319246111,39.8107170553497,0.000386637609726749,0.0398107170553497,1726.8423134952,0.127843977510643,2.00015017713565,-0.0101722103066588,0
GFM-MWT,rpc,k_pq,k_iq,15.8489319246111,54.1169526546464,0.000386637609726749,0.0541169526546464,1726.79369249249,0.127801633456942,2.00010786803753,-0.0101690565331196,0
GFM-MWT,rpc,k_pq,k_iq,15.8489319246111,73.5642254459641,0.000386637609726749,0.0735642254459641,1726.72757478805,0.127790223152282,2.00007597432259,-0.0101683108468099,0
GFM-MWT,rpc,k_pq,k_iq,15.8489319246111,100,0.000386637609726749,0.1,1726.63765206988,0.127792936143832,2.00005232189326,-0.0101686469377346,0
GFM-MWT,rpc,k_pq,k_iq,21.5443469003188,0.01,0.000525578305736054,1e-05,1730.81390155584,0.131662028906168,2.00010930734432,-0.0104761838354703,0
GFM-MWT,rpc,k_pq,k_iq,21.5443469003188,0.0135935639087853,0.000525578305736054,1.35935639087853e-05,1730.81388938622,0.131661807535321,2.00010951272246,-0.0104761651475898,0
GFM-MWT,rpc,k_pq,k_iq,21.5443469003188,0.0184784979742229,0.000525578305736054,1.84784979742229e-05,1730.81387284333,0.131661505142808,2.00010979186939,-0.0104761396272863,0
GFM-MWT,rpc,k_pq,k_iq,21.5443469003188,0.0251188643150958,0.000525578305736054,2.51188643150958e-05,1730.81385035583,0.131661091553295,2.00011017127262,-0.0104761047350962,0
GFM-MWT,rpc,k_pq,k_iq,21.5443469003188,0.034145488738336,0.000525578305736054,3.4145488738336e-05,1730.81381978663,0.131660524541883,2.00011068690549,-0.01047605692322,0
GFM-MWT,rpc,k_pq,k_iq,21.5443469003188,0.0464158883361278,0.000525578305736054,4.64158883361278e-05,1730.81377823271,0.131659744950184,2.00011138762531,-0.0104759912291674,0
GFM-MWT,rpc,k_pq,k_iq,21.5443469003188,0.0630957344480193,0.000525578305736054,6.30957344480193e-05,1730.81372174547,0.131658668918257,2.00011233975916,-0.010475900633726,0
GFM-MWT,rpc,k_pq,k_iq,21.5443469003188,0.0857695898590894,0.000525578305736054,8.57695898590894e-05,1730.8136449594,0.131657176101473,2.000113633295,-0.0104757750910957,0
GFM-MWT,rpc,k_pq,k_iq,21.5443469003188,0.116591440117983,0.000525578305736054,0.000116591440117983,1730.8135405803,0.131655091244073,2.00011539022095,-0.0104756000192547,0
GFM-MWT,rpc,k_pq,k_iq,21.5443469003188,0.158489319246111,0.000525578305736054,0.000158489319246111,1730.81339869184,0.131652154639234,2.00011777568339,-0.0104753538914212,0
GFM-MWT,rpc,k_pq,k_iq,21.5443469003188,0.215443469003188,0.000525578305736054,0.000215443469003188,1730.81320581361,0.131647973584166,2.00012101278793,-0.0104750042964977,0
GFM-MWT,rpc,k_pq,k_iq,21.5443469003188,0.292864456462524,0.000525578305736054,0.000292864456462524,1730.81294362374,0.131641941636361,2.00012540191954,-0.0104745014143077,0
GFM-MWT,rpc,k_pq,k_iq,21.5443469003188,0.398107170553497,0.000525578305736054,0.000398107170553497,1730.81258721313,0.131633101244288,2.00013134523282,-0.0104737669590507,0
GFM-MWT,rpc,k_pq,k_iq,21.5443469003188,0.541169526546464,0.000525578305736054,0.000541169526546464,1730.81210272323,0.131619908817092,2.00013937594101,-0.0104726753365784,0
GFM-MWT,rpc,k_pq,k_iq,21.5443469003188,0.735642254459641,0.000525578305736054,0.000735642254459641,1730.81144412607,0.131599830823715,2.00015018897258,-0.0104710213531675,0
GFM-MWT,rpc,k_pq,k_iq,21.5443469003188,1,0.000525578305736054,0.001,1730.8105488527,0.131568656258841,2.00016466162251,-0.0104684654150313,0
GFM-MWT,rpc,k_pq,k_iq,21.5443469003188,1.35935639087853,0.000525578305736054,0.00135935639087853,1730.80933184935,0.131519359164237,2.00018383367565,-0.0104644431512048,0
GFM-MWT,rpc,k_pq,k_iq,21.5443469003188,1.84784979742229,0.000525578305736054,0.00184784979742229,1730.80767749151,0.131440341974684,2.00020877446827,-0.0104580263835873,0
GFM-MWT,rpc,k_pq,k_iq,21.5443469003188,2.51188643150958,0.000525578305736054,0.00251188643150958,1730.80542859921,0.131313135098529,2.00024018465029,-0.0104477422497691,0
GFM-MWT,rpc,k_pq,k_iq,21.5443469003188,3.4145488738336,0.000525578305736054,0.0034145488738336,1730.80237149981,0.131110665514817,2.00027747842201,-0.0104314403311889,0
GFM-MWT,rpc,k_pq,k_iq,21.5443469003188,4.64158883361278,0.000525578305736054,0.00464158883361278,1730.79821571018,0.130799915921795,2.00031714340216,-0.010406512784616,0
GFM-MWT,rpc,k_pq,k_iq,21.5443469003188,6.30957344480193,0.000525578305736054,0.00630957344480193,1730.79256632347,0.130356483038211,2.00035094750964,-0.0103710615777286,0
GFM-MWT,rpc,k_pq,k_iq,21.5443469003188,8.57695898590894,0.000525578305736054,0.00857695898590894,1730.78488644822,0.12979463732966,2.00036655983374,-0.0103262857560064,0
GFM-MWT,rpc,k_pq,k_iq,21.5443469003188,11.6591440117983,0.000525578305736054,0.0116591440117983,1730.77444612266,0.129190553526296,2.00035383578172,-0.0102782961267649,0
GFM-MWT,rpc,k_pq,k_iq,21.5443469003188,15.8489319246111,0.000525578305736054,0.0158489319246111,1730.76025281814,0.128654396617642,2.00031345588807,-0.010235850997438,0
GFM-MWT,rpc,k_pq,k_iq,21.5443469003188,21.5443469003188,0.000525578305736054,0.0215443469003188,1730.74095687865,0.128261102377642,2.00025728137982,-0.0102048499948496,0
GFM-MWT,rpc,k_pq,k_iq,21.5443469003188,29.2864456462524,0.000525578305736054,0.0292864456462524,1730.71472278713,0.128017147060158,2.00019930952757,-0.0101857373452652,0
GFM-MWT,rpc,k_pq,k_iq,21.5443469003188,39.8107170553497,0.000525578305736054,0.0398107170553497,1730.67905385184,0.127886208268326,2.00014833426234,-0.0101755795240052,0
GFM-MWT,rpc,k_pq,k_iq,21.5443469003188,54.1169526546464,0.000525578305736054,0.0541169526546464,1730.6305532745,0.127825632995115,2.00010732359224,-0.0101709687247458,0
GFM-MWT,rpc,k_pq,k_iq,21.5443469003188,73.5642254459641,0.000525578305736054,0.0735642254459641,1730.5645982133,0.127803481137374,2.00007587450165,-0.0101693661875169,0
GFM-MWT,rpc,k_pq,k_iq,21.5443469003188,100,0.000525578305736054,0.1,1730.47489462724,0.127800158296802,2.00005234800326,-0.0101692214214895,0
GFM-MWT,rpc,k_pq,k_iq,29.2864456462524,0.01,0.000714448228809412,1e-05,1736.51284231003,0.130964253907179,2.0000906594242,-0.0104207659389814,0
GFM-MWT,rpc,k_pq,k_iq,29.2864456462524,0.0135935639087853,0.000714448228809412,1.35935639087853e-05,1736.51283026923,0.130964093269863,2.00009079654291,-0.0104207524442014,0
GFM-MWT,rpc,k_pq,k_iq,29.2864456462524,0.0184784979742229,0.000714448228809412,1.84784979742229e-05,1736.51281390061,0.130963874156292,2.00009098291662,-0.010420734040403,0
GFM-MWT,rpc,k_pq,k_iq,29.2864456462524,0.0251188643150958,0.000714448228809412,2.51188643150958e-05,1736.51279164972,0.130963574890314,2.00009123622723,-0.0104207089109007,0
GFM-MWT,rpc,k_pq,k_iq,29.2864456462524,0.034145488738336,0.000714448228809412,3.4145488738336e-05,1736.51276140293,0.130963165478319,2.00009158049768,-0.0104206745442333,0
GFM-MWT,rpc,k_pq,k_iq,29.2864456462524,0.0464158883361278,0.000714448228809412,4.64158883361278e-05,1736.5127202877,0.130962604132047,2.00009204835366,-0.0104206274457373,0
GFM-MWT,rpc,k_pq,k_iq,29.2864456462524,0.0630957344480193,0.000714448228809412,6.30957344480193e-05,1736.51266439672,0.130961832145926,2.00009268409233,-0.0104205627140013,0
GFM-MWT,rpc,k_pq,k_iq,29.2864456462524,0.0857695898590894,0.000714448228809412,8.57695898590894e-05,1736.51258842053,0.130960766324369,2.00009354782651,-0.0104204734167985,0
GFM-MWT,rpc,k_pq,k_iq,29.2864456462524,0.116591440117983,0.000714448228809412,0.000116591440117983,1736.51248514187,0.130959287160693,2.00009472107017,-0.0104203496215142,0
GFM-MWT,rpc,k_pq,k_iq,29.2864456462524,0.158489319246111,0.000714448228809412,0.000158489319246111,1736.51234474947,0.130957220428201,2.00009631423584,-0.0104201768915022,0
GFM-MWT,rpc,k_pq,k_iq,29.2864456462524,0.215443469003188,0.000714448228809412,0.000215443469003188,1736.51215390519,0.130954307754472,2.00009847662856,-0.0104199338929708,0
GFM-MWT,rpc,k_pq,k_iq,29.2864456462524,0.292864456462524,0.000714448228809412,0.000292864456462524,1736.51189448057,0.130950158099781,2.00010140960886,-0.0104195884661632,0
GFM-MWT,rpc,k_pq,k_iq,29.2864456462524,0.398107170553497,0.000714448228809412,0.000398107170553497,1736.51154182871,0.130944166991466,2.00010538356687,-0.0104190911114972,0
GFM-MWT,rpc,k_pq,k_iq,29.2864456462524,0.541169526546464,0.000714448228809412,0.000541169526546464,1736.51106244763,0.13093537984641,2.00011075899731,-0.0104183640063218,0
GFM-MWT,rpc,k_pq,k_iq,29.2864456462524,0.735642254459641,0.000714448228809412,0.000735642254459641,1736.51041079523,0.130922258498206,2.00011801062325,-0.0104172823054764,0
GFM-MWT,rpc,k_pq,k_iq,29.2864456462524,1,0.000714448228809412,0.001,1736.50952496359,0.130902282964794,2.00012774994764,-0.0104156423433523,0
GFM-MWT,rpc,k_pq,k_iq,29.2864456462524,1.35935639087853,0.000714448228809412,0.00135935639087853,1736.50832079189,0.130871282319843,2.00014073262011,-0.0104131083659479,0
GFM-MWT,rpc,k_pq,k_iq,29.2864456462524,1.84784979742229,0.000714448228809412,0.00184784979742229,1736.5066838774,0.130822354731518,2.00015781628982,-0.0104091268419631,0
GFM-MWT,rpc,k_pq,k_iq,29.2864456462524,2.51188643150958,0.000714448228809412,0.00251188643150958,1736.5044586983,0.130744282367644,2.00017979127006,-0.0104028012605869,0
GFM-MWT,rpc,k_pq,k_iq,29.2864456462524,3.4145488738336,0.000714448228809412,0.0034145488738336,1736.50143382823,0.130619709273736,2.00020693275886,-0.0103927495378531,0
GFM-MWT,rpc,k_pq,k_iq,29.2864456462524,4.64158883361278,0.000714448228809412,0.00464158883361278,1736.49732184746,0.130424586180514,2.00023806085438,-0.0103770647783911,0
GFM-MWT,rpc,k_pq,k_iq,29.2864456462524,6.30957344480193,0.000714448228809412,0.00630957344480193,1736.49173200662,0.130133047694465,2.00026907753365,-0.0103537108498882,0
GFM-MWT,rpc,k_pq,k_iq,29.2864456462524,8.57695898590894,0.000714448228809412,0.00857695898590894,1736.48413306298,0.12973384933815,2.00029191993539,-0.0103218351597156,0
GFM-MWT,rpc,k_pq,k_iq,29.2864456462524,11.6591440117983,0.000714448228809412,0.0116591440117983,1736.47380272953,0.129255896100685,2.00029651950195,-0.0102837888105757,0
GFM-MWT,rpc,k_pq,k_iq,29.2864456462524,15.8489319246111,0.000714448228809412,0.0158489319246111,1736.45975890108,0.128775477381521,2.0002772391179,-0.0102456687571431,0
GFM-MWT,rpc,k_pq,k_iq,29.2864456462524,21.5443469003188,0.000714448228809412,0.0215443469003188,1736.44066607423,0.128377285730747,2.00023831594491,-0.0102141897735123,0
GFM-MWT,rpc,k_pq,k_iq,29.2864456462524,29.2864456462524,0.000714448228809412,0.0292864456462524,1736.41470794127,0.12810238659901,2.00019085619992,-0.010192561831912,0
GFM-MWT,rpc,k_pq,k_iq,29.2864456462524,39.8107170553497,0.000714448228809412,0.0398107170553497,1736.37941386726,0.127940302385745,2.00014505297195,-0.0101798999076978,0
GFM-MWT,rpc,k_pq,k_iq,29.2864456462524,54.1169526546464,0.000714448228809412,0.0541169526546464,1736.3314223636,0.127857325728134,2.00010622245856,-0.0101734958258695,0
GFM-MWT,rpc,k_pq,k_iq,29.2864456462524,73.5642254459641,0.000714448228809412,0.0735642254459641,1736.2661584013,0.127821272221298,2.00007558413396,-0.0101707831600715,0
GFM-MWT,rpc,k_pq,k_iq,29.2864456462524,100,0.000714448228809412,0.1,1736.1773925622,0.127809928620758,2.00005231989629,-0.0101699989211137,0
GFM-MWT,rpc,k_pq,k_iq,39.8107170553497,0.01,0.000971189765783918,1e-05,1745.21197116563,0.13034355678569,2.00007267273546,-0.0103714759373334,0
GFM-MWT,rpc,k_pq,k_iq,39.8107170553497,0.0135935639087853,0.000971189765783918,1.35935639087853e-05,1745.21195949269,0.130343446425796,2.00007276065985,-0.0103714667010212,0
GFM-MWT,rpc,k_pq,k_iq,39.8107170553497,0.0184784979742229,0.000971189765783918,1.84784979742229e-05,1745.21194362471,0.130343296018198,2.00007288016886,-0.0103714541146795,0
GFM-MWT,rpc,k_pq,k_iq,39.8107170553497,0.0251188643150958,0.000971189765783918,2.51188643150958e-05,1745.21192205529,0.130343090826824,2.00007304260307,-0.0103714369470814,0
GFM-MWT,rpc,k_pq,k_iq,39.8107170553497,0.034145488738336,0.000971189765783918,3.4145488738336e-05,1745.21189273342,0.130342810575871,2.00007326336968,-0.0103714135051659,0
GFM-MWT,rpc,k_pq,k_iq,39.8107170553497,0.0464158883361278,0.000971189765783918,4.64158883361278e-05,1745.21185287541,0.130342427126327,2.00007356339566,-0.0103713814416439,0
GFM-MWT,rpc,k_pq,k_iq,39.8107170553497,0.0630957344480193,0.000971189765783918,6.30957344480193e-05,1745.21179869457,0.130341901298352,2.00007397109898,-0.0103713374919641,0
GFM-MWT,rpc,k_pq,k_iq,39.8107170553497,0.0857695898590894,0.000971189765783918,8.57695898590894e-05,1745.21172504317,0.130341178093416,2.00007452505317,-0.0103712770803663,0
GFM-MWT,rpc,k_pq,k_iq,39.8107170553497,0.116591440117983,0.000971189765783918,0.000116591440117983,1745.21162492469,0.130340179398785,2.00007527758155,-0.0103711937208121,0
GFM-MWT,rpc,k_pq,k_iq,39.8107170553497,0.158489319246111,0.000971189765783918,0.000158489319246111,1745.21148882682,0.130338793046927,2.0000762995997,-0.0103710781214416,0
GFM-MWT,rpc,k_pq,k_iq,39.8107170553497,0.215443469003188,0.000971189765783918,0.000215443469003188,1745.2113038222,0.130336855425082,2.00007768708996,-0.0103709167674268,0
GFM-MWT,rpc,k_pq,k_iq,39.8107170553497,0.292864456462524,0.000971189765783918,0.000292864456462524,1745.2110523338,0.130334123665237,2.00007956969229,-0.0103706896638848,0
GFM-MWT,rpc,k_pq,k_iq,39.8107170553497,0.398107170553497,0.000971189765783918,0.000398107170553497,1745.21071047161,0.130330230026721,2.00008212194908,-0.0103703666483152,0
GFM-MWT,rpc,k_pq,k_iq,39.8107170553497,0.541169526546464,0.000971189765783918,0.000541169526546464,1745.21024575726,0.130324605942914,2.00008557761685,-0.010369901273707,0
GFM-MWT,rpc,k_pq,k_iq,39.8107170553497,0.735642254459641,0.000971189765783918,0.000735642254459641,1745.20961404262,0.130316353530997,2.00009024705593,-0.0103692204960621,0
GFM-MWT,rpc,k_pq,k_iq,39.8107170553497,1,0.000971189765783918,0.001,1745.2087553114,0.130304027317953,2.00009653615392,-0.0103682072112663,0
GFM-MWT,rpc,k_pq,k_iq,39.8107170553497,1.35935639087853,0.000971189765783918,0.00135935639087853,1745.20758798081,0.130285264489384,2.00010496153179,-0.0103666707608256,0
GFM-MWT,rpc,k_pq,k_iq,39.8107170553497,1.84784979742229,0.000971189765783918,0.00184784979742229,1745.20600114756,0.130256172165999,2.00011614750363,-0.0103642982037597,0
GFM-MWT,rpc,k_pq,k_iq,39.8107170553497,2.51188643150958,0.000971189765783918,0.00251188643150958,1745.20384404433,0.130210363537048,2.00013076965712,-0.0103605779332367,0
GFM-MWT,rpc,k_pq,k_iq,39.8107170553497,3.4145488738336,0.000971189765783918,0.0034145488738336,1745.20091171539,0.130137620333794,2.00014936928521,-0.0103546942428577,0
GFM-MWT,rpc,k_pq,k_iq,39.8107170553497,4.64158883361278,0.000971189765783918,0.00464158883361278,1745.19692553176,0.130022591751121,2.00017190150723,-0.0103454261818723,0
GFM-MWT,rpc,k_pq,k_iq,39.8107170553497,6.30957344480193,0.000971189765783918,0.00630957344480193,1745.19150669724,0.129845218403009,2.00019686061006,-0.0103311858313598,0
GFM-MWT,rpc,k_pq,k_iq,39.8107170553497,8.57695898590894,0.000971189765783918,0.00857695898590894,1745.18414021379,0.129586836618293,2.00022010359038,-0.0103105099718621,0
GFM-MWT,rpc,k_pq,k_iq,39.8107170553497,11.6591440117983,0.000971189765783918,0.0116591440117983,1745.17412588383,0.129246058818706,2.00023448536365,-0.0102833251023472,0
GFM-MWT,rpc,k_pq,k_iq,39.8107170553497,15.8489319246111,0.000971189765783918,0.0158489319246111,1745.16051162869,0.1288575984777,2.00023248147006,-0.0102524311925359,0
GFM-MWT,rpc,k_pq,k_iq,39.8107170553497,21.5443469003188,0.000971189765783918,0.0215443469003188,1745.14200276666,0.128488186760556,2.0002117120355,-0.0102231485209404,0
GFM-MWT,rpc,k_pq,k_iq,39.8107170553497,29.2864456462524,0.000971189765783918,0.0292864456462524,1745.11683848924,0.128197998632192,2.00017763589399,-0.0102002358950295,0
GFM-MWT,rpc,k_pq,k_iq,39.8107170553497,39.8107170553497,0.000971189765783918,0.0398107170553497,1745.08262362057,0.128006698535077,2.00013940857749,-0.010185211080151,0
GFM-MWT,rpc,k_pq,k_iq,39.8107170553497,54.1169526546464,0.000971189765783918,0.0541169526546464,1745.03609927619,0.127898231430706,2.00010411867067,-0.0101767610230838,0
GFM-MWT,rpc,k_pq,k_iq,39.8107170553497,73.5642254459641,0.000971189765783918,0.0735642254459641,1744.97282995148,0.127844867646012,2.0000749164237,-0.0101726638576811,0
GFM-MWT,rpc,k_pq,k_iq,39.8107170553497,100,0.000971189765783918,0.1,1744.88677598426,0.127823070954925,2.00005216662079,-0.0101710453446013,0
GFM-MWT,rpc,k_pq,k_iq,54.1169526546464,0.01,0.00132019301487419,1e-05,1758.84887486123,0.129811900604716,2.00005621187632,-0.0103292614202707,0
GFM-MWT,rpc,k_pq,k_iq,54.1169526546464,0.0135935639087853,0.00132019301487419,1.35935639087853e-05,1758.84886410064,0.129811828330858,2.00005626630712,-0.010329255388905,0
GFM-MWT,rpc,k_pq,k_iq,54.1169526546464,0.0184784979742229,0.00132019301487419,1.84784979742229e-05,1758.84884947377,0.129811729932133,2.00005634029214,-0.0103292471780034,0
GFM-MWT,rpc,k_pq,k_iq,54.1169526546464,0.0251188643150958,0.00132019301487419,2.51188643150958e-05,1758.84882959001,0.129811595807313,2.00005644085276,-0.0103292359874109,0
GFM-MWT,rpc,k_pq,k_iq,54.1169526546464,0.034145488738336,0.00132019301487419,3.4145488738336e-05,1758.84880256164,0.129811412843102,2.00005657752943,-0.010329220724536,0
GFM-MWT,rpc,k_pq,k_iq,54.1169526546464,0.0464158883361278,0.00132019301487419,4.64158883361278e-05,1758.84876581947,0.129811162910303,2.00005676328208,-0.0103291998800526,0
GFM-MWT,rpc,k_pq,k_iq,54.1169526546464,0.0630957344480193,0.00132019301487419,6.30957344480193e-05,1758.84871587505,0.12981082092887,2.00005701571298,-0.0103291713676374,0
GFM-MWT,rpc,k_pq,k_iq,54.1169526546464,0.0857695898590894,0.00132019301487419,8.57695898590894e-05,1758.84864798202,0.129810351968055,2.0000573587207,-0.0103291322847107,0
GFM-MWT,rpc,k_pq,k_iq,54.1169526546464,0.116591440117983,0.00132019301487419,0.000116591440117983,1758.8485556904,0.12980970686219,2.00005782473297,-0.0103290785520917,0
GFM-MWT,rpc,k_pq,k_iq,54.1169526546464,0.158489319246111,0.00132019301487419,0.000158489319246111,1758.84843023425,0.129808815905214,2.00005845772457,-0.0103290043967406,0
GFM-MWT,rpc,k_pq,k_iq,54.1169526546464,0.215443469003188,0.00132019301487419,0.000215443469003188,1758.84825969426,0.129807578913728,2.00005931726446,-0.0103289015402668,0
GFM-MWT,rpc,k_pq,k_iq,54.1169526546464,0.292864456462524,0.00132019301487419,0.000292864456462524,1758.84802786943,0.129805849677585,2.00006048391725,-0.0103287579339122,0
GFM-MWT,rpc,k_pq,k_iq,54.1169526546464,0.398107170553497,0.00132019301487419,0.000398107170553497,1758.84771273671,0.129803411096323,2.00006206638428,-0.0103285557435206,0
GFM-MWT,rpc,k_pq,k_iq,54.1169526546464,0.541169526546464,0.00132019301487419,0.000541169526546464,1758.84728435607,0.129799934341995,2.0000642107778,-0.0103282680526458,0
GFM-MWT,rpc,k_pq,k_iq,54.1169526546464,0.735642254459641,0.00132019301487419,0.000735642254459641,1758.8467020331,0.129794910989944,2.00006711229554,-0.0103278534026357,0
GFM-MWT,rpc,k_pq,k_iq,54.1169526546464,1,0.00132019301487419,0.001,1758.84591044508,0.129787538432401,2.00007102907699,-0.010327246604743,0
GFM-MWT,rpc,k_pq,k_iq,54.1169526546464,1.35935639087853,0.00132019301487419,0.00135935639087853,1758.84483438603,0.129776525978269,2.0000762965121,-0.010326343239979,0
GFM-MWT,rpc,k_pq,k_iq,54.1169526546464,1.84784979742229,0.00132019301487419,0.00184784979742229,1758.84337162497,0.129759768867375,2.00008333660622,-0.0103249736764497,0
GFM-MWT,rpc,k_pq,k_iq,54.1169526546464,2.51188643150958,0.00132019301487419,0.00251188643150958,1758.84138318556,0.129733814823883,2.00009264821934,-0.0103228606814076,0
GFM-MWT,rpc,k_pq,k_iq,54.1169526546464,3.4145488738336,0.00132019301487419,0.0034145488738336,1758.83868014116,0.129693046610096,2.00010474501484,-0.010319554711445,0
GFM-MWT,rpc,k_pq,k_iq,54.1169526546464,4.64158883361278,0.00132019301487419,0.00464158883361278,1758.83500565254,0.129628611308762,2.00011997223998,-0.010314349683232,0
GFM-MWT,rpc,k_pq,k_iq,54.1169526546464,6.30957344480193,0.00132019301487419,0.00630957344480193,1758.8300105524,0.12952757943885,2.00013808694098,-0.0103062182550928,0
GFM-MWT,rpc,k_pq,k_iq,54.1169526546464,8.57695898590894,0.00132019301487419,0.00857695898590894,1758.82322013273,0.129374005744803,2.00015750158568,-0.0102939001284725,0
GFM-MWT,rpc,k_pq,k_iq,54.1169526546464,11.6591440117983,0.00132019301487419,0.0116591440117983,1758.81398898063,0.129155287842496,2.00017441094783,-0.0102764123751067,0
GFM-MWT,rpc,k_pq,k_iq,54.1169526546464,15.8489319246111,0.00132019301487419,0.0158489319246111,1758.80143953711,0.128875993124746,2.00018290829372,-0.0102541487002085,0
GFM-MWT,rpc,k_pq,k_iq,54.1169526546464,21.5443469003188,0.00132019301487419,0.0215443469003188,1758.78437848863,0.128570311395866,2.00017769562975,-0.0102298560298418,0
GFM-MWT,rpc,k_pq,k_iq,54.1169526546464,29.2864456462524,0.00132019301487419,0.0292864456462524,1758.76118296342,0.128292147424329,2.00015834606883,-0.0102078246170564,0
GFM-MWT,rpc,k_pq,k_iq,54.1169526546464,39.8107170553497,0.00132019301487419,0.0398107170553497,1758.72964554454,0.128082446435637,2.00013019295946,-0.010191284499317,0
GFM-MWT,rpc,k_pq,k_iq,54.1169526546464,54.1169526546464,0.00132019301487419,0.0541169526546464,1758.68676305648,0.127948937251181,2.00010031163072,-0.0101808146033439,0
GFM-MWT,rpc,k_pq,k_iq,54.1169526546464,73.5642254459641,0.00132019301487419,0.0735642254459641,1758.62844846845,0.127875495112964,2.00007354467676,-0.0101751076222328,0
GFM-MWT,rpc,k_pq,k_iq,54.1169526546464,100,0.00132019301487419,0.1,1758.54913744672,0.127840556632835,2.00005175398292,-0.0101724386569,0
GFM-MWT,rpc,k_pq,k_iq,73.5642254459641,0.01,0.00179461281196241,1e-05,1780.3947387118,0.129371029041749,2.00004181915752,-0.0102942586287105,0
GFM-MWT,rpc,k_pq,k_iq,73.5642254459641,0.0135935639087853,0.00179461281196241,1.35935639087853e-05,1780.39472986318,0.129370983647088,2.0000418518713,-0.0102942548486072,0
GFM-MWT,rpc,k_pq,k_iq,73.5642254459641,0.0184784979742229,0.00179461281196241,1.84784979742229e-05,1780.39471783487,0.129370921840081,2.00004189633816,-0.0102942497021992,0
GFM-MWT,rpc,k_pq,k_iq,73.5642254459641,0.0251188643150958,0.00179461281196241,2.51188643150958e-05,1780.39470148429,0.129370837674405,2.00004195677914,-0.0102942426946548,0
GFM-MWT,rpc,k_pq,k_iq,73.5642254459641,0.034145488738336,0.00179461281196241,3.4145488738336e-05,1780.39467925686,0.129370722952079,2.00004203892886,-0.0102942331442043,0
GFM-MWT,rpc,k_pq,k_iq,73.5642254459641,0.0464158883361278,0.00179461281196241,4.64158883361278e-05,1780.39464904285,0.12937056644432,2.00004215058092,-0.0102942201173415,0
GFM-MWT,rpc,k_pq,k_iq,73.5642254459641,0.0630957344480193,0.00179461281196241,6.30957344480193e-05,1780.39460797114,0.129370352656399,2.0000423023189,-0.0102942023267905,0
GFM-MWT,rpc,k_pq,k_iq,73.5642254459641,0.0857695898590894,0.00179461281196241,8.57695898590894e-05,1780.39455214045,0.1293700601244,2.00004250851809,-0.0102941779908355,0
GFM-MWT,rpc,k_pq,k_iq,73.5642254459641,0.116591440117983,0.00179461281196241,0.000116591440117983,1780.39447624568,0.129369658924451,2.0000427886891,-0.0102941446282342,0
GFM-MWT,rpc,k_pq,k_iq,73.5642254459641,0.158489319246111,0.00179461281196241,0.000158489319246111,1780.39437307894,0.129369107001863,2.00004316930464,-0.0102940987567533,0
GFM-MWT,rpc,k_pq,k_iq,73.5642254459641,0.215443469003188,0.00179461281196241,0.000215443469003188,1780.39423283751,0.129368344687539,2.00004368624913,-0.0102940354442751,0
GFM-MWT,rpc,k_pq,k_iq,73.5642254459641,0.292864456462524,0.00179461281196241,0.000292864456462524,1780.39404219981,0.129367286159833,2.00004438811011,-0.0102939476125467,0
GFM-MWT,rpc,k_pq,k_iq,73.5642254459641,0.398107170553497,0.00179461281196241,0.000398107170553497,1780.3937830542,0.129365806206896,2.00004534055924,-0.0102938249614219,0
GFM-MWT,rpc,k_pq,k_iq,73.5642254459641,0.541169526546464,0.00179461281196241,0.000541169526546464,1780.39343078266,0.129363718794479,2.00004663211648,-0.0102936522340206,0
GFM-MWT,rpc,k_pq,k_iq,73.5642254459641,0.735642254459641,0.00179461281196241,0.000735642254459641,1780.39295191959,0.12936074222476,2.00004838159657,-0.0102934064064051,0
GFM-MWT,rpc,k_pq,k_iq,73.5642254459641,1,0.00179461281196241,0.001,1780.39230097231,0.129356440856864,2.00005074737788,-0.0102930520031297,0
GFM-MWT,rpc,k_pq,k_iq,73.5642254459641,1.35935639087853,0.00179461281196241,0.00135935639087853,1780.39141609854,0.129350127370133,2.00005393816237,-0.0102925332659305,0
GFM-MWT,rpc,k_pq,k_iq,73.5642254459641,1.84784979742229,0.00179461281196241,0.00184784979742229,1780.39021323414,0.129340697713089,2.00005822350458,-0.0102917609681985,0
GFM-MWT,rpc,k_pq,k_iq,73.5642254459641,2.51188643150958,0.00179461281196241,0.00251188643150958,1780.38857810048,0.129326355480521,2.00006393902763,-0.0102905904600391,0
GFM-MWT,rpc,k_pq,k_iq,73.5642254459641,3.4145488738336,0.00179461281196241,0.0034145488738336,1780.38635535047,0.129304166425913,2.00007147339235,-0.0102887862936483,0
GFM-MWT,rpc,k_pq,k_iq,73.5642254459641,4.64158883361278,0.00179461281196241,0.00464158883361278,1780.38333379986,0.129269391747889,2.00008120754986,-0.0102859694953167,0
GFM-MWT,rpc,k_pq,k_iq,73.5642254459641,6.30957344480193,0.00179461281196241,0.00630957344480193,1780.37922636271,0.129214663779865,2.00009334721035,-0.0102815528515009,0
GFM-MWT,rpc,k_pq,k_iq,73.5642254459641,8.57695898590894,0.00179461281196241,0.00857695898590894,1780.37364275501,0.129129494640505,2.00010755646647,-0.0102747037101174,0
GFM-MWT,rpc,k_pq,k_iq,73.5642254459641,11.6591440117983,0.00179461281196241,0.0116591440117983,1780.36605239101,0.129001635190794,2.00012233780192,-0.0102644552859281,0
GFM-MWT,rpc,k_pq,k_iq,73.5642254459641,15.8489319246111,0.00179461281196241,0.0158489319246111,1780.3557339158,0.128822999970662,2.0001344207847,-0.0102501811434434,0
GFM-MWT,rpc,k_pq,k_iq,73.5642254459641,21.5443469003188,0.00179461281196241,0.0215443469003188,1780.34170657057,0.128600904805911,2.00013914425763,-0.0102324871776032,0
GFM-MWT,rpc,k_pq,k_iq,73.5642254459641,29.2864456462524,0.00179461281196241,0.0292864456462524,1780.32263682264,0.128365624966396,2.00013291027969,-0.0102138002710354,0
GFM-MWT,rpc,k_pq,k_iq,73.5642254459641,39.8107170553497,0.00179461281196241,0.0398107170553497,1780.29671130058,0.128158720428135,2.0001162736142,-0.010197423808332,0
GFM-MWT,rpc,k_pq,k_iq,73.5642254459641,54.1169526546464,0.00179461281196241,0.0541169526546464,1780.26146385312,0.128007518992513,2.00009385468214,-0.0101855083099241,0
GFM-MWT,rpc,k_pq,k_iq,73.5642254459641,73.5642254459641,0.00179461281196241,0.0735642254459641,1780.21353998171,0.127913740171815,2.00007094398946,-0.0101781637159013,0
GFM-MWT,rpc,k_pq,k_iq,73.5642254459641,100,0.00179461281196241,0.1,1780.14837582864,0.127863349095569,2.00005084297244,-0.0101742567287843,0
GFM-MWT,rpc,k_pq,k_iq,100,0.01,0.00243951839509359,1e-05,1812.96902221796,0.129015138113635,2.00002970675202,-0.0102660049750656,0
GFM-MWT,rpc,k_pq,k_iq,100,0.0135935639087853,0.00243951839509359,1.35935639087853e-05,1812.96901630835,0.129015110560057,2.00002972594573,-0.0102660026842911,0
GFM-MWT,rpc,k_pq,k_iq,100,0.0184784979742229,0.00243951839509359,1.84784979742229e-05,1812.96900827516,0.129015073039633,2.00002975203386,-0.0102659995651328,0
GFM-MWT,rpc,k_pq,k_iq,100,0.0251188643150958,0.00243951839509359,2.51188643150958e-05,1812.96899735479,0.129015021961271,2.00002978749389,-0.0102659953191545,0
GFM-MWT,rpc,k_pq,k_iq,100,0.034145488738336,0.00243951839509359,3.4145488738336e-05,1812.96898251092,0.129014952391724,2.000029835692,-0.0102659895365726,0
GFM-MWT,rpc,k_pq,k_iq,100,0.0464158883361278,0.00243951839509359,4.64158883361278e-05,1812.96896233213,0.129014857579504,2.00002990120112,-0.0102659816567438,0
GFM-MWT,rpc,k_pq,k_iq,100,0.0630957344480193,0.00243951839509359,6.30957344480193e-05,1812.96893490215,0.129014728216659,2.00002999023419,-0.0102659709072065,0
GFM-MWT,rpc,k_pq,k_iq,100,0.0857695898590894,0.00243951839509359,8.57695898590894e-05,1812.96889761492,0.12901455151215,2.00003011123018,-0.0102659562269471,0
GFM-MWT,rpc,k_pq,k_iq,100,0.116591440117983,0.00243951839509359,0.000116591440117983,1812.96884692806,0.12901430970543,2.00003027564791,-0.010265936144062,0
GFM-MWT,rpc,k_pq,k_iq,100,0.158489319246111,0.00243951839509359,0.000158489319246111,1812.9687780269,0.129013978074606,2.00003049903926,-0.0102659086117713,0
GFM-MWT,rpc,k_pq,k_iq,100,0.215443469003188,0.00243951839509359,0.000215443469003188,1812.96868436593,0.129013521844809,2.00003080250021,-0.0102658707549927,0
GFM-MWT,rpc,k_pq,k_iq,100,0.292864456462524,0.00243951839509359,0.000292864456462524,1812.96855704693,0.129012891635845,2.00003121461951,-0.0102658184981413,0
GFM-MWT,rpc,k_pq,k_iq,100,0.398107170553497,0.00243951839509359,0.000398107170553497,1812.96838397571,0.129012016490568,2.00003177409186,-0.0102657459970353,0
GFM-MWT,rpc,k_pq,k_iq,100,0.541169526546464,0.00243951839509359,0.000541169526546464,1812.96814870986,0.12901079279594,2.0000325331875,-0.0102656447396199,0
GFM-MWT,rpc,k_pq,k_iq,100,0.735642254459641,0.00243951839509359,0.000735642254459641,1812.96782890101,0.129009066655613,2.00003356230579,-0.0102655021201184,0
GFM-MWT,rpc,k_pq,k_iq,100,1,0.00243951839509359,0.001,1812.96739416766,0.129006604973274,2.00003495582081,-0.010265299108362,0
GFM-MWT,rpc,k_pq,k_iq,100,1.35935639087853,0.00243951839509359,0.00135935639087853,1812.96680321235,0.129003047356067,2.00003683929438,-0.0102650063861273,0
GFM-MWT,rpc,k_pq,k_iq,100,1.84784979742229,0.00243951839509359,0.00184784979742229,1812.96599989638,0.128997825478776,2.00003937767772,-0.010264577889559,0
GFM-MWT,rpc,k_pq,k_iq,100,2.51188643150958,0.00243951839509359,0.00251188643150958,1812.96490791013,0.128990027356071,2.00004278293008,-0.0102639399714848,0
GFM-MWT,rpc,k_pq,k_iq,100,3.4145488738336,0.00243951839509359,0.0034145488738336,1812.96342352429,0.128978172111596,2.00004731655183,-0.010262973469073,0
GFM-MWT,rpc,k_pq,k_iq,100,4.64158883361278,0.00243951839509359,0.00464158883361278,1812.96140573807,0.128959849531159,2.00005327584838,-0.0102614850975902,0
GFM-MWT,rpc,k_pq,k_iq,100,6.30957344480193,0.00243951839509359,0.00630957344480193,1812.95866288826,0.128931192285651,2.00006093897846,-0.0102591657438148,0
GFM-MWT,rpc,k_pq,k_iq,100,8.57695898590894,0.00243951839509359,0.00857695898590894,1812.95493445664,0.128886257635686,2.00007042021379,-0.0102555420202268,0
GFM-MWT,rpc,k_pq,k_iq,100,11.6591440117983,0.00243951839509359,0.0116591440117983,1812.94986633087,0.128816772763217,2.00008136469038,-0.0102499575739298,0
GFM-MWT,rpc,k_pq,k_iq,100,15.8489319246111,0.00243951839509359,0.0158489319246111,1812.94297720724,0.128713537245172,2.00009245894038,-0.0102416871765151,0
GFM-MWT,rpc,k_pq,k_iq,100,21.5443469003188,0.00243951839509359,0.0215443469003188,1812.93361292288,0.128571555168214,2.00010101922969,-0.0102303471189793,0
GFM-MWT,rpc,k_pq,k_iq,100,29.2864456462524,0.00243951839509359,0.0292864456462524,1812.9208844281,0.128398773966635,2.00010347540008,-0.0102165879328446,0
GFM-MWT,rpc,k_pq,k_iq,100,39.8107170553497,0.00243951839509359,0.0398107170553497,1812.90358354279,0.12822034605512,2.0000974279386,-0.0102024228897674,0
GFM-MWT,rpc,k_pq,k_iq,100,54.1169526546464,0.00243951839509359,0.0541169526546464,1812.88006857718,0.128067478426732,2.000083813166,-0.0101903299188555,0
GFM-MWT,rpc,k_pq,k_iq,100,73.5642254459641,0.00243951839509359,0.0735642254459641,1812.84810910918,0.127958341894414,2.0000663871133,-0.0101817355258506,0
GFM-MWT,rpc,k_pq,k_iq,100,100,0.00243951839509359,0.1,1812.80467547103,0.127891966131029,2.00004904297684,-0.0101765427462436,0
GFM-MWT+AD,rpc,k_pq,k_iq,0.01,0.01,2.43951839509359e-07,1e-05,1717.72983891339,0.0157690434173905,1.98437461093544,-0.00126474063245979,0
GFM-MWT+AD,rpc,k_pq,k_iq,0.01,0.0135935639087853,2.43951839509359e-07,1.35935639087853e-05,1717.72982683552,0.0158060237760323,1.98436717467658,-0.00126771135164886,0
GFM-MWT+AD,rpc,k_pq,k_iq,0.01,0.0184784979742229,2.43951839509359e-07,1.84784979742229e-05,1717.72981041618,0.0158564395071162,1.98435708150792,-0.00127176137303145,0
GFM-MWT+AD,rpc,k_pq,k_iq,0.01,0.0251188643150958,2.43951839509359e-07,2.51188643150958e-05,1717.72978809661,0.0159252416394935,1.98434338979987,-0.00127728843321421,0
GFM-MWT+AD,rpc,k_pq,k_iq,0.01,0.034145488738336,2.43951839509359e-07,3.4145488738336e-05,1717.7297577575,0.0160192644532213,1.98432483103578,-0.00128484156330266,0
GFM-MWT+AD,rpc,k_pq,k_iq,0.01,0.0464158883361278,2.43951839509359e-07,4.64158883361278e-05,1717.72971651573,0.0161479877498157,1.98429970232111,-0.00129518233195947,0
GFM-MWT+AD,rpc,k_pq,k_iq,0.01,0.0630957344480193,2.43951839509359e-07,6.30957344480193e-05,1717.72966045214,0.0163246455596172,1.98426572964095,-0.0013093739255855,0
GFM-MWT+AD,rpc,k_pq,k_iq,0.01,0.0857695898590894,2.43951839509359e-07,8.57695898590894e-05,1717.72958424216,0.0165678595029368,1.98421989952159,-0.00132891238951083,0
GFM-MWT+AD,rpc,k_pq,k_iq,0.01,0.116591440117983,2.43951839509359e-07,0.000116591440117983,1717.72948064626,0.0169040860321462,1.98415826543296,-0.00135592327697679,0
GFM-MWT+AD,rpc,k_pq,k_iq,0.01,0.158489319246111,2.43951839509359e-07,0.000158489319246111,1717.72933982185,0.0173713321327541,1.98407575412306,-0.00139346024822257,0
GFM-MWT+AD,rpc,k_pq,k_iq,0.01,0.215443469003188,2.43951839509359e-07,0.000215443469003188,1717.72914839187,0.0180248567164902,1.98396604393251,-0.00144596327881933,0
GFM-MWT+AD,rpc,k_pq,k_iq,0.01,0.292864456462524,2.43951839509359e-07,0.000292864456462524,1717.7288881694,0.0189459137719437,1.98382168817201,-0.00151996137709089,0
GFM-MWT+AD,rpc,k_pq,k_iq,0.01,0.398107170553497,2.43951839509359e-07,0.000398107170553497,1717.72853443288,0.0202549002983015,1.9836348758248,-0.00162512934545923,0
GFM-MWT+AD,rpc,k_pq,k_iq,0.01,0.541169526546464,2.43951839509359e-07,0.000541169526546464,1717.72805357905,0.0221299495998108,1.98339966676091,-0.00177578194396322,0
GFM-MWT+AD,rpc,k_pq,k_iq,0.01,0.735642254459641,2.43951839509359e-07,0.000735642254459641,1717.72739992479,0.0248291138458092,1.98311734718013,-0.0019926548276912,0
GFM-MWT+AD,rpc,k_pq,k_iq,0.01,1,2.43951839509359e-07,0.001,1717.7265113723,0.0287035789511142,1.98280763501579,-0.00230395741321217,0
GFM-MWT+AD,rpc,k_pq,k_iq,0.01,1.35935639087853,2.43951839509359e-07,0.00135935639087853,1717.72530350445,0.0341608179478595,1.98252836855027,-0.00274237820670452,0
GFM-MWT+AD,rpc,k_pq,k_iq,0.01,1.84784979742229,2.43951839509359e-07,0.00184784979742229,1717.72366156986,0.0414877545056642,1.98239936569018,-0.00333078424781169,0
GFM-MWT+AD,rpc,k_pq,k_iq,0.01,2.51188643150958,2.43951839509359e-07,0.00251188643150958,1717.72142957156,0.0504455031487878,1.98260242381652,-0.0040495185806541,0
GFM-MWT+AD,rpc,k_pq,k_iq,0.01,3.4145488738336,2.43951839509359e-07,0.0034145488738336,1717.71839544511,0.0598228446964932,1.98330249641533,-0.00480057467304588,0
GFM-MWT+AD,rpc,k_pq,k_iq,0.01,4.64158883361278,2.43951839509359e-07,0.00464158883361278,1717.71427090285,0.0676578164987571,1.98449398986839,-0.00542602672157404,0
GFM-MWT+AD,rpc,k_pq,k_iq,0.01,6.30957344480193,2.43951839509359e-07,0.00630957344480193,1717.70866402866,0.0724580931744654,1.98594152901639,-0.00580675166133231,0
GFM-MWT+AD,rpc,k_pq,k_iq,0.01,8.57695898590894,2.43951839509359e-07,0.00857695898590894,1717.7010420078,0.0741657622060965,1.98733752938631,-0.00593942361888487,0
GFM-MWT+AD,rpc,k_pq,k_iq,0.01,11.6591440117983,2.43951839509359e-07,0.0116591440117983,1717.69068044506,0.0737672285515951,1.98849099323742,-0.00590408227920301,0
GFM-MWT+AD,rpc,k_pq,k_iq,0.01,15.8489319246111,2.43951839509359e-07,0.0158489319246111,1717.67659442778,0.0723620416975357,1.98935990508143,-0.00578909005516673,0
GFM-MWT+AD,rpc,k_pq,k_iq,0.01,21.5443469003188,2.43951839509359e-07,0.0215443469003188,1717.65744473495,0.0706892236716614,1.98998397000257,-0.00565349256279464,0
GFM-MWT+AD,rpc,k_pq,k_iq,0.01,29.2864456462524,2.43951839509359e-07,0.0292864456462524,1717.63141019745,0.0691191242701026,1.9904234490247,-0.00552670452581319,0
GFM-MWT+AD,rpc,k_pq,k_iq,0.01,39.8107170553497,2.43951839509359e-07,0.0398107170553497,1717.59601391874,0.0677898532530304,1.99073166051738,-0.00541958115284267,0
GFM-MWT+AD,rpc,k_pq,k_iq,0.01,54.1169526546464,2.43951839509359e-07,0.0541169526546464,1717.54788655068,0.0667234753767755,1.99094855491477,-0.00533374900350861,0
GFM-MWT+AD,rpc,k_pq,k_iq,0.01,73.5642254459641,2.43951839509359e-07,0.0735642254459641,1717.48244358206,0.0658939517356499,1.99110217076208,-0.00526703391891402,0
GFM-MWT+AD,rpc,k_pq,k_iq,0.01,100,2.43951839509359e-07,0.1,1717.39344494177,0.0652606183501909,1.99121173511022,-0.00521612469290143,0
GFM-MWT+AD,rpc,k_pq,k_iq,0.0135935639087853,0.01,3.31617492103619e-07,1e-05,1717.7317213612,0.015783274058891,1.98437639561806,-0.00126588084675937,0
GFM-MWT+AD,rpc,k_pq,k_iq,0.0135935639087853,0.0135935639087853,3.31617492103619e-07,1.35935639087853e-05,1717.73170928332,0.015820236346437,1.98436896377748,-0.00126885011533523,0
GFM-MWT+AD,rpc,k_pq,k_iq,0.0135935639087853,0.0184784979742229,3.31617492103619e-07,1.84784979742229e-05,1717.73169286421,0.0158706271660704,1.98435887657927,-0.00127289813700007,0
GFM-MWT+AD,rpc,k_pq,k_iq,0.0135935639087853,0.0251188643150958,3.31617492103619e-07,2.51188643150958e-05,1717.73167054506,0.0159393953559314,1.98434519298286,-0.00127842247241446,0
GFM-MWT+AD,rpc,k_pq,k_iq,0.0135935639087853,0.034145488738336,3.31617492103619e-07,3.4145488738336e-05,1717.73164020537,0.0160333713240327,1.98432664516688,-0.00128597184182561,0
GFM-MWT+AD,rpc,k_pq,k_iq,0.0135935639087853,0.0464158883361278,3.31617492103619e-07,4.64158883361278e-05,1717.73159896248,0.0161620303202107,1.98430153129515,-0.00129630744826737,0
GFM-MWT+AD,rpc,k_pq,k_iq,0.0135935639087853,0.0630957344480193,3.31617492103619e-07,6.30957344480193e-05,1717.73154289943,0.0163385992372224,1.98426757864955,-0.00131049190485073,0
GFM-MWT+AD,rpc,k_pq,k_iq,0.0135935639087853,0.0857695898590894,3.31617492103619e-07,8.57695898590894e-05,1717.73146668967,0.0165816894925408,1.98422177549132,-0.0013300204372124,0
GFM-MWT+AD,rpc,k_pq,k_iq,0.0135935639087853,0.116591440117983,3.31617492103619e-07,0.000116591440117983,1717.73136309247,0.016917743069943,1.98416017755798,-0.0013570174358097,0
GFM-MWT+AD,rpc,k_pq,k_iq,0.0135935639087853,0.158489319246111,3.31617492103619e-07,0.000158489319246111,1717.73122226782,0.0173847452767435,1.98407771441525,-0.0013945348182086,0
GFM-MWT+AD,rpc,k_pq,k_iq,0.0135935639087853,0.215443469003188,3.31617492103619e-07,0.000215443469003188,1717.73103083661,0.0180379223363691,1.983968067779,-0.00144700993128017,0
GFM-MWT+AD,rpc,k_pq,k_iq,0.0135935639087853,0.292864456462524,3.31617492103619e-07,0.000292864456462524,1717.73077061269,0.0189584784588828,1.98382379453376,-0.00152096777873032,0
GFM-MWT+AD,rpc,k_pq,k_iq,0.0135935639087853,0.398107170553497,3.31617492103619e-07,0.000398107170553497,1717.73041687589,0.0202667359294895,1.98363708657735,-0.00162607714937196,0
GFM-MWT+AD,rpc,k_pq,k_iq,0.0135935639087853,0.541169526546464,3.31617492103619e-07,0.000541169526546464,1717.72993601893,0.0221407153319801,1.98340200350544,-0.00177664372682091,0
GFM-MWT+AD,rpc,k_pq,k_iq,0.0135935639087853,0.735642254459641,3.31617492103619e-07,0.000735642254459641,1717.72928236219,0.0248383102042389,1.98311982286486,-0.00199339038789259,0
GFM-MWT+AD,rpc,k_pq,k_iq,0.0135935639087853,1,3.31617492103619e-07,0.001,1717.72839380552,0.0287105125990554,1.98281023537469,-0.00230451093288382,0
GFM-MWT+AD,rpc,k_pq,k_iq,0.0135935639087853,1.35935639087853,3.31617492103619e-07,0.00135935639087853,1717.72718593264,0.0341646477101807,1.98253101922454,-0.00274268198486738,0
GFM-MWT+AD,rpc,k_pq,k_iq,0.0135935639087853,1.84784979742229,3.31617492103619e-07,0.00184784979742229,1717.72554399088,0.0414877640608706,1.98240189324206,-0.003330780768243,0
GFM-MWT+AD,rpc,k_pq,k_iq,0.0135935639087853,2.51188643150958,3.31617492103619e-07,0.00251188643150958,1717.72331198195,0.0504417074484741,1.98260455772183,-0.00404920952721528,0
GFM-MWT+AD,rpc,k_pq,k_iq,0.0135935639087853,3.4145488738336,3.31617492103619e-07,0.0034145488738336,1717.72027784108,0.0598165553698682,1.9833039846305,-0.00480006638639181,0
GFM-MWT+AD,rpc,k_pq,k_iq,0.0135935639087853,4.64158883361278,3.31617492103619e-07,0.00464158883361278,1717.716153282,0.0676512288357105,1.98449478390324,-0.00542549624844028,0
GFM-MWT+AD,rpc,k_pq,k_iq,0.0135935639087853,6.30957344480193,3.31617492103619e-07,0.00630957344480193,1717.71054638297,0.072452897782822,1.98594181646894,-0.00580633447914401,0
GFM-MWT+AD,rpc,k_pq,k_iq,0.0135935639087853,8.57695898590894,3.31617492103619e-07,0.00857695898590894,1717.7029243267,0.0741623871343902,1.98733756269003,-0.00593915324271371,0
GFM-MWT+AD,rpc,k_pq,k_iq,0.0135935639087853,11.6591440117983,3.31617492103619e-07,0.0116591440117983,1717.69256271773,0.0737652871621677,1.98849094343578,-0.00590392705016016,0
GFM-MWT+AD,rpc,k_pq,k_iq,0.0135935639087853,15.8489319246111,3.31617492103619e-07,0.0158489319246111,1717.67847663764,0.0723609971959256,1.98935984772968,-0.00578900666289632,0
GFM-MWT+AD,rpc,k_pq,k_iq,0.0135935639087853,21.5443469003188,3.31617492103619e-07,0.0215443469003188,1717.65932685888,0.0706886786520096,1.98998392672911,-0.00565344909823517,0
GFM-MWT+AD,rpc,k_pq,k_iq,0.0135935639087853,29.2864456462524,3.31617492103619e-07,0.0292864456462524,1717.63329220445,0.0691188427920836,1.99042342093562,-0.00552668209775599,0
GFM-MWT+AD,rpc,k_pq,k_iq,0.0135935639087853,39.8107170553497,3.31617492103619e-07,0.0398107170553497,1717.59789576615,0.0677897077787935,1.99073164356196,-0.00541956956914412,0
GFM-MWT+AD,rpc,k_pq,k_iq,0.0135935639087853,54.1169526546464,3.31617492103619e-07,0.0541169526546464,1717.54976818267,0.0667233997315304,1.99094854507618,-0.00533374298309895,0
GFM-MWT+AD,rpc,k_pq,k_iq,0.0135935639087853,73.5642254459641,3.31617492103619e-07,0.0735642254459641,1717.48432491825,0.0658939122287772,1.99110216520189,-0.00526703077584701,0
GFM-MWT+AD,rpc,k_pq,k_iq,0.0135935639087853,100,3.31617492103619e-07,0.1,1717.39532587537,0.0652605975000057,1.99121173200285,-0.00521612303458124,0
GFM-MWT+AD,rpc,k_pq,k_iq,0.0184784979742229,0.01,4.50786357218164e-07,1e-05,1717.73428042424,0.0158026052316391,1.98437882024436,-0.00126742973197215,0
GFM-MWT+AD,rpc,k_pq,k_iq,0.0184784979742229,0.0135935639087853,4.50786357218164e-07,1.35935639087853e-05,1717.73426834576,0.0158395426250792,1.9843713943624,-0.00127039700228131,0
GFM-MWT+AD,rpc,k_pq,k_iq,0.0184784979742229,0.0184784979742229,4.50786357218164e-07,1.84784979742229e-05,1717.73425192632,0.0158898998065769,1.98436131528683,-0.00127444232368334,0
GFM-MWT+AD,rpc,k_pq,k_iq,0.0184784979742229,0.0251188643150958,4.50786357218164e-07,2.51188643150958e-05,1717.73422960747,0.0159586216442064,1.98434764267683,-0.00127996293815804,0
GFM-MWT+AD,rpc,k_pq,k_iq,0.0184784979742229,0.034145488738336,4.50786357218164e-07,3.4145488738336e-05,1717.73419926751,0.0160525341864027,1.98432910976526,-0.00128750721581253,0
GFM-MWT+AD,rpc,k_pq,k_iq,0.0184784979742229,0.0464158883361278,4.50786357218164e-07,4.64158883361278e-05,1717.73415802497,0.016181105801459,1.98430401603863,-0.00129783580705737,0
GFM-MWT+AD,rpc,k_pq,k_iq,0.0184784979742229,0.0630957344480193,4.50786357218164e-07,6.30957344480193e-05,1717.73410196097,0.0163575538979407,1.98427009059156,-0.00131201056317647,0
GFM-MWT+AD,rpc,k_pq,k_iq,0.0184784979742229,0.0857695898590894,4.50786357218164e-07,8.57695898590894e-05,1717.73402575074,0.0166004764721548,1.98422432407799,-0.00133152563147189,0
GFM-MWT+AD,rpc,k_pq,k_iq,0.0184784979742229,0.116591440117983,4.50786357218164e-07,0.000116591440117983,1717.73392215327,0.0169362951315235,1.98416277523088,-0.00135850376500411,0
GFM-MWT+AD,rpc,k_pq,k_iq,0.0184784979742229,0.158489319246111,4.50786357218164e-07,0.000158489319246111,1717.73378132718,0.017402966057964,1.98408037750367,-0.00139599453990162,0
GFM-MWT+AD,rpc,k_pq,k_iq,0.0184784979742229,0.215443469003188,4.50786357218164e-07,0.000215443469003188,1717.73358989518,0.01805567095442,1.98397081715389,-0.00144843172288433,0
GFM-MWT+AD,rpc,k_pq,k_iq,0.0184784979742229,0.292864456462524,4.50786357218164e-07,0.000292864456462524,1717.73332966965,0.0189755470290234,1.98382665599073,-0.00152233492726243,0
GFM-MWT+AD,rpc,k_pq,k_iq,0.0184784979742229,0.398107170553497,4.50786357218164e-07,0.000398107170553497,1717.73297593029,0.0202828143824827,1.98364008979423,-0.00162736471745323,0
GFM-MWT+AD,rpc,k_pq,k_iq,0.0184784979742229,0.541169526546464,4.50786357218164e-07,0.000541169526546464,1717.73249507103,0.0221553408794679,1.98340517780022,-0.00177781447982825,0
GFM-MWT+AD,rpc,k_pq,k_iq,0.0184784979742229,0.735642254459641,4.50786357218164e-07,0.000735642254459641,1717.7318414101,0.0248508046725378,1.98312318586028,-0.00199438974124118,0
GFM-MWT+AD,rpc,k_pq,k_iq,0.0184784979742229,1,4.50786357218164e-07,0.001,1717.73095284788,0.0287199343270429,1.98281376777561,-0.00230526307725733,0
GFM-MWT+AD,rpc,k_pq,k_iq,0.0184784979742229,1.35935639087853,4.50786357218164e-07,0.00135935639087853,1717.7297449682,0.034169854088394,1.9825346200856,-0.00274309495900988,0
GFM-MWT+AD,rpc,k_pq,k_iq,0.0184784979742229,1.84784979742229,4.50786357218164e-07,0.00184784979742229,1717.72810301555,0.0414877820821471,1.98240532715742,-0.00333077644553224,0
GFM-MWT+AD,rpc,k_pq,k_iq,0.0184784979742229,2.51188643150958,4.50786357218164e-07,0.00251188643150958,1717.72587099371,0.0504365549251731,1.98260745727535,-0.0040487899937919,0
GFM-MWT+AD,rpc,k_pq,k_iq,0.0184784979742229,3.4145488738336,4.50786357218164e-07,0.0034145488738336,1717.72283683465,0.0598080134367405,1.98330600726413,-0.00479937604791173,0
GFM-MWT+AD,rpc,k_pq,k_iq,0.0184784979742229,4.64158883361278,4.50786357218164e-07,0.00464158883361278,1717.71871225048,0.0676422785825617,1.9844958634342,-0.00542477552586879,0
GFM-MWT+AD,rpc,k_pq,k_iq,0.0184784979742229,6.30957344480193,4.50786357218164e-07,0.00630957344480193,1717.71310531728,0.072445837513023,1.98594220748019,-0.00580576754910909,0
GFM-MWT+AD,rpc,k_pq,k_iq,0.0184784979742229,8.57695898590894,4.50786357218164e-07,0.00857695898590894,1717.70548321541,0.0741578003190104,1.98733760814827,-0.00593878579347455,0
GFM-MWT+AD,rpc,k_pq,k_iq,0.0184784979742229,11.6591440117983,4.50786357218164e-07,0.0116591440117983,1717.69512154274,0.0737626482234619,1.98849087582359,-0.00590371604641729,0
GFM-MWT+AD,rpc,k_pq,k_iq,0.0184784979742229,15.8489319246111,4.50786357218164e-07,0.0158489319246111,1717.68103537706,0.0723595772079011,1.98935976979946,-0.00578889329193505,0
GFM-MWT+AD,rpc,k_pq,k_iq,0.0184784979742229,21.5443469003188,4.50786357218164e-07,0.0215443469003188,1717.66188548175,0.0706879378020955,1.98998386792501,-0.00565339001643072,0
GFM-MWT+AD,rpc,k_pq,k_iq,0.0184784979742229,29.2864456462524,4.50786357218164e-07,0.0292864456462524,1717.63585066844,0.0691184601676816,1.9904233827566,-0.00552665161038404,0
GFM-MWT+AD,rpc,k_pq,k_iq,0.0184784979742229,39.8107170553497,4.50786357218164e-07,0.0398107170553497,1717.60045401458,0.067789510037468,1.99073162052157,-0.00541955382354727,0
GFM-MWT+AD,rpc,k_pq,k_iq,0.0184784979742229,54.1169526546464,4.50786357218164e-07,0.0541169526546464,1717.55232613611,0.0667232969851942,1.9909485317139,-0.00533373480578034,0
GFM-MWT+AD,rpc,k_pq,k_iq,0.0184784979742229,73.5642254459641,4.50786357218164e-07,0.0735642254459641,1717.48688247026,0.0658938585073089,1.99110215764009,-0.00526702650190542,0
GFM-MWT+AD,rpc,k_pq,k_iq,0.0184784979742229,100,4.50786357218164e-07,0.1,1717.39788287927,0.0652605692041873,1.99121172778308,-0.00521612078407955,0
GFM-MWT+AD,rpc,k_pq,k_iq,0.0251188643150958,0.01,6.12779315605361e-07,1e-05,1717.73775937247,0.0158288581655424,1.98438211355179,-0.00126953320794044,0
GFM-MWT+AD,rpc,k_pq,k_iq,0.0251188643150958,0.0135935639087853,6.12779315605361e-07,1.35935639087853e-05,1717.73774729342,0.0158657621559457,1.98437469580255,-0.00127249779690443,0
GFM-MWT+AD,rpc,k_pq,k_iq,0.0251188643150958,0.0184784979742229,6.12779315605361e-07,1.84784979742229e-05,1717.73773087399,0.0159160731775705,1.98436462771066,-0.00127653941292855,0
GFM-MWT+AD,rpc,k_pq,k_iq,0.0251188643150958,0.0251188643150958,6.12779315605361e-07,2.51188643150958e-05,1717.7377085553,0.0159847322560231,1.98435097002939,-0.00128205498935792,0
GFM-MWT+AD,rpc,k_pq,k_iq,0.0251188643150958,0.034145488738336,6.12779315605361e-07,3.4145488738336e-05,1717.73767821455,0.0160785586881061,1.98433245734598,-0.0012895923541821,0
GFM-MWT+AD,rpc,k_pq,k_iq,0.0251188643150958,0.0464158883361278,6.12779315605361e-07,4.64158883361278e-05,1717.73763697169,0.0162070116580766,1.98430739096884,-0.00129991142025257,0
GFM-MWT+AD,rpc,k_pq,k_iq,0.0251188643150958,0.0630957344480193,6.12779315605361e-07,6.30957344480193e-05,1717.73758090749,0.0163832957903993,1.98427350244289,-0.00131407301195273,0
GFM-MWT+AD,rpc,k_pq,k_iq,0.0251188643150958,0.0857695898590894,6.12779315605361e-07,8.57695898590894e-05,1717.73750469644,0.0166259905439934,1.98422778564605,-0.00133356978724206,0
GFM-MWT+AD,rpc,k_pq,k_iq,0.0251188643150958,0.116591440117983,6.12779315605361e-07,0.000116591440117983,1717.73740109889,0.0169614904978581,1.98416630346634,-0.00136052232708663,0
GFM-MWT+AD,rpc,k_pq,k_iq,0.0251188643150958,0.158489319246111,6.12779315605361e-07,0.000158489319246111,1717.73726027135,0.0174277115155074,1.98408399451819,-0.00139797696657626,0
GFM-MWT+AD,rpc,k_pq,k_iq,0.0251188643150958,0.215443469003188,6.12779315605361e-07,0.000215443469003188,1717.73706883742,0.0180797754717041,1.98397455132069,-0.00145036266111686,0
GFM-MWT+AD,rpc,k_pq,k_iq,0.0251188643150958,0.292864456462524,6.12779315605361e-07,0.000292864456462524,1717.7368086103,0.0189987284365494,1.98383054228797,-0.0015241916919627,0
GFM-MWT+AD,rpc,k_pq,k_iq,0.0251188643150958,0.398107170553497,6.12779315605361e-07,0.000398107170553497,1717.73645486715,0.0203046515267384,1.98364416851993,-0.00162911343737415,0
GFM-MWT+AD,rpc,k_pq,k_iq,0.0251188643150958,0.541169526546464,6.12779315605361e-07,0.000541169526546464,1717.73597400427,0.0221752060342317,1.98340948882638,-0.00177940464989182,0
GFM-MWT+AD,rpc,k_pq,k_iq,0.0251188643150958,0.735642254459641,6.12779315605361e-07,0.000735642254459641,1717.73532033779,0.0248677767458882,1.98312775312273,-0.00199574722533246,0
GFM-MWT+AD,rpc,k_pq,k_iq,0.0251188643150958,1,6.12779315605361e-07,0.001,1717.73443176768,0.0287327350791718,1.98281856511873,-0.00230628496987315,0
GFM-MWT+AD,rpc,k_pq,k_iq,0.0251188643150958,1.35935639087853,6.12779315605361e-07,0.00135935639087853,1717.73322387882,0.034176932343925,1.98253951060909,-0.00274365641645537,0
GFM-MWT+AD,rpc,k_pq,k_iq,0.0251188643150958,1.84784979742229,6.12779315605361e-07,0.00184784979742229,1717.73158191265,0.0414878154432752,1.98240999142954,-0.00333077128717684,0
GFM-MWT+AD,rpc,k_pq,k_iq,0.0251188643150958,2.51188643150958,6.12779315605361e-07,0.00251188643150958,1717.72934987169,0.050429565439712,1.98261139651308,-0.0040482208793913,0
GFM-MWT+AD,rpc,k_pq,k_iq,0.0251188643150958,3.4145488738336,6.12779315605361e-07,0.0034145488738336,1717.72631568863,0.0597964156438897,1.98330875601611,-0.00479843873833595,0
GFM-MWT+AD,rpc,k_pq,k_iq,0.0251188643150958,4.64158883361278,6.12779315605361e-07,0.00464158883361278,1717.72219106945,0.0676301208630501,1.9844973311259,-0.00542379651854401,0
GFM-MWT+AD,rpc,k_pq,k_iq,0.0251188643150958,6.30957344480193,6.12779315605361e-07,0.00630957344480193,1717.71658408966,0.072436243934459,1.98594273946021,-0.00580499719622823,0
GFM-MWT+AD,rpc,k_pq,k_iq,0.0251188643150958,8.57695898590894,6.12779315605361e-07,0.00857695898590894,1717.70896192579,0.0741515660045828,1.98733767023946,-0.00593828636239209,0
GFM-MWT+AD,rpc,k_pq,k_iq,0.0251188643150958,11.6591440117983,6.12779315605361e-07,0.0116591440117983,1717.69860016727,0.0737590611494405,1.98849078408173,-0.00590342923135038,0
GFM-MWT+AD,rpc,k_pq,k_iq,0.0251188643150958,15.8489319246111,6.12779315605361e-07,0.0158489319246111,1717.68451388487,0.072357646896487,1.98935966393311,-0.0057887391768507,0
GFM-MWT+AD,rpc,k_pq,k_iq,0.0251188643150958,21.5443469003188,6.12779315605361e-07,0.0215443469003188,1717.66536383142,0.0706869307496527,1.98998378803059,-0.00565330970520829,0
GFM-MWT+AD,rpc,k_pq,k_iq,0.0251188643150958,29.2864456462524,6.12779315605361e-07,0.0292864456462524,1717.63932880255,0.0691179400803813,1.99042333088469,-0.00552661016995181,0
GFM-MWT+AD,rpc,k_pq,k_iq,0.0251188643150958,39.8107170553497,6.12779315605361e-07,0.0398107170553497,1717.60393185503,0.0677892412932549,1.99073158921234,-0.00541953242417395,0
GFM-MWT+AD,rpc,k_pq,k_iq,0.0251188643150958,54.1169526546464,6.12779315605361e-07,0.0541169526546464,1717.5558035766,0.0667231573263852,1.99094851355349,-0.00533372369068563,0
GFM-MWT+AD,rpc,k_pq,k_iq,0.0251188643150958,73.5642254459641,6.12779315605361e-07,0.0735642254459641,1717.49035936621,0.0658937854417344,1.99110214735584,-0.00526702068899545,0
GFM-MWT+AD,rpc,k_pq,k_iq,0.0251188643150958,100,6.12779315605361e-07,0.1,1717.40135903039,0.0652605307296786,1.99121172204857,-0.00521611772400954,0
GFM-MWT+AD,rpc,k_pq,k_iq,0.034145488738336,0.01,8.32985478866317e-07,1e-05,1717.74248899846,0.0158644994227606,1.98438658553161,-0.00127238889707048,0
GFM-MWT+AD,rpc,k_pq,k_iq,0.034145488738336,0.0135935639087853,8.32985478866317e-07,1.35935639087853e-05,1717.74247691979,0.0159013577689626,1.98437917878455,-0.001275349822091,0
GFM-MWT+AD,rpc,k_pq,k_iq,0.034145488738336,0.0184784979742229,8.32985478866317e-07,1.84784979742229e-05,1717.7424605001,0.0159516067360721,1.98436912565167,-0.00127938645673919,0
GFM-MWT+AD,rpc,k_pq,k_iq,0.034145488738336,0.0251188643150958,8.32985478866317e-07,2.51188643150958e-05,1717.74243818071,0.0160201805907676,1.98435548822918,-0.00128489519174139,0
GFM-MWT+AD,rpc,k_pq,k_iq,0.034145488738336,0.034145488738336,8.32985478866317e-07,3.4145488738336e-05,1717.74240784003,0.0161138899500891,1.98433700296,-0.00129242315809515,0
GFM-MWT+AD,rpc,k_pq,k_iq,0.034145488738336,0.0464158883361278,8.32985478866317e-07,4.64158883361278e-05,1717.74236659655,0.016242182056682,1.98431197371058,-0.00130272930952392,0
GFM-MWT+AD,rpc,k_pq,k_iq,0.034145488738336,0.0630957344480193,8.32985478866317e-07,6.30957344480193e-05,1717.7423105316,0.0164182436294626,1.98427813528351,-0.00131687303223245,0
GFM-MWT+AD,rpc,k_pq,k_iq,0.034145488738336,0.0857695898590894,8.32985478866317e-07,8.57695898590894e-05,1717.74223432016,0.0166606290767146,1.9842324859343,-0.00133634497152866,0
GFM-MWT+AD,rpc,k_pq,k_iq,0.034145488738336,0.116591440117983,8.32985478866317e-07,0.000116591440117983,1717.74213072063,0.0169956963110784,1.98417109416726,-0.00136326276176137,0
GFM-MWT+AD,rpc,k_pq,k_iq,0.034145488738336,0.158489319246111,8.32985478866317e-07,0.000158489319246111,1717.74198989266,0.0174613069931089,1.98408890571136,-0.00140066838069805,0
GFM-MWT+AD,rpc,k_pq,k_iq,0.034145488738336,0.215443469003188,8.32985478866317e-07,0.000215443469003188,1717.7417984562,0.0181125013320731,1.9839796214595,-0.00145298421649964,0
GFM-MWT+AD,rpc,k_pq,k_iq,0.034145488738336,0.292864456462524,8.32985478866317e-07,0.000292864456462524,1717.74153822571,0.0190302014051875,1.98383581883488,-0.00152671257526897,0
GFM-MWT+AD,rpc,k_pq,k_iq,0.034145488738336,0.398107170553497,8.32985478866317e-07,0.000398107170553497,1717.74118447901,0.0203343006928696,1.98364970616793,-0.00163148773314213,0
GFM-MWT+AD,rpc,k_pq,k_iq,0.034145488738336,0.541169526546464,8.32985478866317e-07,0.000541169526546464,1717.7407036109,0.0222021793171141,1.98341534171071,-0.00178156380243131,0
GFM-MWT+AD,rpc,k_pq,k_iq,0.034145488738336,0.735642254459641,8.32985478866317e-07,0.000735642254459641,1717.74004993615,0.0248908248673472,1.98313395373219,-0.00199759068412478,0
GFM-MWT+AD,rpc,k_pq,k_iq,0.034145488738336,1,8.32985478866317e-07,0.001,1717.73916135705,0.0287501233785653,1.98282507815131,-0.00230767308570271,0
GFM-MWT+AD,rpc,k_pq,k_iq,0.034145488738336,1.35935639087853,8.32985478866317e-07,0.00135935639087853,1717.73795345354,0.0341865557103549,1.98254615060043,-0.00274441976379007,0
GFM-MWT+AD,rpc,k_pq,k_iq,0.034145488738336,1.84784979742229,8.32985478866317e-07,0.00184784979742229,1717.73631146998,0.0414878769874752,1.98241632515741,-0.00333076558652553,0
GFM-MWT+AD,rpc,k_pq,k_iq,0.034145488738336,2.51188643150958,8.32985478866317e-07,0.00251188643150958,1717.73407940365,0.0504200901917371,1.98261674716812,-0.00404744934562435,0
GFM-MWT+AD,rpc,k_pq,k_iq,0.034145488738336,3.4145488738336,8.32985478866317e-07,0.0034145488738336,1717.73104518711,0.0597806756531789,1.98331249120754,-0.0047971666576551,0
GFM-MWT+AD,rpc,k_pq,k_iq,0.034145488738336,4.64158883361278,8.32985478866317e-07,0.00464158883361278,1717.72692052106,0.0676136107263918,1.9844993267154,-0.00542246702588172,0
GFM-MWT+AD,rpc,k_pq,k_iq,0.034145488738336,6.30957344480193,8.32985478866317e-07,0.00630957344480193,1717.72131347892,0.0724232103506175,1.98594346351305,-0.0058039506118299,0
GFM-MWT+AD,rpc,k_pq,k_iq,0.034145488738336,8.57695898590894,8.32985478866317e-07,0.00857695898590894,1717.71369122889,0.0741430936534788,1.98733775526729,-0.00593760764024712,0
GFM-MWT+AD,rpc,k_pq,k_iq,0.034145488738336,11.6591440117983,8.32985478866317e-07,0.0116591440117983,1717.70332935418,0.0737541855508912,1.98849065969035,-0.00590303938755901,0
GFM-MWT+AD,rpc,k_pq,k_iq,0.034145488738336,15.8489319246111,8.32985478866317e-07,0.0158489319246111,1717.68924291363,0.0723550228731049,1.9893595201562,-0.00578852967573341,0
GFM-MWT+AD,rpc,k_pq,k_iq,0.034145488738336,21.5443469003188,8.32985478866317e-07,0.0215443469003188,1717.67009264423,0.0706855617278919,1.98998367947462,-0.00565320052720015,0
GFM-MWT+AD,rpc,k_pq,k_iq,0.034145488738336,29.2864456462524,8.32985478866317e-07,0.0292864456462524,1717.64405732311,0.0691172330256052,1.99042326038088,-0.00552655383194864,0
GFM-MWT+AD,rpc,k_pq,k_iq,0.034145488738336,39.8107170553497,8.32985478866317e-07,0.0398107170553497,1717.60865997711,0.0677888758484648,1.99073154664633,-0.00541950332477008,0
GFM-MWT+AD,rpc,k_pq,k_iq,0.034145488738336,54.1169526546464,8.32985478866317e-07,0.0541169526546464,1717.5605311549,0.0667229675375119,1.99094848888403,-0.00533370858583879,0
GFM-MWT+AD,rpc,k_pq,k_iq,0.034145488738336,73.5642254459641,8.32985478866317e-07,0.0735642254459641,1717.49508620265,0.0658936861117301,1.99110213337699,-0.00526701278654874,0
GFM-MWT+AD,rpc,k_pq,k_iq,0.034145488738336,100,8.32985478866317e-07,0.1,1717.40608485613,0.0652604783784781,1.99121171424523,-0.00521611356025831,0
GFM-MWT+AD,rpc,k_pq,k_iq,0.0464158883361278,0.01,1.13232413420594e-06,1e-05,1717.74891916528,0.0159128641769319,1.98439265571182,-0.00127626401085316,0
GFM-MWT+AD,rpc,k_pq,k_iq,0.0464158883361278,0.0135935639087853,1.13232413420594e-06,1.35935639087853e-05,1717.74890708625,0.0159496607793621,1.98438526390413,-0.00127921997954196,0
GFM-MWT+AD,rpc,k_pq,k_iq,0.0464158883361278,0.0184784979742229,1.13232413420594e-06,1.84784979742229e-05,1717.74889066656,0.0159998251413468,1.98437523100298,-0.00128324982261768,0
GFM-MWT+AD,rpc,k_pq,k_iq,0.0464158883361278,0.0251188643150958,1.13232413420594e-06,2.51188643150958e-05,1717.74886834708,0.0160682834420925,1.98436162104474,-0.00128874928136693,0
GFM-MWT+AD,rpc,k_pq,k_iq,0.0464158883361278,0.034145488738336,1.13232413420594e-06,3.4145488738336e-05,1717.74883800583,0.0161618341327262,1.98434317296548,-0.00129626450990515,0
GFM-MWT+AD,rpc,k_pq,k_iq,0.0464158883361278,0.0464158883361278,1.13232413420594e-06,4.64158883361278e-05,1717.74879676136,0.016289907871955,1.98431819403555,-0.00130655313004709,0
GFM-MWT+AD,rpc,k_pq,k_iq,0.0464158883361278,0.0630957344480193,1.13232413420594e-06,6.30957344480193e-05,1717.74874069604,0.0164656676640882,1.98428442353722,-0.00132067262312531,0
GFM-MWT+AD,rpc,k_pq,k_iq,0.0464158883361278,0.0857695898590894,1.13232413420594e-06,8.57695898590894e-05,1717.74866448232,0.0167076336437249,1.98423886564704,-0.00134011088083479,0
GFM-MWT+AD,rpc,k_pq,k_iq,0.0464158883361278,0.116591440117983,1.13232413420594e-06,0.000116591440117983,1717.74856088173,0.01704211412381,1.98417759648943,-0.00136698155152532,0
GFM-MWT+AD,rpc,k_pq,k_iq,0.0464158883361278,0.158489319246111,1.13232413420594e-06,0.000158489319246111,1717.74842005126,0.0175068969928505,1.98409557137843,-0.0014043206826032,0
GFM-MWT+AD,rpc,k_pq,k_iq,0.0464158883361278,0.215443469003188,1.13232413420594e-06,0.000215443469003188,1717.74822861207,0.0181569117388749,1.98398650262065,-0.0014565417584097,0
GFM-MWT+AD,rpc,k_pq,k_iq,0.0464158883361278,0.292864456462524,1.13232413420594e-06,0.000292864456462524,1717.74796837785,0.0190729129522047,1.98384297987187,-0.00153013361073598,0
GFM-MWT+AD,rpc,k_pq,k_iq,0.0464158883361278,0.398107170553497,1.13232413420594e-06,0.000398107170553497,1717.74761462601,0.0203745390655738,1.98365722127107,-0.00163470998820899,0
GFM-MWT+AD,rpc,k_pq,k_iq,0.0464158883361278,0.541169526546464,1.13232413420594e-06,0.000541169526546464,1717.74713374977,0.0222387893988143,1.98342328430586,-0.00178449434052392,0
GFM-MWT+AD,rpc,k_pq,k_iq,0.0464158883361278,0.735642254459641,1.13232413420594e-06,0.000735642254459641,1717.74648006584,0.0249221128944592,1.98314236802375,-0.00200009318024811,0
GFM-MWT+AD,rpc,k_pq,k_iq,0.0464158883361278,1,1.13232413420594e-06,0.001,1717.74559147281,0.0287737377240157,1.98283391650391,-0.0023095582228336,0
GFM-MWT+AD,rpc,k_pq,k_iq,0.0464158883361278,1.35935639087853,1.13232413420594e-06,0.00135935639087853,1717.74438355168,0.0341996398210401,1.98255516193505,-0.00274545763990936,0
GFM-MWT+AD,rpc,k_pq,k_iq,0.0464158883361278,1.84784979742229,1.13232413420594e-06,0.00184784979742229,1717.74274154232,0.041487990187914,1.98242492261295,-0.00333076022961055,0
GFM-MWT+AD,rpc,k_pq,k_iq,0.0464158883361278,2.51188643150958,1.13232413420594e-06,0.00251188643150958,1717.74050944238,0.0504072576678353,1.98262401293194,-0.00404640440883655,0
GFM-MWT+AD,rpc,k_pq,k_iq,0.0464158883361278,3.4145488738336,1.13232413420594e-06,0.0034145488738336,1717.73747517874,0.0597593266234775,1.98331756622187,-0.00479544124990981,0
GFM-MWT+AD,rpc,k_pq,k_iq,0.0464158883361278,4.64158883361278,1.13232413420594e-06,0.00464158883361278,1717.7333504512,0.0675911984482487,1.98450204032634,-0.0054206622499007,0
GFM-MWT+AD,rpc,k_pq,k_iq,0.0464158883361278,6.30957344480193,1.13232413420594e-06,0.00630957344480193,1717.72774332313,0.0724055066847284,1.98594444936233,-0.00580252901857698,0
GFM-MWT+AD,rpc,k_pq,k_iq,0.0464158883361278,8.57695898590894,1.13232413420594e-06,0.00857695898590894,1717.72012095673,0.0741315808398872,1.9873378720004,-0.00593668534242021,0
GFM-MWT+AD,rpc,k_pq,k_iq,0.0464158883361278,11.6591440117983,1.13232413420594e-06,0.0116591440117983,1717.70975892372,0.0737475583780323,1.98849049115152,-0.00590250948945677,0
GFM-MWT+AD,rpc,k_pq,k_iq,0.0464158883361278,15.8489319246111,1.13232413420594e-06,0.0158489319246111,1717.69567226857,0.0723514558982914,1.98935932496072,-0.00578824488892895,0
GFM-MWT+AD,rpc,k_pq,k_iq,0.0464158883361278,21.5443469003188,1.13232413420594e-06,0.0215443469003188,1717.67652170595,0.0706837005645793,1.98998353199649,-0.00565305210112518,0
GFM-MWT+AD,rpc,k_pq,k_iq,0.0464158883361278,29.2864456462524,1.13232413420594e-06,0.0292864456462524,1717.65048598758,0.0691162717958373,1.99042316458373,-0.00552647724117587,0
GFM-MWT+AD,rpc,k_pq,k_iq,0.0464158883361278,39.8107170553497,1.13232413420594e-06,0.0398107170553497,1717.61508809885,0.0677883791084847,1.99073148880647,-0.00541946377062299,0
GFM-MWT+AD,rpc,k_pq,k_iq,0.0464158883361278,54.1169526546464,1.13232413420594e-06,0.0541169526546464,1717.56695853834,0.06672270942097,1.99094845533808,-0.00533368804294064,0
GFM-MWT+AD,rpc,k_pq,k_iq,0.0464158883361278,73.5642254459641,1.13232413420594e-06,0.0735642254459641,1717.50151257919,0.0658935510519909,1.99110211437404,-0.00526700204152241,0
GFM-MWT+AD,rpc,k_pq,k_iq,0.0464158883361278,100,1.13232413420594e-06,0.1,1717.41250985871,0.0652604072769001,1.99121170364305,-0.0052161079052066,0
GFM-MWT+AD,rpc,k_pq,k_iq,0.0630957344480193,0.01,1.53923204837883e-06,1e-05,1717.75766174997,0.0159784534635867,1.98440089095333,-0.00128151916030267,0
GFM-MWT+AD,rpc,k_pq,k_iq,0.0630957344480193,0.0135935639087853,1.53923204837883e-06,1.35935639087853e-05,1717.75764967086,0.0160151662100761,1.98439351934581,-0.00128446839765649,0
GFM-MWT+AD,rpc,k_pq,k_iq,0.0630957344480193,0.0184784979742229,1.53923204837883e-06,1.84784979742229e-05,1717.75763325091,0.0160652159967909,1.98438351386389,-0.00128848904327743,0
GFM-MWT+AD,rpc,k_pq,k_iq,0.0630957344480193,0.0251188643150958,1.53923204837883e-06,2.51188643150958e-05,1717.75761093062,0.0161335176343068,1.98436994110897,-0.00129397592560553,0
GFM-MWT+AD,rpc,k_pq,k_iq,0.0630957344480193,0.034145488738336,1.53923204837883e-06,3.4145488738336e-05,1717.75758058938,0.0162268533949975,1.98435154343023,-0.00130147389960019,0
GFM-MWT+AD,rpc,k_pq,k_iq,0.0630957344480193,0.0464158883361278,1.53923204837883e-06,4.64158883361278e-05,1717.75753934361,0.0163546311032203,1.98432663264073,-0.00131173875325578,0
GFM-MWT+AD,rpc,k_pq,k_iq,0.0630957344480193,0.0630957344480193,1.53923204837883e-06,6.30957344480193e-05,1717.75748327707,0.0165299819233065,1.9842929541854,-0.00132582541026094,0
GFM-MWT+AD,rpc,k_pq,k_iq,0.0630957344480193,0.0857695898590894,1.53923204837883e-06,8.57695898590894e-05,1717.75740706259,0.0167713796189264,1.98424752016623,-0.00134521803683398,0
GFM-MWT+AD,rpc,k_pq,k_iq,0.0630957344480193,0.116591440117983,1.53923204837883e-06,0.000116591440117983,1717.75730345908,0.0171050648522588,1.98418641710005,-0.00137202484470683,0
GFM-MWT+AD,rpc,k_pq,k_iq,0.0630957344480193,0.158489319246111,1.53923204837883e-06,0.000158489319246111,1717.75716262568,0.0175687258339254,1.98410461324971,-0.0014092738684096,0
GFM-MWT+AD,rpc,k_pq,k_iq,0.0630957344480193,0.215443469003188,1.53923204837883e-06,0.000215443469003188,1717.75697118302,0.0182171423861346,1.98399583642254,-0.00146136655663338,0
GFM-MWT+AD,rpc,k_pq,k_iq,0.0630957344480193,0.292864456462524,1.53923204837883e-06,0.000292864456462524,1717.75671094333,0.0191308418286729,1.98385269284224,-0.00153477345747763,0
GFM-MWT+AD,rpc,k_pq,k_iq,0.0630957344480193,0.398107170553497,1.53923204837883e-06,0.000398107170553497,1717.75635718362,0.0204291172780027,1.98366741391658,-0.00163908052701293,0
GFM-MWT+AD,rpc,k_pq,k_iq,0.0630957344480193,0.541169526546464,1.53923204837883e-06,0.000541169526546464,1717.75587629763,0.0222884524300428,1.98343405617736,-0.00178846969668103,0
GFM-MWT+AD,rpc,k_pq,k_iq,0.0630957344480193,0.735642254459641,1.53923204837883e-06,0.000735642254459641,1717.75522260083,0.0249645667092921,1.98315377924813,-0.00200348871644943,0
GFM-MWT+AD,rpc,k_pq,k_iq,0.0630957344480193,1,1.53923204837883e-06,0.001,1717.75433398964,0.0288057956375075,1.98284590304344,-0.00231211739854083,0
GFM-MWT+AD,rpc,k_pq,k_iq,0.0630957344480193,1.35935639087853,1.53923204837883e-06,0.00135935639087853,1717.75312604344,0.0342174302989245,1.98256738443207,-0.00274686886779145,0
GFM-MWT+AD,rpc,k_pq,k_iq,0.0630957344480193,1.84784979742229,1.53923204837883e-06,0.00184784979742229,1717.75148399954,0.0414881987534048,1.98243658690111,-0.00333075737613231,0
GFM-MWT+AD,rpc,k_pq,k_iq,0.0630957344480193,2.51188643150958,1.53923204837883e-06,0.00251188643150958,1717.74925185338,0.0503899019699075,1.98263387547934,-0.00404499109469122,0
GFM-MWT+AD,rpc,k_pq,k_iq,0.0630957344480193,3.4145488738336,1.53923204837883e-06,0.0034145488738336,1717.7462175272,0.0597303922240398,1.98332446043275,-0.00479310277527195,0
GFM-MWT+AD,rpc,k_pq,k_iq,0.0630957344480193,4.64158883361278,1.53923204837883e-06,0.00464158883361278,1717.7420927139,0.067560788419661,1.98450573067899,-0.00541821343020752,0
GFM-MWT+AD,rpc,k_pq,k_iq,0.0630957344480193,6.30957344480193,1.53923204837883e-06,0.00630957344480193,1717.73648546944,0.0723814658071329,1.98594579248617,-0.00580059854061577,0
GFM-MWT+AD,rpc,k_pq,k_iq,0.0630957344480193,8.57695898590894,1.53923204837883e-06,0.00857695898590894,1717.72886294578,0.0741159382024705,1.98733803275761,-0.00593543219586393,0
GFM-MWT+AD,rpc,k_pq,k_iq,0.0630957344480193,11.6591440117983,1.53923204837883e-06,0.0116591440117983,1717.71850069909,0.0737385512137738,1.98849026312312,-0.00590178928783308,0
GFM-MWT+AD,rpc,k_pq,k_iq,0.0630957344480193,15.8489319246111,1.53923204837883e-06,0.0158489319246111,1717.70441375089,0.072346606915594,1.98935906007458,-0.00578785774533841,0
GFM-MWT+AD,rpc,k_pq,k_iq,0.0630957344480193,21.5443469003188,1.53923204837883e-06,0.0215443469003188,1717.68526279309,0.0706811702070742,1.98998333169947,-0.00565285030679787,0
GFM-MWT+AD,rpc,k_pq,k_iq,0.0630957344480193,29.2864456462524,1.53923204837883e-06,0.0292864456462524,1717.65922653165,0.0691149648361659,1.99042303441572,-0.00552637310240197,0
GFM-MWT+AD,rpc,k_pq,k_iq,0.0630957344480193,39.8107170553497,1.53923204837883e-06,0.0398107170553497,1717.62382790706,0.0677877037050427,1.99073141020466,-0.00541940998984019,0
GFM-MWT+AD,rpc,k_pq,k_iq,0.0630957344480193,54.1169526546464,1.53923204837883e-06,0.0541169526546464,1717.57569734297,0.0667223585282806,1.99094840974872,-0.00533366011616456,0
GFM-MWT+AD,rpc,k_pq,k_iq,0.0630957344480193,73.5642254459641,1.53923204837883e-06,0.0735642254459641,1717.51025001686,0.0658933675400666,1.99110208856411,-0.0052669874417299,0
GFM-MWT+AD,rpc,k_pq,k_iq,0.0630957344480193,100,1.53923204837883e-06,0.1,1717.42124542871,0.0652603105985975,1.99121168923386,-0.00521610021589662,0
GFM-MWT+AD,rpc,k_pq,k_iq,0.0857695898590894,0.01,2.09236492200881e-06,1e-05,1717.76954917621,0.0160673260961216,1.98441205552457,-0.00128863974602368,0
GFM-MWT+AD,rpc,k_pq,k_iq,0.0857695898590894,0.0135935639087853,2.09236492200881e-06,1.35935639087853e-05,1717.76953709725,0.0161039254392332,1.98440471127791,-0.00129157988009356,0
GFM-MWT+AD,rpc,k_pq,k_iq,0.0857695898590894,0.0184784979742229,2.09236492200881e-06,1.84784979742229e-05,1717.7695206769,0.016153820345501,1.984394742927,-0.00129558809265489,0
GFM-MWT+AD,rpc,k_pq,k_iq,0.0857695898590894,0.0251188643150958,2.09236492200881e-06,2.51188643150958e-05,1717.76949835583,0.0162219096064037,1.98438122045335,-0.0013010579260005,0
GFM-MWT+AD,rpc,k_pq,k_iq,0.0857695898590894,0.034145488738336,2.09236492200881e-06,3.4145488738336e-05,1717.76946801298,0.0163149543206703,1.98436289094715,-0.00130853253468383,0
GFM-MWT+AD,rpc,k_pq,k_iq,0.0857695898590894,0.0464158883361278,2.09236492200881e-06,4.64158883361278e-05,1717.76942676744,0.0164423312846221,1.98433807236122,-0.00131876521485382,0
GFM-MWT+AD,rpc,k_pq,k_iq,0.0857695898590894,0.0630957344480193,2.09236492200881e-06,6.30957344480193e-05,1717.76937069879,0.0166171283510598,1.9843045183947,-0.00133280741113947,0
GFM-MWT+AD,rpc,k_pq,k_iq,0.0857695898590894,0.0857695898590894,2.09236492200881e-06,8.57695898590894e-05,1717.76929448211,0.016857756623516,1.9842592519931,-0.00135213825549569,0
GFM-MWT+AD,rpc,k_pq,k_iq,0.0857695898590894,0.116591440117983,2.09236492200881e-06,0.000116591440117983,1717.7691908755,0.0171903652978527,1.98419837360056,-0.00137885860923084,0
GFM-MWT+AD,rpc,k_pq,k_iq,0.0857695898590894,0.158489319246111,2.09236492200881e-06,0.000158489319246111,1717.76905003876,0.0176525078430434,1.98411686912735,-0.00141598567522577,0
GFM-MWT+AD,rpc,k_pq,k_iq,0.0857695898590894,0.215443469003188,2.09236492200881e-06,0.000215443469003188,1717.76885858966,0.0182987612705092,1.98400848724735,-0.00146790459300273,0
GFM-MWT+AD,rpc,k_pq,k_iq,0.0857695898590894,0.292864456462524,2.09236492200881e-06,0.000292864456462524,1717.76859834283,0.0192093455364556,1.98386585667419,-0.00154106118369851,0
GFM-MWT+AD,rpc,k_pq,k_iq,0.0857695898590894,0.398107170553497,2.09236492200881e-06,0.000398107170553497,1717.76824457355,0.0205030871433836,1.9836812268297,-0.00164500384852573,0
GFM-MWT+AD,rpc,k_pq,k_iq,0.0857695898590894,0.541169526546464,2.09236492200881e-06,0.000541169526546464,1717.76776367488,0.0223557718304128,1.98344865306414,-0.00179385832005248,0
GFM-MWT+AD,rpc,k_pq,k_iq,0.0857695898590894,0.735642254459641,2.09236492200881e-06,0.000735642254459641,1717.76710995916,0.0250221323248699,1.98316924185327,-0.00200809287113205,0
GFM-MWT+AD,rpc,k_pq,k_iq,0.0857695898590894,1,2.09236492200881e-06,0.001,1717.7662213223,0.0288492960616953,1.98286214554681,-0.00231559000382404,0
GFM-MWT+AD,rpc,k_pq,k_iq,0.0857695898590894,1.35935639087853,2.09236492200881e-06,0.00135935639087853,1717.7650133419,0.034241622359396,1.98258394914971,-0.00274878795002657,0
GFM-MWT+AD,rpc,k_pq,k_iq,0.0857695898590894,1.84784979742229,2.09236492200881e-06,0.00184784979742229,1717.76337125279,0.0414885822000151,1.98245240100519,-0.00333076159012928,0
GFM-MWT+AD,rpc,k_pq,k_iq,0.0857695898590894,2.51188643150958,2.09236492200881e-06,0.00251188643150958,1717.76113904365,0.0503664716695374,1.98264725594592,-0.00404308299953427,0
GFM-MWT+AD,rpc,k_pq,k_iq,0.0857695898590894,3.4145488738336,2.09236492200881e-06,0.0034145488738336,1717.75810463169,0.0596912198955999,1.98333382369026,-0.00478993682662894,0
GFM-MWT+AD,rpc,k_pq,k_iq,0.0857695898590894,4.64158883361278,2.09236492200881e-06,0.00464158883361278,1717.75397970252,0.0675195547086758,1.98451075009692,-0.00541489298681933,0
GFM-MWT+AD,rpc,k_pq,k_iq,0.0857695898590894,6.30957344480193,2.09236492200881e-06,0.00630957344480193,1717.74837230135,0.0723488318059577,1.98594762375497,-0.00579797801698271,0
GFM-MWT+AD,rpc,k_pq,k_iq,0.0857695898590894,8.57695898590894,2.09236492200881e-06,0.00857695898590894,1717.74074956249,0.0740946879714901,1.98733825509488,-0.00593372980813748,0
GFM-MWT+AD,rpc,k_pq,k_iq,0.0857695898590894,11.6591440117983,2.09236492200881e-06,0.0116591440117983,1717.73038702476,0.0737263092104685,1.9884899550507,-0.0059008104267426,0
GFM-MWT+AD,rpc,k_pq,k_iq,0.0857695898590894,15.8489319246111,2.09236492200881e-06,0.0158489319246111,1717.71629967971,0.0723400147715217,1.98935870081054,-0.00578733142482105,0
GFM-MWT+AD,rpc,k_pq,k_iq,0.0857695898590894,21.5443469003188,2.09236492200881e-06,0.0215443469003188,1717.69714818127,0.0706777300297623,1.9899830597595,-0.00565257595381159,0
GFM-MWT+AD,rpc,k_pq,k_iq,0.0857695898590894,29.2864456462524,2.09236492200881e-06,0.0292864456462524,1717.67111118631,0.0691131879512578,1.99042285760741,-0.00552623151943053,0
GFM-MWT+AD,rpc,k_pq,k_iq,0.0857695898590894,39.8107170553497,2.09236492200881e-06,0.0398107170553497,1717.63571156193,0.0677867854654187,1.99073130340491,-0.00541933687240738,0
GFM-MWT+AD,rpc,k_pq,k_iq,0.0857695898590894,54.1169526546464,2.09236492200881e-06,0.0541169526546464,1717.58757963606,0.0667218814260533,1.99094834778835,-0.00533362214457599,0
GFM-MWT+AD,rpc,k_pq,k_iq,0.0857695898590894,73.5642254459641,2.09236492200881e-06,0.0735642254459641,1717.52213045285,0.0658931179347085,1.99110205346287,-0.00526696758368155,0
GFM-MWT+AD,rpc,k_pq,k_iq,0.0857695898590894,100,2.09236492200881e-06,0.1,1717.433123329,0.0652601791659256,1.99121166964838,-0.00521608976238783,0
GFM-MWT+AD,rpc,k_pq,k_iq,0.116591440117983,0.01,2.84426962878273e-06,1e-05,1717.7857142254,0.0161876093230188,1.98442717691188,-0.00129827685255197,0
GFM-MWT+AD,rpc,k_pq,k_iq,0.116591440117983,0.0135935639087853,2.84426962878273e-06,1.35935639087853e-05,1717.78570214548,0.0162240553156183,1.98441986960878,-0.00130120467652457,0
GFM-MWT+AD,rpc,k_pq,k_iq,0.116591440117983,0.0184784979742229,2.84426962878273e-06,1.84784979742229e-05,1717.78568572461,0.016273740647813,1.98440995137888,-0.00130519606534666,0
GFM-MWT+AD,rpc,k_pq,k_iq,0.116591440117983,0.0251188643150958,2.84426962878273e-06,2.51188643150958e-05,1717.78566340214,0.0163415431401972,1.98439649688117,-0.00131064287744872,0
GFM-MWT+AD,rpc,k_pq,k_iq,0.116591440117983,0.034145488738336,2.84426962878273e-06,3.4145488738336e-05,1717.7856330587,0.0164341943704955,1.98437825945067,-0.0013180858968028,0
GFM-MWT+AD,rpc,k_pq,k_iq,0.116591440117983,0.0464158883361278,2.84426962878273e-06,4.64158883361278e-05,1717.78559181109,0.016561029639044,1.98435356539584,-0.00132827508693229,0
GFM-MWT+AD,rpc,k_pq,k_iq,0.116591440117983,0.0630957344480193,2.84426962878273e-06,6.30957344480193e-05,1717.7855357404,0.0167350779543154,1.9843201795443,-0.00134225716574714,0
GFM-MWT+AD,rpc,k_pq,k_iq,0.116591440117983,0.0857695898590894,2.84426962878273e-06,8.57695898590894e-05,1717.78545952062,0.0169746658673375,1.98427513947887,-0.00136150447203413,0
GFM-MWT+AD,rpc,k_pq,k_iq,0.116591440117983,0.116591440117983,2.84426962878273e-06,0.000116591440117983,1717.78535591017,0.0173058194466535,1.98421456455107,-0.00138810797221082,0
GFM-MWT+AD,rpc,k_pq,k_iq,0.116591440117983,0.158489319246111,2.84426962878273e-06,0.000158489319246111,1717.78521506782,0.0177659097246943,1.98413346440579,-0.00142507020360295,0
GFM-MWT+AD,rpc,k_pq,k_iq,0.116591440117983,0.215443469003188,2.84426962878273e-06,0.000215443469003188,1717.78502361168,0.0184092399130211,1.98402561600257,-0.00147675428799767,0
GFM-MWT+AD,rpc,k_pq,k_iq,0.116591440117983,0.292864456462524,2.84426962878273e-06,0.000292864456462524,1717.78476335558,0.0193156153268874,1.98388367838704,-0.00154957268957181,0
GFM-MWT+AD,rpc,k_pq,k_iq,0.116591440117983,0.398107170553497,2.84426962878273e-06,0.000398107170553497,1717.78440957274,0.0206032317914906,1.98369992542889,-0.00165302305111355,0
GFM-MWT+AD,rpc,k_pq,k_iq,0.116591440117983,0.541169526546464,2.84426962878273e-06,0.000541169526546464,1717.78392865481,0.0224469335120243,1.98346841106856,-0.00180115529483898,0
GFM-MWT+AD,rpc,k_pq,k_iq,0.116591440117983,0.735642254459641,2.84426962878273e-06,0.000735642254459641,1717.78327491438,0.0251001196487486,1.98319017038479,-0.00201433027927583,0
GFM-MWT+AD,rpc,k_pq,k_iq,0.116591440117983,1,2.84426962878273e-06,0.001,1717.78238624415,0.0289082849930064,1.98288413031333,-0.00232029900157515,0
GFM-MWT+AD,rpc,k_pq,k_iq,0.116591440117983,1.35935639087853,2.84426962878273e-06,0.00135935639087853,1717.78117821711,0.0342745224811171,1.98260637460935,-0.00275139790593988,0
GFM-MWT+AD,rpc,k_pq,k_iq,0.116591440117983,1.84784979742229,2.84426962878273e-06,0.00184784979742229,1717.77953606531,0.0414892869774722,1.98247382090947,-0.00333078218215229,0
GFM-MWT+AD,rpc,k_pq,k_iq,0.116591440117983,2.51188643150958,2.84426962878273e-06,0.00251188643150958,1717.77730377143,0.050334919540538,1.98266539639256,-0.00404051327880046,0
GFM-MWT+AD,rpc,k_pq,k_iq,0.116591440117983,3.4145488738336,2.84426962878273e-06,0.0034145488738336,1717.77426924372,0.0596382646112366,1.9833465360407,-0.00478565684061482,0
GFM-MWT+AD,rpc,k_pq,k_iq,0.116591440117983,4.64158883361278,2.84426962878273e-06,0.00464158883361278,1717.77014415706,0.0674636953993399,1.98451757858194,-0.00541039473039353,0
GFM-MWT+AD,rpc,k_pq,k_iq,0.116591440117983,6.30957344480193,2.84426962878273e-06,0.00630957344480193,1717.76453654154,0.0723045556777808,1.98595012320904,-0.00579442258990536,0
GFM-MWT+AD,rpc,k_pq,k_iq,0.116591440117983,8.57695898590894,2.84426962878273e-06,0.00857695898590894,1717.75691351218,0.0740658270917505,1.98733856446167,-0.00593141769841762,0
GFM-MWT+AD,rpc,k_pq,k_iq,0.116591440117983,11.6591440117983,2.84426962878273e-06,0.0116591440117983,1717.74655057771,0.0737096723248536,1.98848953985251,-0.00589948014345622,0
GFM-MWT+AD,rpc,k_pq,k_iq,0.116591440117983,15.8489319246111,2.84426962878273e-06,0.0158489319246111,1717.73246269476,0.0723310531185986,1.98935821396907,-0.00578661591653036,0
GFM-MWT+AD,rpc,k_pq,k_iq,0.116591440117983,21.5443469003188,2.84426962878273e-06,0.0215443469003188,1717.71331046403,0.0706730524797259,1.98998269069053,-0.00565220291870309,0
GFM-MWT+AD,rpc,k_pq,k_iq,0.116591440117983,29.2864456462524,2.84426962878273e-06,0.0292864456462524,1717.68727247194,0.0691107718937646,1.99042261749425,-0.00552603900604415,0
GFM-MWT+AD,rpc,k_pq,k_iq,0.116591440117983,39.8107170553497,2.84426962878273e-06,0.0398107170553497,1717.65187148956,0.0677855369165075,1.99073115831689,-0.0054192374527954,0
GFM-MWT+AD,rpc,k_pq,k_iq,0.116591440117983,54.1169526546464,2.84426962878273e-06,0.0541169526546464,1717.60373771442,0.0667212327843631,1.99094826360787,-0.00533357052035551,0
GFM-MWT+AD,rpc,k_pq,k_iq,0.116591440117983,73.5642254459641,2.84426962878273e-06,0.0735642254459641,1717.53828600845,0.065892778637559,1.99110200577657,-0.00526694058987806,0
GFM-MWT+AD,rpc,k_pq,k_iq,0.116591440117983,100,2.84426962878273e-06,0.1,1717.4492754443,0.0652600004599657,1.99121164303055,-0.00521607554896204,0
GFM-MWT+AD,rpc,k_pq,k_iq,0.158489319246111,0.01,3.86637609726749e-06,1e-05,1717.80769900829,0.0163501519283569,1.98444763085674,-0.00131129953846187,0
GFM-MWT+AD,rpc,k_pq,k_iq,0.158489319246111,0.0135935639087853,3.86637609726749e-06,1.35935639087853e-05,1717.80768692764,0.0163863908499049,1.984440373316,-0.00131421073975498,0
GFM-MWT+AD,rpc,k_pq,k_iq,0.158489319246111,0.0184784979742229,3.86637609726749e-06,1.84784979742229e-05,1717.80767050585,0.0164357934109345,1.9844305226257,-0.00131817942856945,0
GFM-MWT+AD,rpc,k_pq,k_iq,0.158489319246111,0.0251188643150958,3.86637609726749e-06,2.51188643150958e-05,1717.80764818305,0.0165032088016884,1.98441715970824,-0.00132359516448875,0
GFM-MWT+AD,rpc,k_pq,k_iq,0.158489319246111,0.034145488738336,3.86637609726749e-06,3.4145488738336e-05,1717.80761783777,0.0165953288313361,1.98439904630013,-0.00133099553798564,0
GFM-MWT+AD,rpc,k_pq,k_iq,0.158489319246111,0.0464158883361278,3.86637609726749e-06,4.64158883361278e-05,1717.80757658799,0.016721433221319,1.98437452005179,-0.00134112604880255,0
GFM-MWT+AD,rpc,k_pq,k_iq,0.158489319246111,0.0630957344480193,3.86637609726749e-06,6.30957344480193e-05,1717.8075205146,0.0168944714216488,1.98434136074417,-0.00135502702427405,0
GFM-MWT+AD,rpc,k_pq,k_iq,0.158489319246111,0.0857695898590894,3.86637609726749e-06,8.57695898590894e-05,1717.80744429055,0.0171326560351501,1.98429662568324,-0.00137416164826747,0
GFM-MWT+AD,rpc,k_pq,k_iq,0.158489319246111,0.116591440117983,3.86637609726749e-06,0.000116591440117983,1717.80734067586,0.0174618468904748,1.98423645970202,-0.00140060752770775,0
GFM-MWT+AD,rpc,k_pq,k_iq,0.158489319246111,0.158489319246111,3.86637609726749e-06,0.000158489319246111,1717.80719982553,0.0179191690008564,1.98415590436053,-0.00143734742331719,0
GFM-MWT+AD,rpc,k_pq,k_iq,0.158489319246111,0.215443469003188,3.86637609726749e-06,0.000215443469003188,1717.80700835952,0.0185585572606699,1.9840487748651,-0.00148871483857692,0
GFM-MWT+AD,rpc,k_pq,k_iq,0.158489319246111,0.292864456462524,3.86637609726749e-06,0.000292864456462524,1717.80674808933,0.0194592577658164,1.9839077711731,-0.00156107725048848,0
GFM-MWT+AD,rpc,k_pq,k_iq,0.158489319246111,0.398107170553497,3.86637609726749e-06,0.000398107170553497,1717.80639428792,0.0207386178429421,1.9837252002388,-0.00166386401370572,0
GFM-MWT+AD,rpc,k_pq,k_iq,0.158489319246111,0.541169526546464,3.86637609726749e-06,0.000541169526546464,1717.80591334571,0.0225702125420547,1.98349511444433,-0.0018110228635036,0
GFM-MWT+AD,rpc,k_pq,k_iq,0.158489319246111,0.735642254459641,3.86637609726749e-06,0.000735642254459641,1717.80525957134,0.0252056456687975,1.98321845354526,-0.00202277005233453,0
GFM-MWT+AD,rpc,k_pq,k_iq,0.158489319246111,1,3.86637609726749e-06,0.001,1717.80437085526,0.0289882071665117,1.98291384194179,-0.00232667898955748,0
GFM-MWT+AD,rpc,k_pq,k_iq,0.158489319246111,1.35935639087853,3.86637609726749e-06,0.00135935639087853,1717.80316276562,0.0343192701330455,1.98263669009056,-0.00275494788548886,0
GFM-MWT+AD,rpc,k_pq,k_iq,0.158489319246111,1.84784979742229,3.86637609726749e-06,0.00184784979742229,1717.80152052854,0.041490579396777,1.98250279660285,-0.00333083725437996,0
GFM-MWT+AD,rpc,k_pq,k_iq,0.158489319246111,2.51188643150958,3.86637609726749e-06,0.00251188643150958,1717.79928811985,0.0502925749770831,1.98268996650916,-0.00403706419897944,0
GFM-MWT+AD,rpc,k_pq,k_iq,0.158489319246111,3.4145488738336,3.86637609726749e-06,0.0034145488738336,1717.79625343506,0.0595668195441326,1.98336378756308,-0.00477988230571509,0
GFM-MWT+AD,rpc,k_pq,k_iq,0.158489319246111,4.64158883361278,3.86637609726749e-06,0.00464158883361278,1717.79212813496,0.0673881168840254,1.98452687045244,-0.00540430842431376,0
GFM-MWT+AD,rpc,k_pq,k_iq,0.158489319246111,6.30957344480193,3.86637609726749e-06,0.00630957344480193,1717.78652022837,0.0722445257493856,1.98595353938908,-0.00578960204752719,0
GFM-MWT+AD,rpc,k_pq,k_iq,0.158489319246111,8.57695898590894,3.86637609726749e-06,0.00857695898590894,1717.77889680386,0.0740266416666795,1.98733899799889,-0.00592827842697903,0
GFM-MWT+AD,rpc,k_pq,k_iq,0.158489319246111,11.6591440117983,3.86637609726749e-06,0.0116591440117983,1717.76853333247,0.0736870645946821,1.98848898200255,-0.00589767241238655,0
GFM-MWT+AD,rpc,k_pq,k_iq,0.158489319246111,15.8489319246111,3.86637609726749e-06,0.0158489319246111,1717.75444471907,0.0723188698046877,1.9893575549995,-0.00578564317828342,0
GFM-MWT+AD,rpc,k_pq,k_iq,0.158489319246111,21.5443469003188,3.86637609726749e-06,0.0215443469003188,1717.73529149433,0.0706666921842967,1.98998219011691,-0.00565169568064621,0
GFM-MWT+AD,rpc,k_pq,k_iq,0.158489319246111,29.2864456462524,3.86637609726749e-06,0.0292864456462524,1717.70925214944,0.0691074864418864,1.99042229151995,-0.0055257772170424,0
GFM-MWT+AD,rpc,k_pq,k_iq,0.158489319246111,39.8107170553497,3.86637609726749e-06,0.0398107170553497,1717.67384932522,0.067783839042421,1.9907309612394,-0.00541910225362642,0
GFM-MWT+AD,rpc,k_pq,k_iq,0.158489319246111,54.1169526546464,3.86637609726749e-06,0.0541169526546464,1717.62571303983,0.0667203507924043,1.99094814923219,-0.00533350032396343,0
GFM-MWT+AD,rpc,k_pq,k_iq,0.158489319246111,73.5642254459641,3.86637609726749e-06,0.0735642254459641,1717.56025791329,0.0658923172384444,1.99110194096709,-0.00526690388178466,0
GFM-MWT+AD,rpc,k_pq,k_iq,0.158489319246111,100,3.86637609726749e-06,0.1,1717.47124267788,0.0652597574680583,1.99121160685412,-0.00521605622249222,0
GFM-MWT+AD,rpc,k_pq,k_iq,0.215443469003188,0.01,5.25578305736054e-06,1e-05,1717.837603988,0.0165693401767452,1.98447524923085,-0.0013288601435271,0
GFM-MWT+AD,rpc,k_pq,k_iq,0.215443469003188,0.0135935639087853,5.25578305736054e-06,1.35935639087853e-05,1717.83759190683,0.0166053005163044,1.98446805855993,-0.00133174898114666,0
GFM-MWT+AD,rpc,k_pq,k_iq,0.215443469003188,0.0184784979742229,5.25578305736054e-06,1.84784979742229e-05,1717.83757548346,0.016654322469532,1.98445829858715,-0.00133568711538452,0
GFM-MWT+AD,rpc,k_pq,k_iq,0.215443469003188,0.0251188643150958,5.25578305736054e-06,2.51188643150958e-05,1717.83755315857,0.0167212168048834,1.9844450586639,-0.00134106102072227,0
GFM-MWT+AD,rpc,k_pq,k_iq,0.215443469003188,0.034145488738336,5.25578305736054e-06,3.4145488738336e-05,1717.83752281176,0.0168126220721003,1.98442711188085,-0.00134840401066768,0
GFM-MWT+AD,rpc,k_pq,k_iq,0.215443469003188,0.0464158883361278,5.25578305736054e-06,4.64158883361278e-05,1717.83748155778,0.0169377426998145,1.98440281101829,-0.00135845553794687,0
GFM-MWT+AD,rpc,k_pq,k_iq,0.215443469003188,0.0630957344480193,5.25578305736054e-06,6.30957344480193e-05,1717.83742548118,0.0171094216129708,1.98436995601903,-0.00137224737305187,0
GFM-MWT+AD,rpc,k_pq,k_iq,0.215443469003188,0.0857695898590894,5.25578305736054e-06,8.57695898590894e-05,1717.83734925181,0.0173457179979581,1.9843256306568,-0.00139123037395942,0
GFM-MWT+AD,rpc,k_pq,k_iq,0.215443469003188,0.116591440117983,5.25578305736054e-06,0.000116591440117983,1717.83724562977,0.0176722682086015,1.98426601396591,-0.00141746418860853,0
GFM-MWT+AD,rpc,k_pq,k_iq,0.215443469003188,0.158489319246111,5.25578305736054e-06,0.000158489319246111,1717.83710476973,0.0181258672746993,1.98418619055201,-0.00145390505150456,0
GFM-MWT+AD,rpc,k_pq,k_iq,0.215443469003188,0.215443469003188,5.25578305736054e-06,0.000215443469003188,1717.8369132904,0.0187599547559298,1.9840800268715,-0.00150484663443456,0
GFM-MWT+AD,rpc,k_pq,k_iq,0.215443469003188,0.292864456462524,5.25578305736054e-06,0.000292864456462524,1717.83665300213,0.0196530262991422,1.98394027802093,-0.00157659604447896,0
GFM-MWT+AD,rpc,k_pq,k_iq,0.215443469003188,0.398107170553497,5.25578305736054e-06,0.000398107170553497,1717.83629917598,0.020921289772021,1.98375929570477,-0.00167849093375835,0
GFM-MWT+AD,rpc,k_pq,k_iq,0.215443469003188,0.541169526546464,5.25578305736054e-06,0.000541169526546464,1717.83581819991,0.0227366174724219,1.9835311308402,-0.00182434194342988,0
GFM-MWT+AD,rpc,k_pq,k_iq,0.215443469003188,0.735642254459641,5.25578305736054e-06,0.000735642254459641,1717.83516437959,0.0253482004287653,1.98325659643535,-0.00203417099800142,0
GFM-MWT+AD,rpc,k_pq,k_iq,0.215443469003188,1,5.25578305736054e-06,0.001,1717.83427560116,0.0290963617602601,1.98295391323997,-0.00233531255651269,0
GFM-MWT+AD,rpc,k_pq,k_iq,0.215443469003188,1.35935639087853,5.25578305736054e-06,0.00135935639087853,1717.83306742641,0.0343801387542859,1.98267759077608,-0.00275977708874027,0
GFM-MWT+AD,rpc,k_pq,k_iq,0.215443469003188,1.84784979742229,5.25578305736054e-06,0.00184784979742229,1717.83142507471,0.0414929440197537,1.98254192517109,-0.0033309613403941,0
GFM-MWT+AD,rpc,k_pq,k_iq,0.215443469003188,2.51188643150958,5.25578305736054e-06,0.00251188643150958,1717.82919250828,0.0502360100046265,1.98272320187859,-0.00403245611941099,0
GFM-MWT+AD,rpc,k_pq,k_iq,0.215443469003188,3.4145488738336,5.25578305736054e-06,0.0034145488738336,1717.82615761096,0.0594706905007221,1.9833871843638,-0.0047721124055716,0
GFM-MWT+AD,rpc,k_pq,k_iq,0.215443469003188,4.64158883361278,5.25578305736054e-06,0.00464158883361278,1717.82203202044,0.0672860308063131,1.98453951844044,-0.00539608730064221,0
GFM-MWT+AD,rpc,k_pq,k_iq,0.215443469003188,6.30957344480193,5.25578305736054e-06,0.00630957344480193,1717.81642372081,0.072163214824484,1.98595821717814,-0.00578307247041034,0
GFM-MWT+AD,rpc,k_pq,k_iq,0.215443469003188,8.57695898590894,5.25578305736054e-06,0.00857695898590894,1717.80879976075,0.0739734633131073,1.9873396113887,-0.00592401806395038,0
GFM-MWT+AD,rpc,k_pq,k_iq,0.215443469003188,11.6591440117983,5.25578305736054e-06,0.0116591440117983,1717.79843556104,0.0736563479795715,1.98848823588232,-0.00589521625203905,0
GFM-MWT+AD,rpc,k_pq,k_iq,0.215443469003188,15.8489319246111,5.25578305736054e-06,0.0158489319246111,1717.78434595702,0.0723023061284431,1.98935666444917,-0.00578432068723396,0
GFM-MWT+AD,rpc,k_pq,k_iq,0.215443469003188,21.5443469003188,5.25578305736054e-06,0.0215443469003188,1717.76519138422,0.0706580427074024,1.98998151172623,-0.00565100587166485,0
GFM-MWT+AD,rpc,k_pq,k_iq,0.215443469003188,29.2864456462524,5.25578305736054e-06,0.0292864456462524,1717.73915020452,0.0691030180562169,1.99042184918467,-0.0055254211674313,0
GFM-MWT+AD,rpc,k_pq,k_iq,0.215443469003188,39.8107170553497,5.25578305736054e-06,0.0398107170553497,1717.70374488266,0.067781529970317,1.99073069364293,-0.0054189183844759,0
GFM-MWT+AD,rpc,k_pq,k_iq,0.215443469003188,54.1169526546464,5.25578305736054e-06,0.0541169526546464,1717.65560519442,0.0667191512692791,1.99094799385669,-0.00533340485526319,0
GFM-MWT+AD,rpc,k_pq,k_iq,0.215443469003188,73.5642254459641,5.25578305736054e-06,0.0735642254459641,1717.59014542767,0.0658916898573496,1.99110185291203,-0.00526685396827428,0
GFM-MWT+AD,rpc,k_pq,k_iq,0.215443469003188,100,5.25578305736054e-06,0.1,1717.50112385847,0.0652594271026677,1.99121155769886,-0.0052160299466556,0
GFM-MWT+AD,rpc,k_pq,k_iq,0.292864456462524,0.01,7.14448228809412e-06,1e-05,1717.87829217517,0.0168640794080611,1.98451245308998,-0.00135247281494367,0
GFM-MWT+AD,rpc,k_pq,k_iq,0.292864456462524,0.0135935639087853,7.14448228809412e-06,1.35935639087853e-05,1717.8782800928,0.0168996659752065,1.98450535183787,-0.00135533164660337,0
GFM-MWT+AD,rpc,k_pq,k_iq,0.292864456462524,0.0184784979742229,7.14448228809412e-06,1.84784979742229e-05,1717.87826366874,0.0169481772953065,1.98449571320126,-0.00135922878708519,0
GFM-MWT+AD,rpc,k_pq,k_iq,0.292864456462524,0.0251188643150958,7.14448228809412e-06,2.51188643150958e-05,1717.87824134129,0.017014372836443,1.9844826378034,-0.00136454659158252,0
GFM-MWT+AD,rpc,k_pq,k_iq,0.292864456462524,0.034145488738336,7.14448228809412e-06,3.4145488738336e-05,1717.87821099132,0.017104819477238,1.98446491389501,-0.00137181261805722,0
GFM-MWT+AD,rpc,k_pq,k_iq,0.292864456462524,0.0464158883361278,7.14448228809412e-06,4.64158883361278e-05,1717.87816973486,0.0172286210258562,1.98444091451956,-0.00138175823792443,0
GFM-MWT+AD,rpc,k_pq,k_iq,0.292864456462524,0.0630957344480193,7.14448228809412e-06,6.30957344480193e-05,1717.87811365207,0.0173984773578015,1.98440846656648,-0.00139540373090262,0
GFM-MWT+AD,rpc,k_pq,k_iq,0.292864456462524,0.0857695898590894,7.14448228809412e-06,8.57695898590894e-05,1717.87803741554,0.0176322423562167,1.98436468923562,-0.00141418346026238,0
GFM-MWT+AD,rpc,k_pq,k_iq,0.292864456462524,0.116591440117983,7.14448228809412e-06,0.000116591440117983,1717.87793378286,0.0179552535593461,1.9843058073503,-0.00144013306037519,0
GFM-MWT+AD,rpc,k_pq,k_iq,0.292864456462524,0.158489319246111,7.14448228809412e-06,0.000158489319246111,1717.87779290982,0.018403863674286,1.98422696303928,-0.00147617320949946,0
GFM-MWT+AD,rpc,k_pq,k_iq,0.292864456462524,0.215443469003188,7.14448228809412e-06,0.000215443469003188,1717.87760141218,0.0190308503385768,1.98412209151069,-0.00152654435251624,0
GFM-MWT+AD,rpc,k_pq,k_iq,0.292864456462524,0.292864456462524,7.14448228809412e-06,0.000292864456462524,1717.87734109917,0.0199137059697398,1.98398402179048,-0.00159747289371705,0
GFM-MWT+AD,rpc,k_pq,k_iq,0.292864456462524,0.398107170553497,7.14448228809412e-06,0.000398107170553497,1717.87698723968,0.0211671157257822,1.98380516594413,-0.00169817394321186,0
GFM-MWT+AD,rpc,k_pq,k_iq,0.292864456462524,0.541169526546464,7.14448228809412e-06,0.000541169526546464,1717.87650621754,0.0229606760589753,1.98357957413039,-0.0018422749144314,0
GFM-MWT+AD,rpc,k_pq,k_iq,0.292864456462524,0.735642254459641,7.14448228809412e-06,0.000735642254459641,1717.87585233549,0.0255403514657715,1.98330789231618,-0.00204953787677488,0
GFM-MWT+AD,rpc,k_pq,k_iq,0.292864456462524,1,7.14448228809412e-06,0.001,1717.8749634727,0.0292424849233029,1.98300780593171,-0.00234697674504558,0
GFM-MWT+AD,rpc,k_pq,k_iq,0.292864456462524,1.35935639087853,7.14448228809412e-06,0.00135935639087853,1717.87375518351,0.0344629429209888,1.98273262573128,-0.00276634714175887,0
GFM-MWT+AD,rpc,k_pq,k_iq,0.292864456462524,1.84784979742229,7.14448228809412e-06,0.00184784979742229,1717.87211267502,0.0414972540108863,1.98259463968938,-0.00333121875907767,0
GFM-MWT+AD,rpc,k_pq,k_iq,0.292864456462524,2.51188643150958,7.14448228809412e-06,0.00251188643150958,1717.86987989646,0.0501609307191209,1.98276807855148,-0.0040263384555197,0
GFM-MWT+AD,rpc,k_pq,k_iq,0.292864456462524,3.4145488738336,7.14448228809412e-06,0.0034145488738336,1717.86684470979,0.0593418273509658,1.98341888775677,-0.00476169615055836,0
GFM-MWT+AD,rpc,k_pq,k_iq,0.292864456462524,4.64158883361278,7.14448228809412e-06,0.00464158883361278,1717.86271872737,0.0671484580803612,1.98455674161413,-0.00538500807090169,0
GFM-MWT+AD,rpc,k_pq,k_iq,0.292864456462524,6.30957344480193,7.14448228809412e-06,0.00630957344480193,1717.85710989413,0.0720532217563061,1.985964637893,-0.00577423938570234,0
GFM-MWT+AD,rpc,k_pq,k_iq,0.292864456462524,8.57695898590894,7.14448228809412e-06,0.00857695898590894,1717.84948520855,0.0739013379592526,1.98734048931104,-0.00591823963613764,0
GFM-MWT+AD,rpc,k_pq,k_iq,0.292864456462524,11.6591440117983,7.14448228809412e-06,0.0116591440117983,1717.83912002213,0.0736146210846331,1.98848724399761,-0.00589187962092085,0
GFM-MWT+AD,rpc,k_pq,k_iq,0.292864456462524,15.8489319246111,7.14448228809412e-06,0.0158489319246111,1717.82502907534,0.0722797862104021,1.98935546348551,-0.0057825226023815,0
GFM-MWT+AD,rpc,k_pq,k_iq,0.292864456462524,21.5443469003188,7.14448228809412e-06,0.0215443469003188,1717.80587267579,0.0706462785198296,1.98998059336489,-0.00565006764671943,0
GFM-MWT+AD,rpc,k_pq,k_iq,0.292864456462524,29.2864456462524,7.14448228809412e-06,0.0292864456462524,1717.77982901117,0.0690969399704067,1.99042124936214,-0.00552493684837858,0
GFM-MWT+AD,rpc,k_pq,k_iq,0.292864456462524,39.8107170553497,7.14448228809412e-06,0.0398107170553497,1717.74442030418,0.0677783891597674,1.99073033044643,-0.00541866828257841,0
GFM-MWT+AD,rpc,k_pq,k_iq,0.292864456462524,54.1169526546464,7.14448228809412e-06,0.0541169526546464,1717.69627600531,0.066717519875277,1.99094778287008,-0.0053332750135372,0
GFM-MWT+AD,rpc,k_pq,k_iq,0.292864456462524,73.5642254459641,7.14448228809412e-06,0.0735642254459641,1717.63080995118,0.0658908366961466,1.99110173330483,-0.00526678609166386,0
GFM-MWT+AD,rpc,k_pq,k_iq,0.292864456462524,100,7.14448228809412e-06,0.1,1717.54177980086,0.0652589778814596,1.99121149091146,-0.00521599421740092,0
GFM-MWT+AD,rpc,k_pq,k_iq,0.398107170553497,0.01,9.71189765783917e-06,1e-05,1717.93366974991,0.0172589049978872,1.9845624091303,-0.00138410230840514,0
GFM-MWT+AD,rpc,k_pq,k_iq,0.398107170553497,0.0135935639087853,9.71189765783917e-06,1.35935639087853e-05,1717.93365766612,0.0172939926241218,1.98455542681306,-0.00138692108445134,0
GFM-MWT+AD,rpc,k_pq,k_iq,0.398107170553497,0.0184784979742229,9.71189765783917e-06,1.84784979742229e-05,1717.93364123869,0.0173418223429391,1.9845459495735,-0.00139076350407943,0
GFM-MWT+AD,rpc,k_pq,k_iq,0.398107170553497,0.0251188643150958,9.71189765783917e-06,2.51188643150958e-05,1717.93361890912,0.0174070850814365,1.98453309300913,-0.00139600641870978,0
GFM-MWT+AD,rpc,k_pq,k_iq,0.398107170553497,0.034145488738336,9.71189765783917e-06,3.4145488738336e-05,1717.93358855495,0.0174962521452566,1.98451566550435,-0.00140316971118343,0
GFM-MWT+AD,rpc,k_pq,k_iq,0.398107170553497,0.0464158883361278,9.71189765783917e-06,4.64158883361278e-05,1717.9335472925,0.0176182931788832,1.98449206711405,-0.00141297397737288,0
GFM-MWT+AD,rpc,k_pq,k_iq,0.398107170553497,0.0630957344480193,9.71189765783917e-06,6.30957344480193e-05,1717.93349120288,0.0177857174854403,1.98446016056752,-0.00142642418865966,0
GFM-MWT+AD,rpc,k_pq,k_iq,0.398107170553497,0.0857695898590894,9.71189765783917e-06,8.57695898590894e-05,1717.93341495648,0.0180161055889474,1.98441711216627,-0.00144493274568766,0
GFM-MWT+AD,rpc,k_pq,k_iq,0.398107170553497,0.116591440117983,9.71189765783917e-06,0.000116591440117983,1717.93331131104,0.0183343965821987,1.98435920768964,-0.00147050326293339,0
GFM-MWT+AD,rpc,k_pq,k_iq,0.398107170553497,0.158489319246111,9.71189765783917e-06,0.000158489319246111,1717.93317041958,0.0187763554106697,1.98428166585663,-0.00150600917167806,0
GFM-MWT+AD,rpc,k_pq,k_iq,0.398107170553497,0.215443469003188,9.71189765783917e-06,0.000215443469003188,1717.93297889768,0.0193938788493075,1.98417851342549,-0.00155562008607205,0
GFM-MWT+AD,rpc,k_pq,k_iq,0.398107170553497,0.292864456462524,9.71189765783917e-06,0.000292864456462524,1717.93271855068,0.0202631264782922,1.98404267824897,-0.00162545519635543,0
GFM-MWT+AD,rpc,k_pq,k_iq,0.398107170553497,0.398107170553497,9.71189765783917e-06,0.000398107170553497,1717.93236464637,0.0214967606496772,1.98386665353427,-0.00172456683217112,0
GFM-MWT+AD,rpc,k_pq,k_iq,0.398107170553497,0.541169526546464,9.71189765783917e-06,0.000541169526546464,1717.93188356204,0.0232613540923041,1.98364449046568,-0.0018663389820452,0
GFM-MWT+AD,rpc,k_pq,k_iq,0.398107170553497,0.735642254459641,9.71189765783917e-06,0.000735642254459641,1717.93122959542,0.0257985796816245,1.98337661726034,-0.00207018810593089,0
GFM-MWT+AD,rpc,k_pq,k_iq,0.398107170553497,1,9.71189765783917e-06,0.001,1717.9303406183,0.0294394687991026,1.98308001578843,-0.00236270037828704,0
GFM-MWT+AD,rpc,k_pq,k_iq,0.398107170553497,1.35935639087853,9.71189765783917e-06,0.00135935639087853,1717.92913217394,0.0345755878897787,1.98280641393966,-0.00277528582320651,0
GFM-MWT+AD,rpc,k_pq,k_iq,0.398107170553497,1.84784979742229,9.71189765783917e-06,0.00184784979742229,1717.92748945413,0.0415050729468553,1.98266543140453,-0.00333172745888352,0
GFM-MWT+AD,rpc,k_pq,k_iq,0.398107170553497,2.51188643150958,9.71189765783917e-06,0.00251188643150958,1717.92525638887,0.0500621466282255,1.98282852766334,-0.00401828683671123,0
GFM-MWT+AD,rpc,k_pq,k_iq,0.398107170553497,3.4145488738336,9.71189765783917e-06,0.0034145488738336,1717.92222081133,0.0591699538942014,1.98346179454704,-0.00474780231748069,0
GFM-MWT+AD,rpc,k_pq,k_iq,0.398107170553497,4.64158883361278,9.71189765783917e-06,0.00464158883361278,1717.91809429813,0.0669636474472433,1.98458020598294,-0.00537012401532034,0
GFM-MWT+AD,rpc,k_pq,k_iq,0.398107170553497,6.30957344480193,9.71189765783917e-06,0.00630957344480193,1717.9124847421,0.071904695602913,1.98597347849512,-0.00576231146319041,0
GFM-MWT+AD,rpc,k_pq,k_iq,0.398107170553497,8.57695898590894,9.71189765783917e-06,0.00857695898590894,1717.90485907472,0.0738035992743353,1.98734176369675,-0.00591040891431646,0
GFM-MWT+AD,rpc,k_pq,k_iq,0.398107170553497,11.6591440117983,9.71189765783917e-06,0.0116591440117983,1717.89449255235,0.0735579524462029,1.98848593689058,-0.00588734807084263,0
GFM-MWT+AD,rpc,k_pq,k_iq,0.398107170553497,15.8489319246111,9.71189765783917e-06,0.0158489319246111,1717.88039978973,0.0722491671224996,1.98935384875642,-0.00578007778946664,0
GFM-MWT+AD,rpc,k_pq,k_iq,0.398107170553497,21.5443469003188,9.71189765783917e-06,0.0215443469003188,1717.86124091938,0.0706302749660821,1.98997935203935,-0.00564879129709427,0
GFM-MWT+AD,rpc,k_pq,k_iq,0.398107170553497,29.2864456462524,9.71189765783917e-06,0.0292864456462524,1717.83519389093,0.0690886703373226,1.99042043669596,-0.00552427789064741,0
GFM-MWT+AD,rpc,k_pq,k_iq,0.398107170553497,39.8107170553497,9.71189765783917e-06,0.0398107170553497,1717.79978060487,0.0677741160227393,1.99072983775422,-0.00541832800975018,0
GFM-MWT+AD,rpc,k_pq,k_iq,0.398107170553497,54.1169526546464,9.71189765783917e-06,0.0541169526546464,1717.75163006631,0.0667153005102251,1.99094749644313,-0.00533309837387241,0
GFM-MWT+AD,rpc,k_pq,k_iq,0.398107170553497,73.5642254459641,9.71189765783917e-06,0.0735642254459641,1717.6861555044,0.0658896761530025,1.99110157085814,-0.00526669375938541,0
GFM-MWT+AD,rpc,k_pq,k_iq,0.398107170553497,100,9.71189765783917e-06,0.1,1717.59711374027,0.0652583668969207,1.99121140017319,-0.00521594562187573,0
GFM-MWT+AD,rpc,k_pq,k_iq,0.541169526546464,0.01,1.32019301487419e-05,1e-05,1718.00907314147,0.0177851143586885,1.9846292006865,-0.00142625432683617,0
GFM-MWT+AD,rpc,k_pq,k_iq,0.541169526546464,0.0135935639087853,1.32019301487419e-05,1.35935639087853e-05,1718.00906105527,0.0178195400822661,1.98462237536759,-0.00142901996226143,0
GFM-MWT+AD,rpc,k_pq,k_iq,0.541169526546464,0.0184784979742229,1.32019301487419e-05,1.84784979742229e-05,1718.00904462535,0.0178664655027976,1.98461311113852,-0.00143278977935885,0
GFM-MWT+AD,rpc,k_pq,k_iq,0.541169526546464,0.0251188643150958,1.32019301487419e-05,2.51188643150958e-05,1718.00902229169,0.0179304909513989,1.98460054341691,-0.00143793335449155,0
GFM-MWT+AD,rpc,k_pq,k_iq,0.541169526546464,0.034145488738336,1.32019301487419e-05,3.4145488738336e-05,1718.00899193231,0.0180179611009729,1.98458350719453,-0.00144496040079147,0
GFM-MWT+AD,rpc,k_pq,k_iq,0.541169526546464,0.0464158883361278,1.32019301487419e-05,4.64158883361278e-05,1718.00895066327,0.0181376676039836,1.98456043811353,-0.0014545772182389,0
GFM-MWT+AD,rpc,k_pq,k_iq,0.541169526546464,0.0630957344480193,1.32019301487419e-05,6.30957344480193e-05,1718.00889456359,0.0183018678634519,1.98452924622912,-0.00146776854319158,0
GFM-MWT+AD,rpc,k_pq,k_iq,0.541169526546464,0.0857695898590894,1.32019301487419e-05,8.57695898590894e-05,1718.00881830442,0.0185277801274764,1.984487160067,-0.00148591766968971,0
GFM-MWT+AD,rpc,k_pq,k_iq,0.541169526546464,0.116591440117983,1.32019301487419e-05,0.000116591440117983,1718.00871464073,0.0188398175758262,1.98443054591598,-0.00151098594882181,0
GFM-MWT+AD,rpc,k_pq,k_iq,0.541169526546464,0.158489319246111,1.32019301487419e-05,0.000158489319246111,1718.00857372409,0.0192729683885589,1.98435472372972,-0.00154578437298808,0
GFM-MWT+AD,rpc,k_pq,k_iq,0.541169526546464,0.215443469003188,1.32019301487419e-05,0.000215443469003188,1718.00838216939,0.0198779672618443,1.98425384142816,-0.00159438911551125,0
GFM-MWT+AD,rpc,k_pq,k_iq,0.541169526546464,0.292864456462524,1.32019301487419e-05,0.000292864456462524,1718.00812177715,0.0207292162555706,1.98412095796012,-0.0016627779972034,0
GFM-MWT+AD,rpc,k_pq,k_iq,0.541169526546464,0.398107170553497,1.32019301487419e-05,0.000398107170553497,1718.00776781055,0.0219367114737592,1.98394867525577,-0.00175978880083255,0
GFM-MWT+AD,rpc,k_pq,k_iq,0.541169526546464,0.541169526546464,1.32019301487419e-05,0.000541169526546464,1718.00728664365,0.0236630411630434,1.9837310496439,-0.00189848476858842,0
GFM-MWT+AD,rpc,k_pq,k_iq,0.541169526546464,0.735642254459641,1.32019301487419e-05,0.000735642254459641,1718.00663256232,0.0261442141941293,1.98346822965559,-0.00209782627422411,0
GFM-MWT+AD,rpc,k_pq,k_iq,0.541169526546464,1,1.32019301487419e-05,0.001,1718.00574343149,0.0297042166254584,1.98317628310719,-0.00238383219599769,0
GFM-MWT+AD,rpc,k_pq,k_iq,0.541169526546464,1.35935639087853,1.32019301487419e-05,0.00135935639087853,1718.00453477687,0.0347287970269237,1.98290486932357,-0.00278744498888924,0
GFM-MWT+AD,rpc,k_pq,k_iq,0.541169526546464,1.84784979742229,1.32019301487419e-05,0.00184784979742229,1718.00289177159,0.0415191668337298,1.98276009157923,-0.00333269968745054,0
GFM-MWT+AD,rpc,k_pq,k_iq,0.541169526546464,2.51188643150958,1.32019301487419e-05,0.00251188643150958,1718.00065831797,0.0499337389126138,1.98290968473111,-0.00400781619537185,0
GFM-MWT+AD,rpc,k_pq,k_iq,0.541169526546464,3.4145488738336,1.32019301487419e-05,0.0034145488738336,1717.99762221407,0.058942291881694,1.98351976424293,-0.00472939688618766,0
GFM-MWT+AD,rpc,k_pq,k_iq,0.541169526546464,4.64158883361278,1.32019301487419e-05,0.00464158883361278,1717.99349498281,0.0667164489574517,1.9846121894413,-0.00535021437431147,0
GFM-MWT+AD,rpc,k_pq,k_iq,0.541169526546464,6.30957344480193,1.32019301487419e-05,0.00630957344480193,1717.98788445175,0.0717046324404713,1.98598569910971,-0.0057462439374013,0
GFM-MWT+AD,rpc,k_pq,k_iq,0.541169526546464,8.57695898590894,1.32019301487419e-05,0.00857695898590894,1717.9802574576,0.0736713066844081,1.98734364398199,-0.00589980932261063,0
GFM-MWT+AD,rpc,k_pq,k_iq,0.541169526546464,11.6591440117983,1.32019301487419e-05,0.0116591440117983,1717.96988913204,0.0734810216223756,1.98848423595744,-0.00588119601234438,0
GFM-MWT+AD,rpc,k_pq,k_iq,0.541169526546464,15.8489319246111,1.32019301487419e-05,0.0158489319246111,1717.9557939151,0.0722075334994905,1.98935168653268,-0.00577675340611597,0
GFM-MWT+AD,rpc,k_pq,k_iq,0.541169526546464,21.5443469003188,1.32019301487419e-05,0.0215443469003188,1717.9366317064,0.0706084990588236,1.98997767768889,-0.00564705453404655,0
GFM-MWT+AD,rpc,k_pq,k_iq,0.541169526546464,29.2864456462524,1.32019301487419e-05,0.0292864456462524,1717.91058013376,0.0690774155019749,1.99041933699274,-0.0055233810415355,0
GFM-MWT+AD,rpc,k_pq,k_iq,0.541169526546464,39.8107170553497,1.32019301487419e-05,0.0398107170553497,1717.87516066066,0.0677683005343357,1.99072916990491,-0.00541786491086972,0
GFM-MWT+AD,rpc,k_pq,k_iq,0.541169526546464,54.1169526546464,1.32019301487419e-05,0.0541169526546464,1717.82700169256,0.0667122805420197,1.99094710780808,-0.00533285801098611,0
GFM-MWT+AD,rpc,k_pq,k_iq,0.541169526546464,73.5642254459641,1.32019301487419e-05,0.0735642254459641,1717.76151563734,0.0658880972797373,1.99110135030942,-0.00526656814373087,0
GFM-MWT+AD,rpc,k_pq,k_iq,0.541169526546464,100,1.32019301487419e-05,0.1,1717.67245818428,0.0652575358769719,1.99121127694662,-0.0052158795250174,0
GFM-MWT+AD,rpc,k_pq,k_iq,0.735642254459641,0.01,1.79461281196241e-05,1e-05,1718.11180568768,0.0184816795187331,1.98471798967786,-0.00148204804760372,0
GFM-MWT+AD,rpc,k_pq,k_iq,0.735642254459641,0.0135935639087853,1.79461281196241e-05,1.35935639087853e-05,1718.11179359932,0.018515234526932,1.98471136950691,-0.00148474377417897,0
GFM-MWT+AD,rpc,k_pq,k_iq,0.735642254459641,0.0184784979742229,1.79461281196241e-05,1.84784979742229e-05,1718.11177716493,0.0185609705626342,1.98470238362727,-0.00148841809522051,0
GFM-MWT+AD,rpc,k_pq,k_iq,0.735642254459641,0.0251188643150958,1.79461281196241e-05,2.51188643150958e-05,1718.11175482662,0.0186233686751662,1.98469019332565,-0.00149343100816529,0
GFM-MWT+AD,rpc,k_pq,k_iq,0.735642254459641,0.034145488738336,1.79461281196241e-05,3.4145488738336e-05,1718.11172446016,0.0187086072297134,1.98467366836932,-0.00150027886972943,0
GFM-MWT+AD,rpc,k_pq,k_iq,0.735642254459641,0.0464158883361278,1.79461281196241e-05,4.64158883361278e-05,1718.11168318173,0.0188252447565037,1.98465129095319,-0.00150964925547157,0
GFM-MWT+AD,rpc,k_pq,k_iq,0.735642254459641,0.0630957344480193,1.79461281196241e-05,6.30957344480193e-05,1718.11162706828,0.018985207612518,1.9846210329716,-0.00152250030858464,0
GFM-MWT+AD,rpc,k_pq,k_iq,0.735642254459641,0.0857695898590894,1.79461281196241e-05,8.57695898590894e-05,1718.11155079127,0.019205239969402,1.9845802043264,-0.00154017723363847,0
GFM-MWT+AD,rpc,k_pq,k_iq,0.735642254459641,0.116591440117983,1.79461281196241e-05,0.000116591440117983,1718.11144710343,0.0195090656431052,1.98452527653701,-0.00156458598363323,0
GFM-MWT+AD,rpc,k_pq,k_iq,0.735642254459641,0.158489319246111,1.79461281196241e-05,0.000158489319246111,1718.1113061553,0.0199306573849847,1.98445170210492,-0.00159845592922052,0
GFM-MWT+AD,rpc,k_pq,k_iq,0.735642254459641,0.215443469003188,1.79461281196241e-05,0.000215443469003188,1718.11111455455,0.020519232157411,1.9843537878577,-0.00164574120991739,0
GFM-MWT+AD,rpc,k_pq,k_iq,0.735642254459641,0.292864456462524,1.79461281196241e-05,0.000292864456462524,1718.1108541016,0.0213468981738982,1.98422476520074,-0.00171223514764023,0
GFM-MWT+AD,rpc,k_pq,k_iq,0.735642254459641,0.398107170553497,1.79461281196241e-05,0.000398107170553497,1718.11050005228,0.0225201755869093,1.98405738106171,-0.00180649584521986,0
GFM-MWT+AD,rpc,k_pq,k_iq,0.735642254459641,0.541169526546464,1.79461281196241e-05,0.000541169526546464,1718.11001877187,0.0241964565830359,1.98384570469341,-0.00194116831055221,0
GFM-MWT+AD,rpc,k_pq,k_iq,0.735642254459641,0.735642254459641,1.79461281196241e-05,0.000735642254459641,1718.10936453877,0.0266043503154394,1.98358953285725,-0.00213461713903658,0
GFM-MWT+AD,rpc,k_pq,k_iq,0.735642254459641,1,1.79461281196241e-05,0.001,1718.10847519861,0.0300585809786541,1.98330376464323,-0.00241211553825012,0
GFM-MWT+AD,rpc,k_pq,k_iq,0.735642254459641,1.35935639087853,1.79461281196241e-05,0.00135935639087853,1718.10726626126,0.0349370492661346,1.98303539269185,-0.00280397528429377,0
GFM-MWT+AD,rpc,k_pq,k_iq,0.735642254459641,1.84784979742229,1.79461281196241e-05,0.00184784979742229,1718.10562287206,0.0415443531372138,1.98288593773899,-0.0033345097033545,0
GFM-MWT+AD,rpc,k_pq,k_iq,0.735642254459641,2.51188643150958,1.79461281196241e-05,0.00251188643150958,1718.10338889472,0.0497696095158104,1.98301815523536,-0.00399442443677591,0
GFM-MWT+AD,rpc,k_pq,k_iq,0.735642254459641,3.4145488738336,1.79461281196241e-05,0.0034145488738336,1718.100352079,0.0586435645021357,1.98359789443346,-0.0047052428715504,0
GFM-MWT+AD,rpc,k_pq,k_iq,0.735642254459641,4.64158883361278,1.79461281196241e-05,0.00464158883361278,1718.09622388129,0.0663877573549549,1.98465580573242,-0.0053237392505345,0
GFM-MWT+AD,rpc,k_pq,k_iq,0.735642254459641,6.30957344480193,1.79461281196241e-05,0.00630957344480193,1718.09061203614,0.0714360684253803,1.98600267449892,-0.00572467361247887,0
GFM-MWT+AD,rpc,k_pq,k_iq,0.735642254459641,8.57695898590894,1.79461281196241e-05,0.00857695898590894,1718.08298325464,0.0734925413367107,1.98734646939699,-0.00588548541073472,0
GFM-MWT+AD,rpc,k_pq,k_iq,0.735642254459641,11.6591440117983,1.79461281196241e-05,0.0116591440117983,1718.07261249767,0.0733766420916404,1.98848206311823,-0.00587284849970766,0
GFM-MWT+AD,rpc,k_pq,k_iq,0.735642254459641,15.8489319246111,1.79461281196241e-05,0.0158489319246111,1718.05851397406,0.0721509208931987,1.98934880781411,-0.0057722327829127,0
GFM-MWT+AD,rpc,k_pq,k_iq,0.735642254459641,21.5443469003188,1.79461281196241e-05,0.0215443469003188,1718.03934726581,0.0705788592230017,1.98997542575342,-0.00564469049257453,0
GFM-MWT+AD,rpc,k_pq,k_iq,0.735642254459641,29.2864456462524,1.79461281196241e-05,0.0292864456462524,1718.01328956911,0.0690620914440333,1.99041785135017,-0.00552215989972059,0
GFM-MWT+AD,rpc,k_pq,k_iq,0.735642254459641,39.8107170553497,1.79461281196241e-05,0.0398107170553497,1717.97786175731,0.0677603827578109,1.99072826555719,-0.00541723438870033,0
GFM-MWT+AD,rpc,k_pq,k_iq,0.735642254459641,54.1169526546464,1.79461281196241e-05,0.0541169526546464,1717.92969142878,0.0667081695967269,1.99094658082831,-0.00533253081028014,0
GFM-MWT+AD,rpc,k_pq,k_iq,0.735642254459641,73.5642254459641,1.79461281196241e-05,0.0735642254459641,1717.86418988191,0.065885948568441,1.99110105100763,-0.00526639718929995,0
GFM-MWT+AD,rpc,k_pq,k_iq,0.735642254459641,100,1.79461281196241e-05,0.1,1717.7751112814,0.0652564050620437,1.99121110961628,-0.00521578958242451,0
GFM-MWT+AD,rpc,k_pq,k_iq,1,0.01,2.43951839509359e-05,1e-05,1718.25188664998,0.0193954999658038,1.98483512218222,-0.00155523545788615,0
GFM-MWT+AD,rpc,k_pq,k_iq,1,0.0135935639087853,2.43951839509359e-05,1.35935639087853e-05,1718.25187455737,0.019427922353048,1.98482876650079,-0.00155784024127499,0
GFM-MWT+AD,rpc,k_pq,k_iq,1,0.0184784979742229,2.43951839509359e-05,1.84784979742229e-05,1718.25185811843,0.0194721115335558,1.98482013950325,-0.00156139035655226,0
GFM-MWT+AD,rpc,k_pq,k_iq,1,0.0251188643150958,2.43951839509359e-05,2.51188643150958e-05,1718.25183577254,0.0195323935936018,1.98480843583086,-0.00156623335622165,0
GFM-MWT+AD,rpc,k_pq,k_iq,1,0.034145488738336,2.43951839509359e-05,3.4145488738336e-05,1718.25180539671,0.0196147311591556,1.98479257009136,-0.0015728482699026,0
GFM-MWT+AD,rpc,k_pq,k_iq,1,0.0464158883361278,2.43951839509359e-05,4.64158883361278e-05,1718.25176410497,0.019727379888513,1.9847710844835,-0.00158189834567959,0
GFM-MWT+AD,rpc,k_pq,k_iq,1,0.0630957344480193,2.43951839509359e-05,6.30957344480193e-05,1718.25170797422,0.0198818375652641,1.98474203070588,-0.00159430729826858,0
GFM-MWT+AD,rpc,k_pq,k_iq,1,0.0857695898590894,2.43951839509359e-05,8.57695898590894e-05,1718.25163167366,0.0200942344935495,1.98470282363179,-0.00161137101094343,0
GFM-MWT+AD,rpc,k_pq,k_iq,1,0.116591440117983,2.43951839509359e-05,0.000116591440117983,1718.25152795242,0.0203874037426184,1.98465007068508,-0.00163492385574419,0
GFM-MWT+AD,rpc,k_pq,k_iq,1,0.158489319246111,2.43951839509359e-05,0.000158489319246111,1718.25138695921,0.0207940072087425,1.98457939564135,-0.00166758983774946,0
GFM-MWT+AD,rpc,k_pq,k_iq,1,0.215443469003188,2.43951839509359e-05,0.000215443469003188,1718.2511952991,0.0213613055546937,1.98448531107722,-0.00171316580773267,0
GFM-MWT+AD,rpc,k_pq,k_iq,1,0.292864456462524,2.43951839509359e-05,0.000292864456462524,1718.25093476492,0.0221584553006278,1.98436127291077,-0.00177720769455925,0
GFM-MWT+AD,rpc,k_pq,k_iq,1,0.398107170553497,2.43951839509359e-05,0.000398107170553497,1718.25058060331,0.0232875074946759,1.98420021982241,-0.00186791404776885,0
GFM-MWT+AD,rpc,k_pq,k_iq,1,0.541169526546464,2.43951839509359e-05,0.000541169526546464,1718.25009917235,0.0248991727830903,1.9839962485893,-0.00199739214483921,0
GFM-MWT+AD,rpc,k_pq,k_iq,1,0.735642254459641,2.43951839509359e-05,0.000735642254459641,1718.24944473367,0.0272125245133925,1.98374872541081,-0.00218323894194936,0
GFM-MWT+AD,rpc,k_pq,k_iq,1,1,2.43951839509359e-05,0.001,1718.24855511376,0.0305302523060377,1.98347108653578,-0.00244975892060396,0
GFM-MWT+AD,rpc,k_pq,k_iq,1,1.35935639087853,2.43951839509359e-05,0.00135935639087853,1718.24734579652,0.0352197292603669,1.98320694960887,-0.00282641789727203,0
GFM-MWT+AD,rpc,k_pq,k_iq,1,1.84784979742229,2.43951839509359e-05,0.00184784979742229,1718.24570188963,0.0415888470991043,1.98305195229583,-0.00333780147024703,0
GFM-MWT+AD,rpc,k_pq,k_iq,1,2.51188643150958,2.43951839509359e-05,0.00251188643150958,1718.2434672095,0.0495647242434999,1.98316224721956,-0.00397769192678469,0
GFM-MWT+AD,rpc,k_pq,k_iq,1,3.4145488738336,2.43951839509359e-05,0.0034145488738336,1718.24042943986,0.0582566299499032,1.98370283071316,-0.00467395075761657,0
GFM-MWT+AD,rpc,k_pq,k_iq,1,4.64158883361278,2.43951839509359e-05,0.00464158883361278,1718.23629994313,0.0659542581454716,1.98471530157515,-0.00528881869568215,0
GFM-MWT+AD,rpc,k_pq,k_iq,1,6.30957344480193,2.43951839509359e-05,0.00630957344480193,1718.23068633302,0.0710772597872965,1.98602639142508,-0.0056958526749605,0
GFM-MWT+AD,rpc,k_pq,k_iq,1,8.57695898590894,2.43951839509359e-05,0.00857695898590894,1718.22305514948,0.0732515445494295,1.98735079806088,-0.00586617361180424,0
GFM-MWT+AD,rpc,k_pq,k_iq,1,11.6591440117983,2.43951839509359e-05,0.0116591440117983,1718.21268112723,0.0732351369353155,1.98847936463948,-0.00586153119091589,0
GFM-MWT+AD,rpc,k_pq,k_iq,1,15.8489319246111,2.43951839509359e-05,0.0158489319246111,1718.19857816215,0.0720739395388943,1.98934500610381,-0.00576608532848553,0
GFM-MWT+AD,rpc,k_pq,k_iq,1,21.5443469003188,2.43951839509359e-05,0.0215443469003188,1718.17940540992,0.0705384992493299,1.9899724091449,-0.00564147127446944,0
GFM-MWT+AD,rpc,k_pq,k_iq,1,29.2864456462524,2.43951839509359e-05,0.0292864456462524,1718.15333948835,0.0690412156585702,1.99041584894502,-0.00552049628994945,0
GFM-MWT+AD,rpc,k_pq,k_iq,1,39.8107170553497,2.43951839509359e-05,0.0398107170553497,1718.11790047494,0.0677495969343884,1.99072704271609,-0.00541637544756903,0
GFM-MWT+AD,rpc,k_pq,k_iq,1,54.1169526546464,2.43951839509359e-05,0.0541169526546464,1718.06971488459,0.0667025710343706,1.9909458669482,-0.00533208519585849,0
GFM-MWT+AD,rpc,k_pq,k_iq,1,73.5642254459641,2.43951839509359e-05,0.0735642254459641,1718.0041925262,0.0658830230762023,1.99110064507597,-0.00526616442886944,0
GFM-MWT+AD,rpc,k_pq,k_iq,1,100,2.43951839509359e-05,0.1,1717.91508551733,0.0652548660215383,1.99121088251496,-0.00521566716875624,0
GFM-MWT+AD,rpc,k_pq,k_iq,1.35935639087853,0.01,3.31617492103619e-05,1e-05,1718.44310585495,0.0205802881979718,1.98498809555663,-0.00165011072105725,0
GFM-MWT+AD,rpc,k_pq,k_iq,1.35935639087853,0.0135935639087853,3.31617492103619e-05,1.35935639087853e-05,1718.4430937566,0.0206112590954874,1.98498207493639,-0.00165259894802629,0
GFM-MWT+AD,rpc,k_pq,k_iq,1.35935639087853,0.0184784979742229,3.31617492103619e-05,1.84784979742229e-05,1718.4430773118,0.0206534663376104,1.98497390259641,-0.00165598990908491,0
GFM-MWT+AD,rpc,k_pq,k_iq,1.35935639087853,0.0251188643150958,3.31617492103619e-05,2.51188643150958e-05,1718.44305495614,0.0207110377661516,1.98496281543733,-0.00166061523492919,0
GFM-MWT+AD,rpc,k_pq,k_iq,1.35935639087853,0.034145488738336,3.31617492103619e-05,3.4145488738336e-05,1718.44302456748,0.0207896598850786,1.98494778484524,-0.00166693177734065,0
GFM-MWT+AD,rpc,k_pq,k_iq,1.35935639087853,0.0464158883361278,3.31617492103619e-05,4.64158883361278e-05,1718.44298325756,0.0208972023236675,1.98492742915651,-0.0016755717760538,0
GFM-MWT+AD,rpc,k_pq,k_iq,1.35935639087853,0.0630957344480193,3.31617492103619e-05,6.30957344480193e-05,1718.44292710408,0.0210446158846803,1.98489990115385,-0.0016874150042235,0
GFM-MWT+AD,rpc,k_pq,k_iq,1.35935639087853,0.0857695898590894,3.31617492103619e-05,8.57695898590894e-05,1718.4428507708,0.02124724909058,1.9848627488447,-0.00170369453210532,0
GFM-MWT+AD,rpc,k_pq,k_iq,1.35935639087853,0.116591440117983,3.31617492103619e-05,0.000116591440117983,1718.44274700693,0.0215268028348023,1.98481275214888,-0.00172615375037232,0
GFM-MWT+AD,rpc,k_pq,k_iq,1.35935639087853,0.158489319246111,3.31617492103619e-05,0.000158489319246111,1718.44260595452,0.0219142755787796,1.98474575251125,-0.00175728296334094,0
GFM-MWT+AD,rpc,k_pq,k_iq,1.35935639087853,0.215443469003188,3.31617492103619e-05,0.000215443469003188,1718.44241421361,0.0224544510205282,1.98465652469739,-0.00180067988391294,0
GFM-MWT+AD,rpc,k_pq,k_iq,1.35935639087853,0.292864456462524,3.31617492103619e-05,0.000292864456462524,1718.44215356874,0.0232127549587153,1.98453881260389,-0.0018616004229161,0
GFM-MWT+AD,rpc,k_pq,k_iq,1.35935639087853,0.398107170553497,3.31617492103619e-05,0.000398107170553497,1718.44179925979,0.024285597140727,1.98438580584607,-0.00194778932981881,0
GFM-MWT+AD,rpc,k_pq,k_iq,1.35935639087853,0.541169526546464,3.31617492103619e-05,0.000541169526546464,1718.44131762574,0.0258152541535985,1.98419165391796,-0.002070675224003,0
GFM-MWT+AD,rpc,k_pq,k_iq,1.35935639087853,0.735642254459641,3.31617492103619e-05,0.000735642254459641,1718.44066291241,0.0280087270423772,1.98395521590054,-0.00224688343284159,0
GFM-MWT+AD,rpc,k_pq,k_iq,1.35935639087853,1,3.31617492103619e-05,0.001,1718.43977291862,0.0311533148602665,1.98368814784776,-0.00249947985580497,0
GFM-MWT+AD,rpc,k_pq,k_iq,1.35935639087853,1.35935639087853,3.31617492103619e-05,0.00135935639087853,1718.43856309344,0.0356023941408792,1.98342989900022,-0.00285680572524927,0
GFM-MWT+AD,rpc,k_pq,k_iq,1.35935639087853,1.84784979742229,3.31617492103619e-05,0.00184784979742229,1718.43691849594,0.0416662603391131,1.98326870635747,-0.00334364889756264,0
GFM-MWT+AD,rpc,k_pq,k_iq,1.35935639087853,2.51188643150958,3.31617492103619e-05,0.00251188643150958,1718.43468287728,0.0493174548719555,1.98335207349488,-0.00395746945966464,0
GFM-MWT+AD,rpc,k_pq,k_iq,1.35935639087853,3.4145488738336,3.31617492103619e-05,0.0034145488738336,1718.43164383016,0.0577642830598271,1.98384306574377,-0.00463412284268709,0
GFM-MWT+AD,rpc,k_pq,k_iq,1.35935639087853,4.64158883361278,3.31617492103619e-05,0.00464158883361278,1718.4275125987,0.0653889363601194,1.98479643573575,-0.00524327291358425,0
GFM-MWT+AD,rpc,k_pq,k_iq,1.35935639087853,6.30957344480193,3.31617492103619e-05,0.00630957344480193,1718.42189662661,0.0706010606580252,1.9860597431553,-0.00565759816497337,0
GFM-MWT+AD,rpc,k_pq,k_iq,1.35935639087853,8.57695898590894,3.31617492103619e-05,0.00857695898590894,1718.41426223359,0.0729277423673722,1.98735755870421,-0.00584022371313677,0
GFM-MWT+AD,rpc,k_pq,k_iq,1.35935639087853,11.6591440117983,3.31617492103619e-05,0.0116591440117983,1718.40388384584,0.0730435424634091,1.98847616246001,-0.00584620645561026,0
GFM-MWT+AD,rpc,k_pq,k_iq,1.35935639087853,15.8489319246111,3.31617492103619e-05,0.0158489319246111,1718.38977494191,0.0719692680727582,1.9893400435104,-0.0057577260045463,0
GFM-MWT+AD,rpc,k_pq,k_iq,1.35935639087853,21.5443469003188,3.31617492103619e-05,0.0215443469003188,1718.3705941096,0.0704835146573812,1.98996839090699,-0.00563708528314043,0
GFM-MWT+AD,rpc,k_pq,k_iq,1.35935639087853,29.2864456462524,3.31617492103619e-05,0.0292864456462524,1718.34451718985,0.0690127571892449,1.99041315871116,-0.00551822829442941,0
GFM-MWT+AD,rpc,k_pq,k_iq,1.35935639087853,39.8107170553497,3.31617492103619e-05,0.0398107170553497,1718.30906320107,0.0677348937173338,1.99072539247417,-0.00541520449317196,0
GFM-MWT+AD,rpc,k_pq,k_iq,1.35935639087853,54.1169526546464,3.31617492103619e-05,0.0541169526546464,1718.26085720612,0.066694941551988,1.99094490108576,-0.00533147791228124,0
GFM-MWT+AD,rpc,k_pq,k_iq,1.35935639087853,73.5642254459641,3.31617492103619e-05,0.0735642254459641,1718.19530702189,0.0658790380896026,1.99110009500856,-0.00526584736431274,0
GFM-MWT+AD,rpc,k_pq,k_iq,1.35935639087853,100,3.31617492103619e-05,0.1,1718.1061620223,0.065252770396811,1.9912105744648,-0.00521550048182419,0
GFM-MWT+AD,rpc,k_pq,k_iq,1.84784979742229,0.01,4.50786357218164e-05,1e-05,1718.70452577189,0.0220931048385136,1.98518526136501,-0.00177123082468299,0
GFM-MWT+AD,rpc,k_pq,k_iq,1.84784979742229,0.0135935639087853,4.50786357218164e-05,1.35935639087853e-05,1718.70451366766,0.0221222517417796,1.98517965569226,-0.00177357256779303,0
GFM-MWT+AD,rpc,k_pq,k_iq,1.84784979742229,0.0184784979742229,4.50786357218164e-05,1.84784979742229e-05,1718.70449721336,0.0221619684647064,1.98517204636061,-0.00177676351467811,0
GFM-MWT+AD,rpc,k_pq,k_iq,1.84784979742229,0.0251188643150958,4.50786357218164e-05,2.51188643150958e-05,1718.70447484538,0.0222161346873459,1.98516172266062,-0.0017811153635859,0
GFM-MWT+AD,rpc,k_pq,k_iq,1.84784979742229,0.034145488738336,4.50786357218164e-05,3.4145488738336e-05,1718.70444443965,0.0222900915058356,1.98514772638837,-0.00178705722160441,0
GFM-MWT+AD,rpc,k_pq,k_iq,1.84784979742229,0.0464158883361278,4.50786357218164e-05,4.64158883361278e-05,1718.70440310719,0.0223912246262461,1.98512877005933,-0.00179518245496297,0
GFM-MWT+AD,rpc,k_pq,k_iq,1.84784979742229,0.0630957344480193,4.50786357218164e-05,6.30957344480193e-05,1718.70434692169,0.0225298023428345,1.98510313187381,-0.00180631600567642,0
GFM-MWT+AD,rpc,k_pq,k_iq,1.84784979742229,0.0857695898590894,4.50786357218164e-05,8.57695898590894e-05,1718.70427054655,0.022720198350878,1.98506852491114,-0.00182161261976477,0
GFM-MWT+AD,rpc,k_pq,k_iq,1.84784979742229,0.116591440117983,4.50786357218164e-05,0.000116591440117983,1718.70416672409,0.0229827049342126,1.98502194319807,-0.00184270249418971,0
GFM-MWT+AD,rpc,k_pq,k_iq,1.84784979742229,0.158489319246111,4.50786357218164e-05,0.000158489319246111,1718.70402559295,0.0233462566035345,1.9849594988346,-0.00187191004822759,0
GFM-MWT+AD,rpc,k_pq,k_iq,1.84784979742229,0.215443469003188,4.50786357218164e-05,0.000215443469003188,1718.70383374593,0.0238525711672368,1.98487629385408,-0.00191258653002193,0
GFM-MWT+AD,rpc,k_pq,k_iq,1.84784979742229,0.292864456462524,4.50786357218164e-05,0.000292864456462524,1718.70357295677,0.0245624679229859,1.98476643443333,-0.00196961744914467,0
GFM-MWT+AD,rpc,k_pq,k_iq,1.84784979742229,0.398107170553497,4.50786357218164e-05,0.000398107170553497,1718.70321844869,0.0255654027005707,1.98462343373098,-0.00205018825813703,0
GFM-MWT+AD,rpc,k_pq,k_iq,1.84784979742229,0.541169526546464,4.50786357218164e-05,0.000541169526546464,1718.70273654576,0.0269932580430234,1.98444153540949,-0.00216489138310443,0
GFM-MWT+AD,rpc,k_pq,k_iq,1.84784979742229,0.735642254459641,4.50786357218164e-05,0.000735642254459641,1718.7020814678,0.0290381028227749,1.98421903143501,-0.00232915065987104,0
GFM-MWT+AD,rpc,k_pq,k_iq,1.84784979742229,1,4.50786357218164e-05,0.001,1718.70119097748,0.0319679623327183,1.98396549083286,-0.00256448134757972,0
GFM-MWT+AD,rpc,k_pq,k_iq,1.84784979742229,1.35935639087853,4.50786357218164e-05,0.00135935639087853,1718.69998047673,0.0361178636268552,1.98371537806607,-0.00289775058426722,0
GFM-MWT+AD,rpc,k_pq,k_iq,1.84784979742229,1.84784979742229,4.50786357218164e-05,0.00184784979742229,1718.69833496303,0.0417982805956736,1.98354787042953,-0.00335377111701008,0
GFM-MWT+AD,rpc,k_pq,k_iq,1.84784979742229,2.51188643150958,4.50786357218164e-05,0.00251188643150958,1718.69609809801,0.0490334668061295,1.98359934814228,-0.00393419075895285,0
GFM-MWT+AD,rpc,k_pq,k_iq,1.84784979742229,3.4145488738336,4.50786357218164e-05,0.0034145488738336,1718.69305735506,0.0571530181135364,1.98402911981512,-0.00458465536487717,0
GFM-MWT+AD,rpc,k_pq,k_iq,1.84784979742229,4.64158883361278,4.50786357218164e-05,0.00464158883361278,1718.68892381749,0.0646631201852472,1.98490692104499,-0.00518478563187217,0
GFM-MWT+AD,rpc,k_pq,k_iq,1.84784979742229,6.30957344480193,4.50786357218164e-05,0.00630957344480193,1718.6833047124,0.0699749614869246,1.9861069573789,-0.00560729415370605,0
GFM-MWT+AD,rpc,k_pq,k_iq,1.84784979742229,8.57695898590894,4.50786357218164e-05,0.00857695898590894,1718.67566605792,0.0724947960310232,1.98736830526899,-0.00580552214064566,0
GFM-MWT+AD,rpc,k_pq,k_iq,1.84784979742229,11.6591440117983,4.50786357218164e-05,0.0116591440117983,1718.66528187366,0.0727846277113349,1.98847265588008,-0.00582549460025015,0
GFM-MWT+AD,rpc,k_pq,k_iq,1.84784979742229,15.8489319246111,4.50786357218164e-05,0.0158489319246111,1718.65116508473,0.0718269814434398,1.98933367474892,-0.0057463614816226,0
GFM-MWT+AD,rpc,k_pq,k_iq,1.84784979742229,21.5443469003188,4.50786357218164e-05,0.0215443469003188,1718.63197352261,0.0704085624937831,1.9899630809744,-0.00563110602258896,0
GFM-MWT+AD,rpc,k_pq,k_iq,1.84784979742229,29.2864456462524,4.50786357218164e-05,0.0292864456462524,1718.60588199963,0.068973926373497,1.99040956044918,-0.00551513346468088,0
GFM-MWT+AD,rpc,k_pq,k_iq,1.84784979742229,39.8107170553497,4.50786357218164e-05,0.0398107170553497,1718.57040812409,0.0677148311564142,1.99072317148026,-0.00541360663738069,0
GFM-MWT+AD,rpc,k_pq,k_iq,1.84784979742229,54.1169526546464,4.50786357218164e-05,0.0541169526546464,1718.52217503078,0.066684535445061,1.9909435965743,-0.00533064958244856,0
GFM-MWT+AD,rpc,k_pq,k_iq,1.84784979742229,73.5642254459641,4.50786357218164e-05,0.0735642254459641,1718.45658788989,0.0658736058679444,1.99109935049287,-0.00526541513647133,0
GFM-MWT+AD,rpc,k_pq,k_iq,1.84784979742229,100,4.50786357218164e-05,0.1,1718.36739243093,0.0652499153504678,1.99121015695425,-0.0052152733843829,0
GFM-MWT+AD,rpc,k_pq,k_iq,2.51188643150958,0.01,6.12779315605361e-05,1e-05,1719.06265249822,0.0239874786823366,1.98543510540523,-0.00192286251833419,0
GFM-MWT+AD,rpc,k_pq,k_iq,2.51188643150958,0.0135935639087853,6.12779315605361e-05,1.35935639087853e-05,1719.06264038434,0.0240143900007657,1.9854299988279,-0.00192502470223611,0
GFM-MWT+AD,rpc,k_pq,k_iq,2.51188643150958,0.0184784979742229,6.12779315605361e-05,1.84784979742229e-05,1719.06262391745,0.0240510556095152,1.98542306677268,-0.00192797058556597,0
GFM-MWT+AD,rpc,k_pq,k_iq,2.51188643150958,0.0251188643150958,6.12779315605361e-05,2.51188643150958e-05,1719.06260153389,0.0241010509852406,1.98541366146876,-0.0019319874310009,0
GFM-MWT+AD,rpc,k_pq,k_iq,2.51188643150958,0.034145488738336,6.12779315605361e-05,3.4145488738336e-05,1719.06257110536,0.0241692961950051,1.98540090947925,-0.00193747052412854,0
GFM-MWT+AD,rpc,k_pq,k_iq,2.51188643150958,0.0464158883361278,6.12779315605361e-05,4.64158883361278e-05,1719.06252974311,0.0242625873123753,1.98538363672253,-0.00194496586336911,0
GFM-MWT+AD,rpc,k_pq,k_iq,2.51188643150958,0.0630957344480193,6.12779315605361e-05,6.30957344480193e-05,1719.0624735164,0.0243903621795475,1.98536027238474,-0.00195523167187734,0
GFM-MWT+AD,rpc,k_pq,k_iq,2.51188643150958,0.0857695898590894,6.12779315605361e-05,8.57695898590894e-05,1719.06239708509,0.024565811712622,1.98532872849963,-0.0019693276621951,0
GFM-MWT+AD,rpc,k_pq,k_iq,2.51188643150958,0.116591440117983,6.12779315605361e-05,0.000116591440117983,1719.06229318739,0.0248075238919023,1.98528625749318,-0.00198874707890873,0
GFM-MWT+AD,rpc,k_pq,k_iq,2.51188643150958,0.158489319246111,6.12779315605361e-05,0.000158489319246111,1719.06215195299,0.0251419434699294,1.98522929884298,-0.002015614244724,0
GFM-MWT+AD,rpc,k_pq,k_iq,2.51188643150958,0.215443469003188,6.12779315605361e-05,0.000215443469003188,1719.0619599639,0.0256071019004853,1.98515335215356,-0.0020529840945046,0
GFM-MWT+AD,rpc,k_pq,k_iq,2.51188643150958,0.292864456462524,6.12779315605361e-05,0.000292864456462524,1719.06169898315,0.0262582974076535,1.9850529682177,-0.00210529826405138,0
GFM-MWT+AD,rpc,k_pq,k_iq,2.51188643150958,0.398107170553497,6.12779315605361e-05,0.000398107170553497,1719.06134421643,0.0271766703251967,1.98492206929104,-0.00217907353487145,0
GFM-MWT+AD,rpc,k_pq,k_iq,2.51188643150958,0.541169526546464,6.12779315605361e-05,0.000541169526546464,1719.060861961,0.0284816764526277,1.98475505596503,-0.00228390287194209,0
GFM-MWT+AD,rpc,k_pq,k_iq,2.51188643150958,0.735642254459641,6.12779315605361e-05,0.000735642254459641,1719.06020640302,0.0303474602170553,1.98454963139243,-0.00243376830841767,0
GFM-MWT+AD,rpc,k_pq,k_iq,2.51188643150958,1,6.12779315605361e-05,0.001,1719.05931526135,0.0330185660810876,1.98431303494539,-0.00264829665727579,0
GFM-MWT+AD,rpc,k_pq,k_iq,2.51188643150958,1.35935639087853,6.12779315605361e-05,0.00135935639087853,1719.05810387395,0.036806473077897,1.98407401565823,-0.0029524637437512,0
GFM-MWT+AD,rpc,k_pq,k_iq,2.51188643150958,1.84784979742229,6.12779315605361e-05,0.00184784979742229,1719.05645715439,0.042017663170038,1.98390105477233,-0.00337077334751737,0
GFM-MWT+AD,rpc,k_pq,k_iq,2.51188643150958,2.51188643150958,6.12779315605361e-05,0.00251188643150958,1719.05421865003,0.0487313313015893,1.98391660843119,-0.00390932409227071,0
GFM-MWT+AD,rpc,k_pq,k_iq,2.51188643150958,3.4145488738336,6.12779315605361e-05,0.0034145488738336,1719.05117567943,0.0564196053697993,1.98427338819046,-0.00452526713002121,0
GFM-MWT+AD,rpc,k_pq,k_iq,2.51188643150958,4.64158883361278,6.12779315605361e-05,0.00464158883361278,1719.04703911199,0.0637512497614804,1.98505684313799,-0.00511128637166404,0
GFM-MWT+AD,rpc,k_pq,k_iq,2.51188643150958,6.30957344480193,6.12779315605361e-05,0.00630957344480193,1719.04141588663,0.0691626569755157,1.98617418386951,-0.00554201629446105,0
GFM-MWT+AD,rpc,k_pq,k_iq,2.51188643150958,8.57695898590894,6.12779315605361e-05,0.00857695898590894,1719.03377163063,0.0719200359496124,1.98738563182469,-0.00575944557406868,0
GFM-MWT+AD,rpc,k_pq,k_iq,2.51188643150958,11.6591440117983,6.12779315605361e-05,0.0116591440117983,1719.0233798261,0.0724357958220512,1.98846941484761,-0.00579758538198547,0
GFM-MWT+AD,rpc,k_pq,k_iq,2.51188643150958,15.8489319246111,6.12779315605361e-05,0.0158489319246111,1719.00925267241,0.0716336809598637,1.98932570853633,-0.00573092035380963,0
GFM-MWT+AD,rpc,k_pq,k_iq,2.51188643150958,21.5443469003188,6.12779315605361e-05,0.0215443469003188,1718.99004700678,0.0703063288390427,1.98995614421802,-0.00562294948185946,0
GFM-MWT+AD,rpc,k_pq,k_iq,2.51188643150958,29.2864456462524,6.12779315605361e-05,0.0292864456462524,1718.9639362862,0.0689208841498077,1.99040477808511,-0.00551090559467919,0
GFM-MWT+AD,rpc,k_pq,k_iq,2.51188643150958,39.8107170553497,6.12779315605361e-05,0.0398107170553497,1718.92843626719,0.0676874226955969,1.99072019375898,-0.00541142356785168,0
GFM-MWT+AD,rpc,k_pq,k_iq,2.51188643150958,54.1169526546464,6.12779315605361e-05,0.0541169526546464,1718.88016754597,0.0666703260548861,1.99094183893228,-0.00532951844483276,0
GFM-MWT+AD,rpc,k_pq,k_iq,2.51188643150958,73.5642254459641,6.12779315605361e-05,0.0735642254459641,1718.81453181232,0.0658661935922514,1.99109834437642,-0.00526482533447019,0
GFM-MWT+AD,rpc,k_pq,k_iq,2.51188643150958,100,6.12779315605361e-05,0.1,1718.72526999395,0.0652460224653115,1.99120959168771,-0.00521496372401228,0
GFM-MWT+AD,rpc,k_pq,k_iq,3.4145488738336,0.01,8.32985478866317e-05,1e-05,1719.55463220441,0.0263024728046906,1.98574495688998,-0.00210810519547333,0
GFM-MWT+AD,rpc,k_pq,k_iq,3.4145488738336,0.0135935639087853,8.32985478866317e-05,1.35935639087853e-05,1719.55462007946,0.0263267308264022,1.98574042923116,-0.00211005424328758,0
GFM-MWT+AD,rpc,k_pq,k_iq,3.4145488738336,0.0184784979742229,8.32985478866317e-05,1.84784979742229e-05,1719.55460359654,0.0263597758602255,1.98573428275787,-0.00211270928867272,0
GFM-MWT+AD,rpc,k_pq,k_iq,3.4145488738336,0.0251188643150958,8.32985478866317e-05,2.51188643150958e-05,1719.55458119139,0.0264048243613408,1.98572594278481,-0.00211632875259304,0
GFM-MWT+AD,rpc,k_pq,k_iq,3.4145488738336,0.034145488738336,8.32985478866317e-05,3.4145488738336e-05,1719.55455073468,0.0264662982656177,1.9857146341848,-0.00212126790260563,0
GFM-MWT+AD,rpc,k_pq,k_iq,3.4145488738336,0.0464158883361278,8.32985478866317e-05,4.64158883361278e-05,1719.55450933259,0.0265502993331682,1.98569931466719,-0.00212801695627952,0
GFM-MWT+AD,rpc,k_pq,k_iq,3.4145488738336,0.0630957344480193,8.32985478866317e-05,6.30957344480193e-05,1719.55445305356,0.0266652883455993,1.98567858875581,-0.00213725563663274,0
GFM-MWT+AD,rpc,k_pq,k_iq,3.4145488738336,0.0857695898590894,8.32985478866317e-05,8.57695898590894e-05,1719.55437654932,0.0268230694412744,1.98565059992049,-0.00214993223101567,0
GFM-MWT+AD,rpc,k_pq,k_iq,3.4145488738336,0.116591440117983,8.32985478866317e-05,0.000116591440117983,1719.5542725525,0.0270402382058614,1.98561290150256,-0.00216737988630554,0
GFM-MWT+AD,rpc,k_pq,k_iq,3.4145488738336,0.158489319246111,8.32985478866317e-05,0.000158489319246111,1719.55413118515,0.0273403407278949,1.9855623154105,-0.00219148998241824,0
GFM-MWT+AD,rpc,k_pq,k_iq,3.4145488738336,0.215443469003188,8.32985478866317e-05,0.000215443469003188,1719.55393901428,0.0277571341931488,1.9854948083192,-0.00222497392563621,0
GFM-MWT+AD,rpc,k_pq,k_iq,3.4145488738336,0.292864456462524,8.32985478866317e-05,0.000292864456462524,1719.55367778644,0.0283395396439965,1.98540545975146,-0.0022717607420315,0
GFM-MWT+AD,rpc,k_pq,k_iq,3.4145488738336,0.398107170553497,8.32985478866317e-05,0.000398107170553497,1719.55332268346,0.0291591220326555,1.98528869526487,-0.00233759741805474,0
GFM-MWT+AD,rpc,k_pq,k_iq,3.4145488738336,0.541169526546464,8.32985478866317e-05,0.000541169526546464,1719.55283997207,0.0303210362242294,1.98513916077977,-0.00243092707626608,0
GFM-MWT+AD,rpc,k_pq,k_iq,3.4145488738336,0.735642254459641,8.32985478866317e-05,0.000735642254459641,1719.55218379229,0.0319787055155611,1.9849540110108,-0.00256406561447149,0
GFM-MWT+AD,rpc,k_pq,k_iq,3.4145488738336,1,8.32985478866317e-05,0.001,1719.55129180576,0.03434906909325,1.98473804621285,-0.00275442061951052,0
GFM-MWT+AD,rpc,k_pq,k_iq,3.4145488738336,1.35935639087853,8.32985478866317e-05,0.00135935639087853,1719.55007927119,0.0377143092686983,1.98451380882312,-0.00302461553187457,0
GFM-MWT+AD,rpc,k_pq,k_iq,3.4145488738336,1.84784979742229,8.32985478866317e-05,0.00184784979742229,1719.54843099153,0.0423703624748666,1.98433773869934,-0.00339831952908464,0
GFM-MWT+AD,rpc,k_pq,k_iq,3.4145488738336,2.51188643150958,8.32985478866317e-05,0.00251188643150958,1719.54619036557,0.0484491615280024,1.98431552424133,-0.00388590686959695,0
GFM-MWT+AD,rpc,k_pq,k_iq,3.4145488738336,3.4145488738336,8.32985478866317e-05,0.0034145488738336,1719.54314451111,0.0555808887689221,1.98458928844839,-0.00445728764473593,0
GFM-MWT+AD,rpc,k_pq,k_iq,3.4145488738336,4.64158883361278,8.32985478866317e-05,0.00464158883361278,1719.53900402312,0.0626398089913549,1.98525882134696,-0.0050216674153397,0
GFM-MWT+AD,rpc,k_pq,k_iq,3.4145488738336,6.30957344480193,8.32985478866317e-05,0.00630957344480193,1719.53337546602,0.0681286130875529,1.98627020867792,-0.00545889674624375,0
GFM-MWT+AD,rpc,k_pq,k_iq,3.4145488738336,8.57695898590894,8.32985478866317e-05,0.00857695898590894,1719.52572395946,0.0711650566878239,1.98741381529396,-0.00569890705897186,0
GFM-MWT+AD,rpc,k_pq,k_iq,3.4145488738336,11.6591440117983,8.32985478866317e-05,0.0116591440117983,1719.51532229353,0.071968079674158,1.98846772806212,-0.00576015664828269,0
GFM-MWT+AD,rpc,k_pq,k_iq,3.4145488738336,15.8489319246111,8.32985478866317e-05,0.0158489319246111,1719.50118172384,0.0713714228210514,1.98931614018991,-0.00570996702422606,0
GFM-MWT+AD,rpc,k_pq,k_iq,3.4145488738336,21.5443469003188,8.32985478866317e-05,0.0215443469003188,1719.48195780364,0.0701668111231233,1.98994723389509,-0.00561181663268789,0
GFM-MWT+AD,rpc,k_pq,k_iq,3.4145488738336,29.2864456462524,8.32985478866317e-05,0.0292864456462524,1719.45582223087,0.0688483333611227,1.99039847928719,-0.00550512203913728,0
GFM-MWT+AD,rpc,k_pq,k_iq,3.4145488738336,39.8107170553497,8.32985478866317e-05,0.0398107170553497,1719.4202883655,0.0676499208614008,1.99071622291774,-0.00540843627467651,0
GFM-MWT+AD,rpc,k_pq,k_iq,3.4145488738336,54.1169526546464,8.32985478866317e-05,0.0541169526546464,1719.37197351496,0.0666508950687345,1.99093947881759,-0.00532797152294493,0
GFM-MWT+AD,rpc,k_pq,k_iq,3.4145488738336,73.5642254459641,8.32985478866317e-05,0.0735642254459641,1719.30627485387,0.0658560666659819,1.99109698777513,-0.00526401947653807,0
GFM-MWT+AD,rpc,k_pq,k_iq,3.4145488738336,100,8.32985478866317e-05,0.1,1719.2169270841,0.0652407088846793,1.99120882750852,-0.00521454103450954,0
GFM-MWT+AD,rpc,k_pq,k_iq,4.64158883361278,0.01,0.000113232413420594,1e-05,1720.23306654789,0.029048431133528,1.98611909932131,-0.00232775007314713,0
GFM-MWT+AD,rpc,k_pq,k_iq,4.64158883361278,0.0135935639087853,0.000113232413420594,1.35935639087853e-05,1720.23305440816,0.0290696627149005,1.9861152139228,-0.00232945598013818,0
GFM-MWT+AD,rpc,k_pq,k_iq,4.64158883361278,0.0184784979742229,0.000113232413420594,1.84784979742229e-05,1720.23303790636,0.0290985793634981,1.98610993901201,-0.00233177935488178,0
GFM-MWT+AD,rpc,k_pq,k_iq,4.64158883361278,0.0251188643150958,0.000113232413420594,2.51188643150958e-05,1720.23301547429,0.0291379897691487,1.98610278107859,-0.00233494585781072,0
GFM-MWT+AD,rpc,k_pq,k_iq,4.64158883361278,0.034145488738336,0.000113232413420594,3.4145488738336e-05,1720.23298498105,0.0291917512596682,1.98609307418878,-0.00233926539444801,0
GFM-MWT+AD,rpc,k_pq,k_iq,4.64158883361278,0.0464158883361278,0.000113232413420594,4.64158883361278e-05,1720.23294352979,0.0292651793561103,1.98607992237556,-0.00234516501289939,0
GFM-MWT+AD,rpc,k_pq,k_iq,4.64158883361278,0.0630957344480193,0.000113232413420594,6.30957344480193e-05,1720.2328871831,0.0293656325708349,1.9860621251992,-0.00235323587342625,0
GFM-MWT+AD,rpc,k_pq,k_iq,4.64158883361278,0.0857695898590894,0.000113232413420594,8.57695898590894e-05,1720.23281058744,0.0295033551520122,1.98603808374034,-0.00236430092888845,0
GFM-MWT+AD,rpc,k_pq,k_iq,4.64158883361278,0.116591440117983,0.000113232413420594,0.000116591440117983,1720.23270646668,0.0296927108773841,1.98600568700261,-0.00237951399739824,0
GFM-MWT+AD,rpc,k_pq,k_iq,4.64158883361278,0.158489319246111,0.000113232413420594,0.000158489319246111,1720.23256492932,0.0299540139679157,1.98596218510401,-0.00240050676113986,0
GFM-MWT+AD,rpc,k_pq,k_iq,4.64158883361278,0.215443469003188,0.000113232413420594,0.000215443469003188,1720.23237252996,0.0303162791796265,1.98590407109618,-0.00242960952487299,0
GFM-MWT+AD,rpc,k_pq,k_iq,4.64158883361278,0.292864456462524,0.000113232413420594,0.000292864456462524,1720.23211098978,0.030821386853479,1.98582702908977,-0.00247018548591941,0
GFM-MWT+AD,rpc,k_pq,k_iq,4.64158883361278,0.398107170553497,0.000113232413420594,0.000398107170553497,1720.23175546297,0.0315303697936866,1.98572608223323,-0.00252713515265884,0
GFM-MWT+AD,rpc,k_pq,k_iq,4.64158883361278,0.541169526546464,0.000113232413420594,0.000541169526546464,1720.23127217452,0.0325326726375943,1.98559623406384,-0.00260763893971674,0
GFM-MWT+AD,rpc,k_pq,k_iq,4.64158883361278,0.735642254459641,0.000113232413420594,0.000735642254459641,1720.23061521048,0.0339588490174074,1.98543421170484,-0.00272217463858279,0
GFM-MWT+AD,rpc,k_pq,k_iq,4.64158883361278,1,0.000113232413420594,0.001,1720.22972215868,0.0359948120166123,1.98524246651503,-0.00288565679154085,0
GFM-MWT+AD,rpc,k_pq,k_iq,4.64158883361278,1.35935639087853,0.000113232413420594,0.00135935639087853,1720.22850817494,0.0388878188196555,1.98503725103588,-0.00311790547221263,0
GFM-MWT+AD,rpc,k_pq,k_iq,4.64158883361278,1.84784979742229,0.000113232413420594,0.00184784979742229,1720.22685792486,0.0429144746477344,1.98486225546824,-0.00344105003494497,0
GFM-MWT+AD,rpc,k_pq,k_iq,4.64158883361278,2.51188643150958,0.000113232413420594,0.00251188643150958,1720.22461462154,0.0482497936971318,1.9848040321762,-0.0038689641752455,0
GFM-MWT+AD,rpc,k_pq,k_iq,4.64158883361278,3.4145488738336,0.000113232413420594,0.0034145488738336,1720.22156512594,0.0546855437978379,1.98498921112221,-0.00438460365470368,0
GFM-MWT+AD,rpc,k_pq,k_iq,4.64158883361278,4.64158883361278,0.000113232413420594,0.00464158883361278,1720.21741968778,0.061341385177224,1.98552742733136,-0.00491691352092676,0
GFM-MWT+AD,rpc,k_pq,k_iq,4.64158883361278,6.30957344480193,0.000113232413420594,0.00630957344480193,1720.21178439926,0.0668477339690905,1.98640709377389,-0.00535589846235742,0
GFM-MWT+AD,rpc,k_pq,k_iq,4.64158883361278,8.57695898590894,0.000113232413420594,0.00857695898590894,1720.2041237372,0.0701889907655131,1.98745972264205,-0.0056206162319358,0
GFM-MWT+AD,rpc,k_pq,k_iq,4.64158883361278,11.6591440117983,0.000113232413420594,0.0116591440117983,1720.19370961835,0.0713458180325717,1.98847019632612,-0.0057103468261064,0
GFM-MWT+AD,rpc,k_pq,k_iq,4.64158883361278,15.8489319246111,0.000113232413420594,0.0158489319246111,1720.17955210852,0.071016553716138,1.98930541553668,-0.00568160778491897,0
GFM-MWT+AD,rpc,k_pq,k_iq,4.64158883361278,21.5443469003188,0.000113232413420594,0.0215443469003188,1720.16030513275,0.0699763849348458,1.98993607766649,-0.00559661853815588,0
GFM-MWT+AD,rpc,k_pq,k_iq,4.64158883361278,29.2864456462524,0.000113232413420594,0.0292864456462524,1720.13413817388,0.0687489555815778,1.99039029224057,-0.00549719862953658,0
GFM-MWT+AD,rpc,k_pq,k_iq,4.64158883361278,39.8107170553497,0.000113232413420594,0.0398107170553497,1720.0985615544,0.0675985119681992,1.9907109684048,-0.00540434065104816,0
GFM-MWT+AD,rpc,k_pq,k_iq,4.64158883361278,54.1169526546464,0.000113232413420594,0.0541169526546464,1720.05018842576,0.0666242739466389,1.99093632487937,-0.0053258519678563,0
GFM-MWT+AD,rpc,k_pq,k_iq,4.64158883361278,73.5642254459641,0.000113232413420594,0.0735642254459641,1719.98441024228,0.0658422079017162,1.99109516427319,-0.0052629165656706,0
GFM-MWT+AD,rpc,k_pq,k_iq,4.64158883361278,100,0.000113232413420594,0.1,1719.8949538169,0.0652334462076333,1.99120779659342,-0.00521396326045149,0
GFM-MWT+AD,rpc,k_pq,k_iq,6.30957344480193,0.01,0.000153923204837883,1e-05,1721.1734704455,0.0321925300718192,1.98655653298671,-0.00257912783533709,0
GFM-MWT+AD,rpc,k_pq,k_iq,6.30957344480193,0.0135935639087853,0.000153923204837883,1.35935639087853e-05,1721.17345828836,0.0322104718822841,1.98655332348916,-0.00258056941605436,0
GFM-MWT+AD,rpc,k_pq,k_iq,6.30957344480193,0.0184784979742229,0.000153923204837883,1.84784979742229e-05,1721.17344176278,0.032234902888825,1.98654896589297,-0.00258253237878885,0
GFM-MWT+AD,rpc,k_pq,k_iq,6.30957344480193,0.0251188643150958,0.000153923204837883,2.51188643150958e-05,1721.17341929773,0.0322681903425955,1.98654305213525,-0.00258520691540048,0
GFM-MWT+AD,rpc,k_pq,k_iq,6.30957344480193,0.034145488738336,0.000153923204837883,3.4145488738336e-05,1721.17338876038,0.0323135815115806,1.98653503132103,-0.00258885391462447,0
GFM-MWT+AD,rpc,k_pq,k_iq,6.30957344480193,0.0464158883361278,0.000153923204837883,4.64158883361278e-05,1721.17334724977,0.0323755454295189,1.9865241618511,-0.0025938324112214,0
GFM-MWT+AD,rpc,k_pq,k_iq,6.30957344480193,0.0630957344480193,0.000153923204837883,6.30957344480193e-05,1721.17329082151,0.0324602564409103,1.98650944908676,-0.00260063842061248,0
GFM-MWT+AD,rpc,k_pq,k_iq,6.30957344480193,0.0857695898590894,0.000153923204837883,8.57695898590894e-05,1721.17321411492,0.0325762897904018,1.98648956640945,-0.00260996079548365,0
GFM-MWT+AD,rpc,k_pq,k_iq,6.30957344480193,0.116591440117983,0.000153923204837883,0.000116591440117983,1721.17310984393,0.0327356327791528,1.9864627585993,-0.00262276241013795,0
GFM-MWT+AD,rpc,k_pq,k_iq,6.30957344480193,0.158489319246111,0.000153923204837883,0.000158489319246111,1721.17296810304,0.032955175798671,1.98642673142629,-0.0026403998509337,0
GFM-MWT+AD,rpc,k_pq,k_iq,6.30957344480193,0.215443469003188,0.000153923204837883,0.000215443469003188,1721.17277542538,0.0332589398862491,1.98637854270018,-0.00266480218984989,0
GFM-MWT+AD,rpc,k_pq,k_iq,6.30957344480193,0.292864456462524,0.000153923204837883,0.000292864456462524,1721.17251350774,0.0336814342943796,1.98631453568906,-0.00269874037620199,0
GFM-MWT+AD,rpc,k_pq,k_iq,6.30957344480193,0.398107170553497,0.000153923204837883,0.000398107170553497,1721.17215746757,0.0342727181875098,1.98623041173303,-0.00274623322221889,0
GFM-MWT+AD,rpc,k_pq,k_iq,6.30957344480193,0.541169526546464,0.000153923204837883,0.000541169526546464,1721.17167348121,0.0351059009935906,1.98612165692276,-0.00281314870465832,0
GFM-MWT+AD,rpc,k_pq,k_iq,6.30957344480193,0.735642254459641,0.000153923204837883,0.000735642254459641,1721.17101556898,0.0362876545009057,1.98598477240301,-0.00290804604692751,0
GFM-MWT+AD,rpc,k_pq,k_iq,6.30957344480193,1,0.000153923204837883,0.001,1721.17012122699,0.0379708875329479,1.98582018365989,-0.00304318916225436,0
GFM-MWT+AD,rpc,k_pq,k_iq,6.30957344480193,1.35935639087853,0.000153923204837883,0.00135935639087853,1721.16890549148,0.0403634876105277,1.98563829735601,-0.00323523924905197,0
GFM-MWT+AD,rpc,k_pq,k_iq,6.30957344480193,1.84784979742229,0.000153923204837883,0.00184784979742229,1721.16725285837,0.043712864507129,1.98547030883862,-0.00350399385085652,0
GFM-MWT+AD,rpc,k_pq,k_iq,6.30957344480193,2.51188643150958,0.000153923204837883,0.00251188643150958,1721.16500631427,0.0482197282278533,1.98538243782378,-0.00386542694339862,0
GFM-MWT+AD,rpc,k_pq,k_iq,6.30957344480193,3.4145488738336,0.000153923204837883,0.0034145488738336,1721.16195241327,0.053823169434355,1.98548086981259,-0.00431439248418489,0
GFM-MWT+AD,rpc,k_pq,k_iq,6.30957344480193,4.64158883361278,0.000153923204837883,0.00464158883361278,1721.15780098539,0.0599123912452235,1.98587708926595,-0.00480152742224047,0
GFM-MWT+AD,rpc,k_pq,k_iq,6.30957344480193,6.30957344480193,0.000153923204837883,0.00630957344480193,1721.1521575521,0.0653221291046773,1.98660018445166,-0.00523316038313952,0
GFM-MWT+AD,rpc,k_pq,k_iq,6.30957344480193,8.57695898590894,0.000153923204837883,0.00857695898590894,1721.14448581187,0.0689569745313604,1.98753386923051,-0.00552175548585835,0
GFM-MWT+AD,rpc,k_pq,k_iq,6.30957344480193,11.6591440117983,0.000153923204837883,0.0116591440117983,1721.13405662527,0.0705283181499521,1.9884816625122,-0.00564488565924449,0
GFM-MWT+AD,rpc,k_pq,k_iq,6.30957344480193,15.8489319246111,0.000153923204837883,0.0158489319246111,1721.11987861119,0.0705388216850362,1.98929491736412,-0.00564341831785032,0
GFM-MWT+AD,rpc,k_pq,k_iq,6.30957344480193,21.5443469003188,0.000153923204837883,0.0215443469003188,1721.10060373218,0.0697166826313904,1.98992266521383,-0.00557588612013131,0
GFM-MWT+AD,rpc,k_pq,k_iq,6.30957344480193,29.2864456462524,0.000153923204837883,0.0292864456462524,1721.07439877588,0.0686126475744302,1.99037985945226,-0.00548632846210608,0
GFM-MWT+AD,rpc,k_pq,k_iq,6.30957344480193,39.8107170553497,0.000153923204837883,0.0398107170553497,1721.0387703877,0.0675278846420776,1.990704092862,-0.0053987129741495,0
GFM-MWT+AD,rpc,k_pq,k_iq,6.30957344480193,54.1169526546464,0.000153923204837883,0.0541169526546464,1720.99032666836,0.0665877170337887,1.99093213890939,-0.00532294093305223,0
GFM-MWT+AD,rpc,k_pq,k_iq,6.30957344480193,73.5642254459641,0.000153923204837883,0.0735642254459641,1720.92445212008,0.0658232017158359,1.99109272394551,-0.00526140384862356,0
GFM-MWT+AD,rpc,k_pq,k_iq,6.30957344480193,100,0.000153923204837883,0.1,1720.83486395193,0.0652235015831489,1.99120640989024,-0.00521317206091418,0
GFM-MWT+AD,rpc,k_pq,k_iq,8.57695898590894,0.01,0.000209236492200881,1e-05,1722.48620296671,0.0356498298739882,1.98704904180818,-0.00285540185222464,0
GFM-MWT+AD,rpc,k_pq,k_iq,8.57695898590894,0.0135935639087853,0.000209236492200881,1.35935639087853e-05,1722.48619078983,0.0356643920050553,1.98704650188246,-0.00285657185968663,0
GFM-MWT+AD,rpc,k_pq,k_iq,8.57695898590894,0.0184784979742229,0.000209236492200881,1.84784979742229e-05,1722.48617423823,0.0356842165761699,1.9870430530809,-0.00285816467445269,0
GFM-MWT+AD,rpc,k_pq,k_iq,8.57695898590894,0.0251188643150958,0.000209236492200881,2.51188643150958e-05,1722.48615173751,0.0357112193629724,1.98703837206789,-0.00286033421146443,0
GFM-MWT+AD,rpc,k_pq,k_iq,8.57695898590894,0.034145488738336,0.000209236492200881,3.4145488738336e-05,1722.48612115119,0.0357480259039575,1.98703202217158,-0.00286329140268365,0
GFM-MWT+AD,rpc,k_pq,k_iq,8.57695898590894,0.0464158883361278,0.000209236492200881,4.64158883361278e-05,1722.48607957319,0.0357982431042903,1.98702341500306,-0.00286732601133733,0
GFM-MWT+AD,rpc,k_pq,k_iq,8.57695898590894,0.0630957344480193,0.000209236492200881,6.30957344480193e-05,1722.48602305467,0.0358668447485643,1.9870117606119,-0.00287283759046542,0
GFM-MWT+AD,rpc,k_pq,k_iq,8.57695898590894,0.0857695898590894,0.000209236492200881,8.57695898590894e-05,1722.48594622558,0.0359607205665006,1.98699600364074,-0.00288037956932609,0
GFM-MWT+AD,rpc,k_pq,k_iq,8.57695898590894,0.116591440117983,0.000209236492200881,0.000116591440117983,1722.48584178678,0.0360894697461478,1.98697474426855,-0.00289072295544337,0
GFM-MWT+AD,rpc,k_pq,k_iq,8.57695898590894,0.158489319246111,0.000209236492200881,0.000158489319246111,1722.48569981726,0.0362665633808819,1.98694614587956,-0.00290494963275557,0
GFM-MWT+AD,rpc,k_pq,k_iq,8.57695898590894,0.215443469003188,0.000209236492200881,0.000215443469003188,1722.48550683116,0.0365110681333629,1.98690783848457,-0.0029245906666271,0
GFM-MWT+AD,rpc,k_pq,k_iq,8.57695898590894,0.292864456462524,0.000209236492200881,0.000292864456462524,1722.48524449299,0.0368502291759019,1.9868568449381,-0.00295183349064078,0
GFM-MWT+AD,rpc,k_pq,k_iq,8.57695898590894,0.398107170553497,0.000209236492200881,0.000398107170553497,1722.48488788088,0.0373233565307561,1.98678959506662,-0.00298983352304754,0
GFM-MWT+AD,rpc,k_pq,k_iq,8.57695898590894,0.541169526546464,0.000209236492200881,0.000541169526546464,1722.48440311666,0.037987606807051,1.98670217312831,-0.00304317752599559,0
GFM-MWT+AD,rpc,k_pq,k_iq,8.57695898590894,0.735642254459641,0.000209236492200881,0.000735642254459641,1722.48374414803,0.0389262531705392,1.98659110843772,-0.00311854586284049,0
GFM-MWT+AD,rpc,k_pq,k_iq,8.57695898590894,1,0.000209236492200881,0.001,1722.48284836924,0.0402592992031687,1.98645532556588,-0.00322556115842328,0
GFM-MWT+AD,rpc,k_pq,k_iq,8.57695898590894,1.35935639087853,0.000209236492200881,0.00135935639087853,1722.48163067987,0.0421532104544673,1.98630035074,-0.00337756248249891,0
GFM-MWT+AD,rpc,k_pq,k_iq,8.57695898590894,1.84784979742229,0.000209236492200881,0.00184784979742229,1722.4799753917,0.0448174661468083,1.98614624255088,-0.00359131423587798,0
GFM-MWT+AD,rpc,k_pq,k_iq,8.57695898590894,2.51188643150958,0.000209236492200881,0.00251188643150958,1722.47772523757,0.048456095966448,1.98603949259396,-0.00388308947635801,0
GFM-MWT+AD,rpc,k_pq,k_iq,8.57695898590894,3.4145488738336,0.000209236492200881,0.0034145488738336,1722.47466642811,0.0531219569250143,1.98606231732711,-0.00425693864280803,0
GFM-MWT+AD,rpc,k_pq,k_iq,8.57695898590894,4.64158883361278,0.000209236492200881,0.00464158883361278,1722.47050832559,0.0584675045523297,1.98631771531583,-0.00468469378172235,0
GFM-MWT+AD,rpc,k_pq,k_iq,8.57695898590894,6.30957344480193,0.000209236492200881,0.00630957344480193,1722.46485581463,0.0636043756429288,1.98686640490367,-0.00509486665833224,0
GFM-MWT+AD,rpc,k_pq,k_iq,8.57695898590894,8.57695898590894,0.000209236492200881,0.00857695898590894,1722.45717172774,0.0674569786782032,1.98765111324183,-0.00540132768800599,0
GFM-MWT+AD,rpc,k_pq,k_iq,8.57695898590894,11.6591440117983,0.000209236492200881,0.0116591440117983,1722.44672574231,0.0694760308807292,1.98851046998249,-0.00556058565333609,0
GFM-MWT+AD,rpc,k_pq,k_iq,8.57695898590894,15.8489319246111,0.000209236492200881,0.0158489319246111,1722.43252487111,0.0699017613377988,1.98928779241211,-0.00559247229796452,0
GFM-MWT+AD,rpc,k_pq,k_iq,8.57695898590894,21.5443469003188,0.000209236492200881,0.0215443469003188,1722.41321887131,0.069363498000246,1.98990761962234,-0.00554768150338801,0
GFM-MWT+AD,rpc,k_pq,k_iq,8.57695898590894,29.2864456462524,0.000209236492200881,0.0292864456462524,1722.38697152808,0.0684255498436972,1.99036696734639,-0.00547140384760772,0
GFM-MWT+AD,rpc,k_pq,k_iq,8.57695898590894,39.8107170553497,0.000209236492200881,0.0398107170553497,1722.35128536123,0.0674306309752908,1.99069524550144,-0.00539096193182389,0
GFM-MWT+AD,rpc,k_pq,k_iq,8.57695898590894,54.1169526546464,0.000209236492200881,0.0541169526546464,1722.30276280552,0.0665373772003779,1.9909266384284,-0.00531893163657068,0
GFM-MWT+AD,rpc,k_pq,k_iq,8.57695898590894,73.5642254459641,0.000209236492200881,0.0735642254459641,1722.23678055214,0.0657970668387576,1.99108947865342,-0.00525932345597869,0
GFM-MWT+AD,rpc,k_pq,k_iq,8.57695898590894,100,0.000209236492200881,0.1,1722.14704496546,0.0652098528380883,1.99120455227339,-0.00521208603843958,0
GFM-MWT+AD,rpc,k_pq,k_iq,11.6591440117983,0.01,0.000284426962878273,1e-05,1724.33626803867,0.0392861882273132,1.98758052546266,-0.00314581473965332,0
GFM-MWT+AD,rpc,k_pq,k_iq,11.6591440117983,0.0135935639087853,0.000284426962878273,1.35935639087853e-05,1724.33625584369,0.0392974923715729,1.98757860611497,-0.00314672294100406,0
GFM-MWT+AD,rpc,k_pq,k_iq,11.6591440117983,0.0184784979742229,0.000284426962878273,1.84784979742229e-05,1724.33623926762,0.0393128781461194,1.98757599968475,-0.0031479590634571,0
GFM-MWT+AD,rpc,k_pq,k_iq,11.6591440117983,0.0251188643150958,0.000284426962878273,2.51188643150958e-05,1724.33621673352,0.0393338285421989,1.98757246150464,-0.00314964224608636,0
GFM-MWT+AD,rpc,k_pq,k_iq,11.6591440117983,0.034145488738336,0.000284426962878273,3.4145488738336e-05,1724.33618610246,0.0393623733551975,1.98756766093186,-0.00315193555185065,0
GFM-MWT+AD,rpc,k_pq,k_iq,11.6591440117983,0.0464158883361278,0.000284426962878273,4.64158883361278e-05,1724.3361444641,0.039401296996095,1.98756115206803,-0.00315506265702312,0
GFM-MWT+AD,rpc,k_pq,k_iq,11.6591440117983,0.0630957344480193,0.000284426962878273,6.30957344480193e-05,1724.33608786247,0.039454431095989,1.98755233551589,-0.00315933134698387,0
GFM-MWT+AD,rpc,k_pq,k_iq,11.6591440117983,0.0857695898590894,0.000284426962878273,8.57695898590894e-05,1724.33601092137,0.0395270686256858,1.98754040896812,-0.00316516676446076,0
GFM-MWT+AD,rpc,k_pq,k_iq,11.6591440117983,0.116591440117983,0.000284426962878273,0.000116591440117983,1724.33590632942,0.0396265593722554,1.98752430543131,-0.00317315920781371,0
GFM-MWT+AD,rpc,k_pq,k_iq,11.6591440117983,0.158489319246111,0.000284426962878273,0.000158489319246111,1724.33576415226,0.0397631736779636,1.98750261908851,-0.00318413344545025,0
GFM-MWT+AD,rpc,k_pq,k_iq,11.6591440117983,0.215443469003188,0.000284426962878273,0.000215443469003188,1724.33557088278,0.0399513742795914,1.98747352393204,-0.00319925074885187,0
GFM-MWT+AD,rpc,k_pq,k_iq,11.6591440117983,0.292864456462524,0.000284426962878273,0.000292864456462524,1724.33530816093,0.0402117079915096,1.98743470084549,-0.00322016059827161,0
GFM-MWT+AD,rpc,k_pq,k_iq,11.6591440117983,0.398107170553497,0.000284426962878273,0.000398107170553497,1724.33495102676,0.0405736402234499,1.98738331326093,-0.0032492279019205,0
GFM-MWT+AD,rpc,k_pq,k_iq,11.6591440117983,0.541169526546464,0.000284426962878273,0.000541169526546464,1724.33446555257,0.04107978298193,1.98731612240371,-0.00328987173576363,0
GFM-MWT+AD,rpc,k_pq,k_iq,11.6591440117983,0.735642254459641,0.000284426962878273,0.000735642254459641,1724.33380561834,0.0417920419168833,1.98722993884308,-0.00334705746208537,0
GFM-MWT+AD,rpc,k_pq,k_iq,11.6591440117983,1,0.000284426962878273,0.001,1724.33290852863,0.0427999204805316,1.98712281104948,-0.00342796069164477,0
GFM-MWT+AD,rpc,k_pq,k_iq,11.6591440117983,1.35935639087853,0.000284426962878273,0.00135935639087853,1724.33168905526,0.0442296529151716,1.98699670028039,-0.00354269522294442,0
GFM-MWT+AD,rpc,k_pq,k_iq,11.6591440117983,1.84784979742229,0.000284426962878273,0.00184784979742229,1724.33003134148,0.0462477211829764,1.98686280368034,-0.00370458539525452,0
GFM-MWT+AD,rpc,k_pq,k_iq,11.6591440117983,2.51188643150958,0.000284426962878273,0.00251188643150958,1724.32777789127,0.0490397022610461,1.98675046403951,-0.00392845047132067,0
GFM-MWT+AD,rpc,k_pq,k_iq,11.6591440117983,3.4145488738336,0.000284426962878273,0.0034145488738336,1724.32471459787,0.0527255848294771,1.98671732650085,-0.00422378286372547,0
GFM-MWT+AD,rpc,k_pq,k_iq,11.6591440117983,4.64158883361278,0.000284426962878273,0.00464158883361278,1724.32055039778,0.0571768143129403,1.98684824210618,-0.00458005648852057,0
GFM-MWT+AD,rpc,k_pq,k_iq,11.6591440117983,6.30957344480193,0.000284426962878273,0.00630957344480193,1724.31488959215,0.0618191177269894,1.98721950426323,-0.00495098682158556,0
GFM-MWT+AD,rpc,k_pq,k_iq,11.6591440117983,8.57695898590894,0.000284426962878273,0.00857695898590894,1724.30719422205,0.0657262431462633,1.98782973126153,-0.00526227749092726,0
GFM-MWT+AD,rpc,k_pq,k_iq,11.6591440117983,11.6591440117983,0.000284426962878273,0.0116591440117983,1724.29673288008,0.0681651164093877,1.98856967381655,-0.00545550599531511,0
GFM-MWT+AD,rpc,k_pq,k_iq,11.6591440117983,15.8489319246111,0.000284426962878273,0.0158489319246111,1724.28251109917,0.0690665575905003,1.98929019006933,-0.00552564743141495,0
GFM-MWT+AD,rpc,k_pq,k_iq,11.6591440117983,21.5443469003188,0.000284426962878273,0.0215443469003188,1724.26317661673,0.0688864146995321,1.98989287063618,-0.00550956645446461,0
GFM-MWT+AD,rpc,k_pq,k_iq,11.6591440117983,29.2864456462524,0.000284426962878273,0.0292864456462524,1724.2368904416,0.0681689733429161,1.99035181857918,-0.00545092972407762,0
GFM-MWT+AD,rpc,k_pq,k_iq,11.6591440117983,39.8107170553497,0.000284426962878273,0.0398107170553497,1724.20115128066,0.0672964520049969,1.99068415041742,-0.00538026485271528,0
GFM-MWT+AD,rpc,k_pq,k_iq,11.6591440117983,54.1169526546464,0.000284426962878273,0.0541169526546464,1724.15255630006,0.0664678466809921,1.99091951736916,-0.00531339259730448,0
GFM-MWT+AD,rpc,k_pq,k_iq,11.6591440117983,73.5642254459641,0.000284426962878273,0.0735642254459641,1724.08647487887,0.0657610140669868,1.99108520226166,-0.00525645303708056,0
GFM-MWT+AD,rpc,k_pq,k_iq,11.6591440117983,100,0.000284426962878273,0.1,1723.99660316765,0.0651910654490494,1.99120207848985,-0.00521059091605315,0
GFM-MWT+AD,rpc,k_pq,k_iq,15.8489319246111,0.01,0.000386637609726749,1e-05,1726.97749967857,0.0429360640420583,1.98812841641358,-0.00343712529223073,0
GFM-MWT+AD,rpc,k_pq,k_iq,15.8489319246111,0.0135935639087853,0.000386637609726749,1.35935639087853e-05,1726.97748747768,0.0429444362504869,1.98812703325513,-0.00343779788947894,0
GFM-MWT+AD,rpc,k_pq,k_iq,15.8489319246111,0.0184784979742229,0.000386637609726749,1.84784979742229e-05,1726.97747089362,0.0429558289433922,1.98812515473575,-0.00343871313826392,0
GFM-MWT+AD,rpc,k_pq,k_iq,15.8489319246111,0.0251188643150958,0.000386637609726749,2.51188643150958e-05,1726.97744834843,0.042971337472317,1.98812260428017,-0.00343995902995035,0
GFM-MWT+AD,rpc,k_pq,k_iq,15.8489319246111,0.034145488738336,0.000386637609726749,3.4145488738336e-05,1726.97741770234,0.0429924593161385,1.98811914307576,-0.00344165585603098,0
GFM-MWT+AD,rpc,k_pq,k_iq,15.8489319246111,0.0464158883361278,0.000386637609726749,4.64158883361278e-05,1726.97737604262,0.0430212457106294,1.98811444880574,-0.00344396838456472,0
GFM-MWT+AD,rpc,k_pq,k_iq,15.8489319246111,0.0630957344480193,0.000386637609726749,6.30957344480193e-05,1726.97731941367,0.0430605132144356,1.9881080875276,-0.00344712284777661,0
GFM-MWT+AD,rpc,k_pq,k_iq,15.8489319246111,0.0857695898590894,0.000386637609726749,8.57695898590894e-05,1726.97724243333,0.0431141429531695,1.98809947733212,-0.00345143096506995,0
GFM-MWT+AD,rpc,k_pq,k_iq,15.8489319246111,0.116591440117983,0.000386637609726749,0.000116591440117983,1726.97713778963,0.0431875055426186,1.98808784208847,-0.00345732404850014,0
GFM-MWT+AD,rpc,k_pq,k_iq,15.8489319246111,0.158489319246111,0.000386637609726749,0.000158489319246111,1726.97699554227,0.0432880742419223,1.9880721547874,-0.00346540220268406,0
GFM-MWT+AD,rpc,k_pq,k_iq,15.8489319246111,0.215443469003188,0.000386637609726749,0.000215443469003188,1726.97680217614,0.0434263182565329,1.98805107251268,-0.00347650598098008,0
GFM-MWT+AD,rpc,k_pq,k_iq,15.8489319246111,0.292864456462524,0.000386637609726749,0.000292864456462524,1726.97653932291,0.0436170220708263,1.98802287127418,-0.00349182217430006,0
GFM-MWT+AD,rpc,k_pq,k_iq,15.8489319246111,0.398107170553497,0.000386637609726749,0.000398107170553497,1726.97618201128,0.0438812483093747,1.98798540255343,-0.00351304112822658,0
GFM-MWT+AD,rpc,k_pq,k_iq,15.8489319246111,0.541169526546464,0.000386637609726749,0.000541169526546464,1726.97569629598,0.0442492676544965,1.98793612448466,-0.00354259143292919,0
GFM-MWT+AD,rpc,k_pq,k_iq,15.8489319246111,0.735642254459641,0.000386637609726749,0.000735642254459641,1726.97503603229,0.0447648655384791,1.98787232140477,-0.00358398464187281,0
GFM-MWT+AD,rpc,k_pq,k_iq,15.8489319246111,1,0.000386637609726749,0.001,1726.97413849523,0.0454913921222238,1.98779175159942,-0.00364229899487578,0
GFM-MWT+AD,rpc,k_pq,k_iq,15.8489319246111,1.35935639087853,0.000386637609726749,0.00135935639087853,1726.97291841376,0.0465192644140887,1.98769418876481,-0.00372477796751666,0
GFM-MWT+AD,rpc,k_pq,k_iq,15.8489319246111,1.84784979742229,0.000386637609726749,0.00184784979742229,1726.97125987253,0.0479721379857416,1.98758466024286,-0.00384131892019732,0
GFM-MWT+AD,rpc,k_pq,k_iq,15.8489319246111,2.51188643150958,0.000386637609726749,0.00251188643150958,1726.96900529595,0.0500019897861621,1.98747938103537,-0.0040040667191563,0
GFM-MWT+AD,rpc,k_pq,k_iq,15.8489319246111,3.4145488738336,0.000386637609726749,0.0034145488738336,1726.96594047033,0.0527491649433697,1.98741427236829,-0.00422418997349148,0
GFM-MWT+AD,rpc,k_pq,k_iq,15.8489319246111,4.64158883361278,0.000386637609726749,0.00464158883361278,1726.96177418346,0.0562310429283522,1.98745065103785,-0.00450293329335824,0
GFM-MWT+AD,rpc,k_pq,k_iq,15.8489319246111,6.30957344480193,0.000386637609726749,0.00630957344480193,1726.95611053518,0.0601634678868646,1.98766205458448,-0.00481731901052414,0
GFM-MWT+AD,rpc,k_pq,k_iq,15.8489319246111,8.57695898590894,0.000386637609726749,0.00857695898590894,1726.94841128625,0.0638800552822154,1.98808695148901,-0.00511380733030545,0
GFM-MWT+AD,rpc,k_pq,k_iq,15.8489319246111,11.6591440117983,0.000386637609726749,0.0116591440117983,1726.93794465214,0.0666136081186794,1.98867699299828,-0.00533104892966834,0
GFM-MWT+AD,rpc,k_pq,k_iq,15.8489319246111,15.8489319246111,0.000386637609726749,0.0158489319246111,1726.92371563448,0.0680033075081758,1.98931269910302,-0.00544052343440396,0
GFM-MWT+AD,rpc,k_pq,k_iq,15.8489319246111,21.5443469003188,0.000386637609726749,0.0215443469003188,1726.90437123596,0.0682509073057469,1.98988274107426,-0.00545876759574118,0
GFM-MWT+AD,rpc,k_pq,k_iq,15.8489319246111,29.2864456462524,0.000386637609726749,0.0292864456462524,1726.87807143908,0.067818694352215,1.99033555275439,-0.0054229658465367,0
GFM-MWT+AD,rpc,k_pq,k_iq,15.8489319246111,39.8107170553497,0.000386637609726749,0.0398107170553497,1726.84231349529,0.0671112189890544,1.99067080295088,-0.00536549211245437,0
GFM-MWT+AD,rpc,k_pq,k_iq,15.8489319246111,54.1169526546464,0.000386637609726749,0.0541169526546464,1726.79369249268,0.0663715311605763,1.99091050638111,-0.00530571743293346,0
GFM-MWT+AD,rpc,k_pq,k_iq,15.8489319246111,73.5642254459641,0.000386637609726749,0.0735642254459641,1726.72757478781,0.0657110992703326,1.99107964361308,-0.00525247798782609,0
GFM-MWT+AD,rpc,k_pq,k_iq,15.8489319246111,100,0.000386637609726749,0.1,1726.63765206981,0.0651651130591867,1.99119881242474,-0.00520852519298612,0
GFM-MWT+AD,rpc,k_pq,k_iq,21.5443469003188,0.01,0.000525578305736054,1e-05,1730.81390155592,0.0464313575726063,1.98866721384123,-0.00371592039193845,0
GFM-MWT+AD,rpc,k_pq,k_iq,21.5443469003188,0.0135935639087853,0.000525578305736054,1.35935639087853e-05,1730.81388938606,0.0464372717809508,1.98866626238135,-0.0037163954799472,0
GFM-MWT+AD,rpc,k_pq,k_iq,21.5443469003188,0.0184784979742229,0.000525578305736054,1.84784979742229e-05,1730.81387284365,0.0464453181329975,1.9886649700177,-0.00371704183971817,0
GFM-MWT+AD,rpc,k_pq,k_iq,21.5443469003188,0.0251188643150958,0.000525578305736054,2.51188643150958e-05,1730.81385035584,0.0464562683596177,1.98866321507917,-0.00371792146058319,0
GFM-MWT+AD,rpc,k_pq,k_iq,21.5443469003188,0.034145488738336,0.000525578305736054,3.4145488738336e-05,1730.81381978646,0.0464711767018684,1.98866083293547,-0.00371911902208328,0
GFM-MWT+AD,rpc,k_pq,k_iq,21.5443469003188,0.0464158883361278,0.000525578305736054,4.64158883361278e-05,1730.81377823283,0.0464914848301061,1.98865760112104,-0.00372075031911472,0
GFM-MWT+AD,rpc,k_pq,k_iq,21.5443469003188,0.0630957344480193,0.000525578305736054,6.30957344480193e-05,1730.81372174551,0.0465191688488077,1.9886532197248,-0.00372297406465388,0
GFM-MWT+AD,rpc,k_pq,k_iq,21.5443469003188,0.0857695898590894,0.000525578305736054,8.57695898590894e-05,1730.81364495992,0.0465569449724392,1.98864728579129,-0.00372600840026623,0
GFM-MWT+AD,rpc,k_pq,k_iq,21.5443469003188,0.116591440117983,0.000525578305736054,0.000116591440117983,1730.81354057992,0.0466085599858607,1.98863926028327,-0.00373015420796629,0
GFM-MWT+AD,rpc,k_pq,k_iq,21.5443469003188,0.158489319246111,0.000525578305736054,0.000158489319246111,1730.81339869165,0.0466792062416209,1.98862842689707,-0.00373582840797051,0
GFM-MWT+AD,rpc,k_pq,k_iq,21.5443469003188,0.215443469003188,0.000525578305736054,0.000215443469003188,1730.81320581397,0.0467761218575022,1.9886138429886,-0.00374361210012443,0
GFM-MWT+AD,rpc,k_pq,k_iq,21.5443469003188,0.292864456462524,0.000525578305736054,0.000292864456462524,1730.81294362378,0.0469094666736389,1.98859428595083,-0.00375432079635936,0
GFM-MWT+AD,rpc,k_pq,k_iq,21.5443469003188,0.398107170553497,0.000525578305736054,0.000398107170553497,1730.81258721328,0.0470936187238728,1.98856820635412,-0.00376910831869204,0
GFM-MWT+AD,rpc,k_pq,k_iq,21.5443469003188,0.541169526546464,0.000525578305736054,0.000541169526546464,1730.8121027235,0.047349099651236,1.98853371464184,-0.00378962101209761,0
GFM-MWT+AD,rpc,k_pq,k_iq,21.5443469003188,0.735642254459641,0.000525578305736054,0.000735642254459641,1730.81144412613,0.0477054248962169,1.98848866277816,-0.00381822586223512,0
GFM-MWT+AD,rpc,k_pq,k_iq,21.5443469003188,1,0.000525578305736054,0.001,1730.81054885283,0.0482052142867684,1.98843095129812,-0.00385833917184758,0
GFM-MWT+AD,rpc,k_pq,k_iq,21.5443469003188,1.35935639087853,0.000525578305736054,0.00135935639087853,1730.80933184984,0.0489097054231606,1.98835932566194,-0.00391486671014566,0
GFM-MWT+AD,rpc,k_pq,k_iq,21.5443469003188,1.84784979742229,0.000525578305736054,0.00184784979742229,1730.80767749127,0.0499047951646592,1.98827515082904,-0.00399468426635591,0
GFM-MWT+AD,rpc,k_pq,k_iq,21.5443469003188,2.51188643150958,0.000525578305736054,0.00251188643150958,1730.80542859956,0.0513034562041593,1.98818592202777,-0.00410682406745756,0
GFM-MWT+AD,rpc,k_pq,k_iq,21.5443469003188,3.4145488738336,0.000525578305736054,0.0034145488738336,1730.80237149937,0.053232322565168,1.98811114745094,-0.00426138667047564,0
GFM-MWT+AD,rpc,k_pq,k_iq,21.5443469003188,4.64158883361278,0.000525578305736054,0.00464158883361278,1730.79821571033,0.0557773140839567,1.98808922121581,-0.00446516517360034,0
GFM-MWT+AD,rpc,k_pq,k_iq,21.5443469003188,6.30957344480193,0.000525578305736054,0.00630957344480193,1730.7925663229,0.0588639008891008,1.98817748115013,-0.00471204250053754,0
GFM-MWT+AD,rpc,k_pq,k_iq,21.5443469003188,8.57695898590894,0.000525578305736054,0.00857695898590894,1730.78488644797,0.062119589525741,1.98842998300484,-0.00497202195490128,0
GFM-MWT+AD,rpc,k_pq,k_iq,21.5443469003188,11.6591440117983,0.000525578305736054,0.0116591440117983,1730.77444612308,0.0649145484802613,1.98885123220072,-0.00519462275923167,0
GFM-MWT+AD,rpc,k_pq,k_iq,21.5443469003188,15.8489319246111,0.000525578305736054,0.0158489319246111,1730.76025281825,0.0667141616332358,1.98937097477938,-0.00533723347770742,0
GFM-MWT+AD,rpc,k_pq,k_iq,21.5443469003188,21.5443469003188,0.000525578305736054,0.0215443469003188,1730.74095687891,0.0674264205309063,1.98988536284366,-0.0053928192427418,0
GFM-MWT+AD,rpc,k_pq,k_iq,21.5443469003188,29.2864456462524,0.000525578305736054,0.0292864456462524,1730.71472278727,0.0673459258543239,1.99032113488153,-0.00538520211053149,0
GFM-MWT+AD,rpc,k_pq,k_iq,21.5443469003188,39.8107170553497,0.000525578305736054,0.0398107170553497,1730.67905385174,0.0668561917616821,1.99065586070262,-0.00534514357891232,0
GFM-MWT+AD,rpc,k_pq,k_iq,21.5443469003188,54.1169526546464,0.000525578305736054,0.0541169526546464,1730.63055327439,0.0662378770211787,1.99089951340169,-0.00529506270305296,0
GFM-MWT+AD,rpc,k_pq,k_iq,21.5443469003188,73.5642254459641,0.000525578305736054,0.0735642254459641,1730.56459821335,0.0656417422858613,1.99107256808748,-0.00524695288153243,0
GFM-MWT+AD,rpc,k_pq,k_iq,21.5443469003188,100,0.000525578305736054,0.1,1730.47489462707,0.0651291175084995,1.99119455532021,-0.00520565934335071,0
GFM-MWT+AD,rpc,k_pq,k_iq,29.2864456462524,0.01,0.000714448228809412,1e-05,1736.51284231017,0.0496312379576198,1.98917307625815,-0.00397099411180326,0
GFM-MWT+AD,rpc,k_pq,k_iq,29.2864456462524,0.0135935639087853,0.000714448228809412,1.35935639087853e-05,1736.51283026929,0.0496352305312088,1.98917244962873,-0.00397131480350279,0
GFM-MWT+AD,rpc,k_pq,k_iq,29.2864456462524,0.0184784979742229,0.000714448228809412,1.84784979742229e-05,1736.51281390109,0.0496406614156576,1.98917159836095,-0.00397175102140123,0
GFM-MWT+AD,rpc,k_pq,k_iq,29.2864456462524,0.0251188643150958,0.000714448228809412,2.51188643150958e-05,1736.51279164944,0.0496480505655826,1.98917044221316,-0.00397234452698437,0
GFM-MWT+AD,rpc,k_pq,k_iq,29.2864456462524,0.034145488738336,0.000714448228809412,3.4145488738336e-05,1736.51276140252,0.0496581073676371,1.98916887250144,-0.00397315229510594,0
GFM-MWT+AD,rpc,k_pq,k_iq,29.2864456462524,0.0464158883361278,0.000714448228809412,4.64158883361278e-05,1736.51272028751,0.0496718007817795,1.98916674222664,-0.00397425214594065,0
GFM-MWT+AD,rpc,k_pq,k_iq,29.2864456462524,0.0630957344480193,0.000714448228809412,6.30957344480193e-05,1736.51266439638,0.0496904568834525,1.98916385296822,-0.00397575057598843,0
GFM-MWT+AD,rpc,k_pq,k_iq,29.2864456462524,0.0857695898590894,0.000714448228809412,8.57695898590894e-05,1736.51258842062,0.0497158941062489,1.9891599375695,-0.00397779361437604,0
GFM-MWT+AD,rpc,k_pq,k_iq,29.2864456462524,0.116591440117983,0.000714448228809412,0.000116591440117983,1736.51248514143,0.0497506137825227,1.98915463769316,-0.00398058211469388,0
GFM-MWT+AD,rpc,k_pq,k_iq,29.2864456462524,0.158489319246111,0.000714448228809412,0.000158489319246111,1736.51234474924,0.0497980697856031,1.98914747526686,-0.0039843933896513,0
GFM-MWT+AD,rpc,k_pq,k_iq,29.2864456462524,0.215443469003188,0.000714448228809412,0.000215443469003188,1736.51215390529,0.0498630538337206,1.98913781731635,-0.00398961211619823,0
GFM-MWT+AD,rpc,k_pq,k_iq,29.2864456462524,0.292864456462524,0.000714448228809412,0.000292864456462524,1736.51189448048,0.0499522547296612,1.9891248354047,-0.00399677517387388,0
GFM-MWT+AD,rpc,k_pq,k_iq,29.2864456462524,0.398107170553497,0.000714448228809412,0.000398107170553497,1736.51154182871,0.0500750760931146,1.98910746418208,-0.00400663717765223,0
GFM-MWT+AD,rpc,k_pq,k_iq,29.2864456462524,0.541169526546464,0.000714448228809412,0.000541169526546464,1736.5110624475,0.0502448442627185,1.98908437158221,-0.00402026722427174,0
GFM-MWT+AD,rpc,k_pq,k_iq,29.2864456462524,0.735642254459641,0.000714448228809412,0.000735642254459641,1736.51041079544,0.0504805983937502,1.98905397085928,-0.00403919216997557,0
GFM-MWT+AD,rpc,k_pq,k_iq,29.2864456462524,1,0.000714448228809412,0.001,1736.5095249635,0.0508097120771637,1.98901453949,-0.00406560627932095,0
GFM-MWT+AD,rpc,k_pq,k_iq,29.2864456462524,1.35935639087853,0.000714448228809412,0.00135935639087853,1736.50832079173,0.0512715854281659,1.98896458125043,-0.00410266611210485,0
GFM-MWT+AD,rpc,k_pq,k_iq,29.2864456462524,1.84784979742229,0.000714448228809412,0.00184784979742229,1736.50668387728,0.0519223261856852,1.98890369804665,-0.00415486358110559,0
GFM-MWT+AD,rpc,k_pq,k_iq,29.2864456462524,2.51188643150958,0.000714448228809412,0.00251188643150958,1736.50445869852,0.0528390439660391,1.9888344398097,-0.00422836596595131,0
GFM-MWT+AD,rpc,k_pq,k_iq,29.2864456462524,3.4145488738336,0.000714448228809412,0.0034145488738336,1736.50143382811,0.0541186588009761,1.98876576572271,-0.00433091288637476,0
GFM-MWT+AD,rpc,k_pq,k_iq,29.2864456462524,4.64158883361278,0.000714448228809412,0.00464158883361278,1736.49732184788,0.055858049467933,1.98871830419583,-0.00447021372541965,0
GFM-MWT+AD,rpc,k_pq,k_iq,29.2864456462524,6.30957344480193,0.000714448228809412,0.00630957344480193,1736.49173200683,0.0580929775145183,1.98872894926704,-0.00464904210094601,0
GFM-MWT+AD,rpc,k_pq,k_iq,29.2864456462524,8.57695898590894,0.000714448228809412,0.00857695898590894,1736.48413306265,0.0606875844386532,1.98884602761242,-0.00485639160327759,0
GFM-MWT+AD,rpc,k_pq,k_iq,29.2864456462524,11.6591440117983,0.000714448228809412,0.0116591440117983,1736.47380272953,0.0632524749475886,1.98910335335526,-0.00506098142557387,0
GFM-MWT+AD,rpc,k_pq,k_iq,29.2864456462524,15.8489319246111,0.000714448228809412,0.0158489319246111,1736.45975890107,0.0652667578419903,1.98948327123846,-0.00522114746847324,0
GFM-MWT+AD,rpc,k_pq,k_iq,29.2864456462524,21.5443469003188,0.000714448228809412,0.0215443469003188,1736.44066607428,0.0664052571711982,1.98991366658335,-0.00531107255751918,0
GFM-MWT+AD,rpc,k_pq,k_iq,29.2864456462524,29.2864456462524,0.000714448228809412,0.0292864456462524,1736.41470794124,0.0667228620574012,1.99031460947043,-0.00533539879343831,0
GFM-MWT+AD,rpc,k_pq,k_iq,29.2864456462524,39.8107170553497,0.000714448228809412,0.0398107170553497,1736.37941386733,0.0665083528971577,1.99064134048069,-0.00531737348145477,0
GFM-MWT+AD,rpc,k_pq,k_iq,29.2864456462524,54.1169526546464,0.000714448228809412,0.0541169526546464,1736.33142236358,0.0660526459119342,1.99088691308273,-0.00528028914034553,0
GFM-MWT+AD,rpc,k_pq,k_iq,29.2864456462524,73.5642254459641,0.000714448228809412,0.0735642254459641,1736.26615840111,0.0655451130144389,1.99106385808747,-0.00523925212784995,0
GFM-MWT+AD,rpc,k_pq,k_iq,29.2864456462524,100,0.000714448228809412,0.1,1736.17739256231,0.0650789835811116,1.99118911465271,-0.00520166654491576,0
GFM-MWT+AD,rpc,k_pq,k_iq,39.8107170553497,0.01,0.000971189765783918,1e-05,1745.21197116569,0.0524422958440458,1.98962780026296,-0.00419494398433681,0
GFM-MWT+AD,rpc,k_pq,k_iq,39.8107170553497,0.0135935639087853,0.000971189765783918,1.35935639087853e-05,1745.21195949258,0.0524448812354263,1.98962740330657,-0.00419515162730347,0
GFM-MWT+AD,rpc,k_pq,k_iq,39.8107170553497,0.0184784979742229,0.000971189765783918,1.84784979742229e-05,1745.21194362483,0.0524483974907624,1.98962686398625,-0.00419543403057426,0
GFM-MWT+AD,rpc,k_pq,k_iq,39.8107170553497,0.0251188643150958,0.000971189765783918,2.51188643150958e-05,1745.21192205479,0.0524531807756661,1.98962613140277,-0.0041958181915855,0
GFM-MWT+AD,rpc,k_pq,k_iq,39.8107170553497,0.034145488738336,0.000971189765783918,3.4145488738336e-05,1745.21189273379,0.0524596890825826,1.98962513654119,-0.00419634089107591,0
GFM-MWT+AD,rpc,k_pq,k_iq,39.8107170553497,0.0464158883361278,0.000971189765783918,4.64158883361278e-05,1745.21185287586,0.0524685477080001,1.98962378601653,-0.00419705234414015,0
GFM-MWT+AD,rpc,k_pq,k_iq,39.8107170553497,0.0630957344480193,0.000971189765783918,6.30957344480193e-05,1745.21179869478,0.0524806109069856,1.98962195358353,-0.00419802115014124,0
GFM-MWT+AD,rpc,k_pq,k_iq,39.8107170553497,0.0857695898590894,0.000971189765783918,8.57695898590894e-05,1745.2117250432,0.0524970478454068,1.98961946894342,-0.00419934119211496,0
GFM-MWT+AD,rpc,k_pq,k_iq,39.8107170553497,0.116591440117983,0.000971189765783918,0.000116591440117983,1745.21162492464,0.0525194631098811,1.98961610315587,-0.00420114130801195,0
GFM-MWT+AD,rpc,k_pq,k_iq,39.8107170553497,0.158489319246111,0.000971189765783918,0.000158489319246111,1745.2114888276,0.0525500647766337,1.98961154959955,-0.00420359877631085,0
GFM-MWT+AD,rpc,k_pq,k_iq,39.8107170553497,0.215443469003188,0.000971189765783918,0.000215443469003188,1745.2113038221,0.0525919041209082,1.98960540021946,-0.00420695854347255,0
GFM-MWT+AD,rpc,k_pq,k_iq,39.8107170553497,0.292864456462524,0.000971189765783918,0.000292864456462524,1745.21105233405,0.0526492183171079,1.98959711667819,-0.0042115607028879,0
GFM-MWT+AD,rpc,k_pq,k_iq,39.8107170553497,0.398107170553497,0.000971189765783918,0.000398107170553497,1745.21071047158,0.0527279281348116,1.98958599811859,-0.00421788038368254,0
GFM-MWT+AD,rpc,k_pq,k_iq,39.8107170553497,0.541169526546464,0.000971189765783918,0.000541169526546464,1745.21024575747,0.0528363658171904,1.98957115061755,-0.00422658605652349,0
GFM-MWT+AD,rpc,k_pq,k_iq,39.8107170553497,0.735642254459641,0.000971189765783918,0.000735642254459641,1745.20961404219,0.0529863508408137,1.98955147152042,-0.00423862564970927,0
GFM-MWT+AD,rpc,k_pq,k_iq,39.8107170553497,1,0.000971189765783918,0.001,1745.20875531127,0.0531947737175509,1.98952567874521,-0.0042553532335344,0
GFM-MWT+AD,rpc,k_pq,k_iq,39.8107170553497,1.35935639087853,0.000971189765783918,0.00135935639087853,1745.20758798091,0.0534858911582683,1.98949244962263,-0.00427871241410506,0
GFM-MWT+AD,rpc,k_pq,k_iq,39.8107170553497,1.84784979742229,0.000971189765783918,0.00184784979742229,1745.20600114724,0.0538944742290657,1.98945080068422,-0.00431148749778348,0
GFM-MWT+AD,rpc,k_pq,k_iq,39.8107170553497,2.51188643150958,0.000971189765783918,0.00251188643150958,1745.20384404395,0.0544695477661368,1.98940095876812,-0.00435760092955365,0
GFM-MWT+AD,rpc,k_pq,k_iq,39.8107170553497,3.4145488738336,0.000971189765783918,0.0034145488738336,1745.20091171574,0.055277034451868,1.98934613772822,-0.00442232102201082,0
GFM-MWT+AD,rpc,k_pq,k_iq,39.8107170553497,4.64158883361278,0.000971189765783918,0.00464158883361278,1745.19692553182,0.0563958373414497,1.9892956935186,-0.00451194106024999,0
GFM-MWT+AD,rpc,k_pq,k_iq,39.8107170553497,6.30957344480193,0.000971189765783918,0.00630957344480193,1745.1915066969,0.0578946828643043,1.9892694432926,-0.00463191456704081,0
GFM-MWT+AD,rpc,k_pq,k_iq,39.8107170553497,8.57695898590894,0.000971189765783918,0.00857695898590894,1745.18414021396,0.0597719817503242,1.98930005905753,-0.00478203252400124,0
GFM-MWT+AD,rpc,k_pq,k_iq,39.8107170553497,11.6591440117983,0.000971189765783918,0.0116591440117983,1745.17412588385,0.0618649462847529,1.98942519150273,-0.0049491639395208,0
GFM-MWT+AD,rpc,k_pq,k_iq,39.8107170553497,15.8489319246111,0.000971189765783918,0.0158489319246111,1745.16051162847,0.063817081650927,1.98966244314583,-0.00510472100364304,0
GFM-MWT+AD,rpc,k_pq,k_iq,39.8107170553497,21.5443469003188,0.000971189765783918,0.0215443469003188,1745.14200276674,0.065233070595665,1.98998389914421,-0.00521713987139634,0
GFM-MWT+AD,rpc,k_pq,k_iq,39.8107170553497,29.2864456462524,0.000971189765783918,0.0292864456462524,1745.11683848921,0.0659373218146619,1.99032618978385,-0.00527255526488866,0
GFM-MWT+AD,rpc,k_pq,k_iq,39.8107170553497,39.8107170553497,0.000971189765783918,0.0398107170553497,1745.08262362038,0.0660441314274629,1.99063165896642,-0.00528028547936771,0
GFM-MWT+AD,rpc,k_pq,k_iq,39.8107170553497,54.1169526546464,0.000971189765783918,0.0541169526546464,1745.03609927653,0.0657979266011923,1.99087407984645,-0.00525996119114894,0
GFM-MWT+AD,rpc,k_pq,k_iq,39.8107170553497,73.5642254459641,0.000971189765783918,0.0735642254459641,1744.97282995164,0.0654105146007352,1.99105372589992,-0.00522852010252533,0
GFM-MWT+AD,rpc,k_pq,k_iq,39.8107170553497,100,0.000971189765783918,0.1,1744.88677598401,0.0650089242636464,1.99118237633684,-0.00519608454236597,0
GFM-MWT+AD,rpc,k_pq,k_iq,54.1169526546464,0.01,0.00132019301487419,1e-05,1758.84887486149,0.0548238584485956,1.99002087875506,-0.0043845792235077,0
GFM-MWT+AD,rpc,k_pq,k_iq,54.1169526546464,0.0135935639087853,0.00132019301487419,1.35935639087853e-05,1758.84886410042,0.0548254725976816,1.99002063558186,-0.00438470884959531,0
GFM-MWT+AD,rpc,k_pq,k_iq,54.1169526546464,0.0184784979742229,0.00132019301487419,1.84784979742229e-05,1758.84884947368,0.0548276675099229,1.99002030514796,-0.00438488511407159,0
GFM-MWT+AD,rpc,k_pq,k_iq,54.1169526546464,0.0251188643150958,0.00132019301487419,2.51188643150958e-05,1758.84882959038,0.054830652839287,1.99001985623949,-0.00438512485268222,0
GFM-MWT+AD,rpc,k_pq,k_iq,54.1169526546464,0.034145488738336,0.00132019301487419,3.4145488738336e-05,1758.84880256146,0.0548347139071637,1.99001924650072,-0.00438545097722241,0
GFM-MWT+AD,rpc,k_pq,k_iq,54.1169526546464,0.0464158883361278,0.00132019301487419,4.64158883361278e-05,1758.84876581989,0.0548402398667176,1.99001841855593,-0.00438589473655525,0
GFM-MWT+AD,rpc,k_pq,k_iq,54.1169526546464,0.0630957344480193,0.00132019301487419,6.30957344480193e-05,1758.84871587493,0.0548477617776126,1.99001729476381,-0.00438649877326159,0
GFM-MWT+AD,rpc,k_pq,k_iq,54.1169526546464,0.0857695898590894,0.00132019301487419,8.57695898590894e-05,1758.84864798243,0.0548580053524139,1.99001577023082,-0.00438732135756447,0
GFM-MWT+AD,rpc,k_pq,k_iq,54.1169526546464,0.116591440117983,0.00132019301487419,0.000116591440117983,1758.84855569102,0.0548719644378002,1.99001370359983,-0.00438844228455817,0
GFM-MWT+AD,rpc,k_pq,k_iq,54.1169526546464,0.158489319246111,0.00132019301487419,0.000158489319246111,1758.84843023395,0.0548910030979914,1.99001090501279,-0.0043899710653856,0
GFM-MWT+AD,rpc,k_pq,k_iq,54.1169526546464,0.215443469003188,0.00132019301487419,0.000215443469003188,1758.84825969436,0.0549169993968768,1.99000712058466,-0.00439205846144357,0
GFM-MWT+AD,rpc,k_pq,k_iq,54.1169526546464,0.292864456462524,0.00132019301487419,0.000292864456462524,1758.84802786985,0.054952550128078,1.99000201320701,-0.0043949129018954,0
GFM-MWT+AD,rpc,k_pq,k_iq,54.1169526546464,0.398107170553497,0.00132019301487419,0.000398107170553497,1758.84771273687,0.0550012637465882,1.98999513955868,-0.004398823965145,0
GFM-MWT+AD,rpc,k_pq,k_iq,54.1169526546464,0.541169526546464,0.00132019301487419,0.000541169526546464,1758.84728435587,0.0550681862500426,1.98998592531852,-0.00440419650000077,0
GFM-MWT+AD,rpc,k_pq,k_iq,54.1169526546464,0.735642254459641,0.00132019301487419,0.000735642254459641,1758.84670203293,0.0551604239052097,1.98997364353135,-0.00441160048814892,0
GFM-MWT+AD,rpc,k_pq,k_iq,54.1169526546464,1,0.00132019301487419,0.001,1758.84591044509,0.0552880617848523,1.98995740891504,-0.00442184453870382,0
GFM-MWT+AD,rpc,k_pq,k_iq,54.1169526546464,1.35935639087853,0.00132019301487419,0.00135935639087853,1758.84483438561,0.0554655098888479,1.98993621634894,-0.0044360834977629,0
GFM-MWT+AD,rpc,k_pq,k_iq,54.1169526546464,1.84784979742229,0.00132019301487419,0.00184784979742229,1758.84337162481,0.055713429576002,1.98990908305831,-0.00445597226416474,0
GFM-MWT+AD,rpc,k_pq,k_iq,54.1169526546464,2.51188643150958,0.00132019301487419,0.00251188643150958,1758.84138318585,0.0560613077085442,1.98987541404361,-0.00448387094055233,0
GFM-MWT+AD,rpc,k_pq,k_iq,54.1169526546464,3.4145488738336,0.00132019301487419,0.0034145488738336,1758.8386801412,0.0565503040340027,1.98983581121975,-0.00452307085072747,0
GFM-MWT+AD,rpc,k_pq,k_iq,54.1169526546464,4.64158883361278,0.00132019301487419,0.00464158883361278,1758.83500565257,0.0572345835881012,1.98979367144614,-0.00457789748404657,0
GFM-MWT+AD,rpc,k_pq,k_iq,54.1169526546464,6.30957344480193,0.00132019301487419,0.00630957344480193,1758.83001055178,0.0581758411656715,1.98975789067604,-0.00465326585267644,0
GFM-MWT+AD,rpc,k_pq,k_iq,54.1169526546464,8.57695898590894,0.00132019301487419,0.00857695898590894,1758.82322013256,0.0594198229820253,1.98974618471702,-0.00475279299714453,0
GFM-MWT+AD,rpc,k_pq,k_iq,54.1169526546464,11.6591440117983,0.00132019301487419,0.0116591440117983,1758.81398898094,0.0609423701438054,1.98978579397646,-0.00487447656467814,0
GFM-MWT+AD,rpc,k_pq,k_iq,54.1169526546464,15.8489319246111,0.00132019301487419,0.0158489319246111,1758.80143953744,0.0625806346936824,1.98990447776906,-0.00500521140785206,0
GFM-MWT+AD,rpc,k_pq,k_iq,54.1169526546464,21.5443469003188,0.00132019301487419,0.0215443469003188,1758.78437848821,0.0640343399980465,1.99010900583387,-0.00512094969548241,0
GFM-MWT+AD,rpc,k_pq,k_iq,54.1169526546464,29.2864456462524,0.00132019301487419,0.0292864456462524,1758.76118296295,0.0650186457395046,1.9903694868226,-0.00519898394711627,0
GFM-MWT+AD,rpc,k_pq,k_iq,54.1169526546464,39.8107170553497,0.00132019301487419,0.0398107170553497,1758.72964554444,0.0654504143003702,1.99063465910391,-0.005232810700486,0
GFM-MWT+AD,rpc,k_pq,k_iq,54.1169526546464,54.1169526546464,0.00132019301487419,0.0541169526546464,1758.68676305595,0.0654546218581271,1.99086421715347,-0.00523254369341864,0
GFM-MWT+AD,rpc,k_pq,k_iq,54.1169526546464,73.5642254459641,0.00132019301487419,0.0735642254459641,1758.62844846868,0.065224255033645,1.99104311530145,-0.00521365983042744,0
GFM-MWT+AD,rpc,k_pq,k_iq,54.1169526546464,100,0.00132019301487419,0.1,1758.54913744697,0.0649109599182344,1.9911744606251,-0.00518827520669986,0
GFM-MWT+AD,rpc,k_pq,k_iq,73.5642254459641,0.01,0.00179461281196241,1e-05,1780.3947387116,0.0567805138806412,1.99034936985314,-0.00454031158877711,0
GFM-MWT+AD,rpc,k_pq,k_iq,73.5642254459641,0.0135935639087853,0.00179461281196241,1.35935639087853e-05,1780.39472986306,0.0567814907210611,1.9903492249591,-0.00454039002829042,0
GFM-MWT+AD,rpc,k_pq,k_iq,73.5642254459641,0.0184784979742229,0.00179461281196241,1.84784979742229e-05,1780.39471783492,0.0567828190727167,1.99034902807268,-0.00454049669356081,0
GFM-MWT+AD,rpc,k_pq,k_iq,73.5642254459641,0.0251188643150958,0.00179461281196241,2.51188643150958e-05,1780.39470148435,0.0567846254520322,1.99034876055101,-0.00454064174349798,0
GFM-MWT+AD,rpc,k_pq,k_iq,73.5642254459641,0.034145488738336,0.00179461281196241,3.4145488738336e-05,1780.39467925664,0.0567870823298076,1.99034839712328,-0.00454083902670268,0
GFM-MWT+AD,rpc,k_pq,k_iq,73.5642254459641,0.0464158883361278,0.00179461281196241,4.64158883361278e-05,1780.39464904284,0.0567904246866598,1.99034790352976,-0.00454110741065839,0
GFM-MWT+AD,rpc,k_pq,k_iq,73.5642254459641,0.0630957344480193,0.00179461281196241,6.30957344480193e-05,1780.39460797109,0.0567949727428714,1.99034723334068,-0.00454147260652028,0
GFM-MWT+AD,rpc,k_pq,k_iq,73.5642254459641,0.0857695898590894,0.00179461281196241,8.57695898590894e-05,1780.39455214035,0.0568011638154016,1.99034632377697,-0.00454196972602695,0
GFM-MWT+AD,rpc,k_pq,k_iq,73.5642254459641,0.116591440117983,0.00179461281196241,0.000116591440117983,1780.39447624583,0.056809595518742,1.99034509006152,-0.0045426467488825,0
GFM-MWT+AD,rpc,k_pq,k_iq,73.5642254459641,0.158489319246111,0.00179461281196241,0.000158489319246111,1780.39437307915,0.0568210864828509,1.99034341802754,-0.0045435693948967,0
GFM-MWT+AD,rpc,k_pq,k_iq,73.5642254459641,0.215443469003188,0.00179461281196241,0.000215443469003188,1780.39423283753,0.0568367603114197,1.99034115442834,-0.00454482785987296,0
GFM-MWT+AD,rpc,k_pq,k_iq,73.5642254459641,0.292864456462524,0.00179461281196241,0.000292864456462524,1780.39404219997,0.0568581650453127,1.99033809470424,-0.00454654639666669,0
GFM-MWT+AD,rpc,k_pq,k_iq,73.5642254459641,0.398107170553497,0.00179461281196241,0.000398107170553497,1780.39378305397,0.0568874415567722,1.99033396766906,-0.00454889681645083,0
GFM-MWT+AD,rpc,k_pq,k_iq,73.5642254459641,0.541169526546464,0.00179461281196241,0.000541169526546464,1780.39343078291,0.0569275666516997,1.99032841777845,-0.00455211797037872,0
GFM-MWT+AD,rpc,k_pq,k_iq,73.5642254459641,0.735642254459641,0.00179461281196241,0.000735642254459641,1780.39295191954,0.0569827046882156,1.99032098633333,-0.00455654391283108,0
GFM-MWT+AD,rpc,k_pq,k_iq,73.5642254459641,1,0.00179461281196241,0.001,1780.39230097197,0.0570587236640632,1.99031109673384,-0.00456264521023852,0
GFM-MWT+AD,rpc,k_pq,k_iq,73.5642254459641,1.35935639087853,0.00179461281196241,0.00135935639087853,1780.39141609849,0.057163952698869,1.9902980548981,-0.0045710895239391,0
GFM-MWT+AD,rpc,k_pq,k_iq,73.5642254459641,1.84784979742229,0.00179461281196241,0.00184784979742229,1780.39021323427,0.0573102877892992,1.99028109011732,-0.00458282995958805,0
GFM-MWT+AD,rpc,k_pq,k_iq,73.5642254459641,2.51188643150958,0.00179461281196241,0.00251188643150958,1780.38857810004,0.0575147567037382,1.99025948845529,-0.0045992299337736,0
GFM-MWT+AD,rpc,k_pq,k_iq,73.5642254459641,3.4145488738336,0.00179461281196241,0.0034145488738336,1780.38635535064,0.0578015563001905,1.99023292172411,-0.00462222538385523,0
GFM-MWT+AD,rpc,k_pq,k_iq,73.5642254459641,4.64158883361278,0.00179461281196241,0.00464158883361278,1780.38333379961,0.058204146948426,1.9902021575964,-0.00465449065869298,0
GFM-MWT+AD,rpc,k_pq,k_iq,73.5642254459641,6.30957344480193,0.00179461281196241,0.00630957344480193,1780.37922636266,0.0587656868802001,1.99017042489788,-0.00469947003265108,0
GFM-MWT+AD,rpc,k_pq,k_iq,73.5642254459641,8.57695898590894,0.00179461281196241,0.00857695898590894,1780.37364275481,0.0595330504629674,1.99014562644611,-0.00476089375146579,0
GFM-MWT+AD,rpc,k_pq,k_iq,73.5642254459641,11.6591440117983,0.00179461281196241,0.0116591440117983,1780.36605239152,0.0605351445585984,1.9901427754292,-0.00484103688972627,0
GFM-MWT+AD,rpc,k_pq,k_iq,73.5642254459641,15.8489319246111,0.00179461281196241,0.0158489319246111,1780.35573391589,0.0617375525917995,1.99018363446558,-0.00493709060147868,0
GFM-MWT+AD,rpc,k_pq,k_iq,73.5642254459641,21.5443469003188,0.00179461281196241,0.0215443469003188,1780.34170657043,0.0629933214976561,1.99028796580969,-0.0050372466066445,0
GFM-MWT+AD,rpc,k_pq,k_iq,73.5642254459641,29.2864456462524,0.00179461281196241,0.0292864456462524,1780.32263682247,0.0640625105457135,1.9904563215595,-0.00512230856267975,0
GFM-MWT+AD,rpc,k_pq,k_iq,73.5642254459641,39.8107170553497,0.00179461281196241,0.0398107170553497,1780.29671130059,0.0647455108153372,1.9906612843722,-0.00517638541220745,0
GFM-MWT+AD,rpc,k_pq,k_iq,73.5642254459641,54.1169526546464,0.00179461281196241,0.0541169526546464,1780.26146385318,0.0650105912947101,1.99086324507803,-0.00519705070300466,0
GFM-MWT+AD,rpc,k_pq,k_iq,73.5642254459641,73.5642254459641,0.00179461281196241,0.0735642254459641,1780.21353998212,0.0649713137753671,1.99103434530241,-0.00519346455149672,0
GFM-MWT+AD,rpc,k_pq,k_iq,73.5642254459641,100,0.00179461281196241,0.1,1780.14837582883,0.0647747462006046,1.991166022051,-0.00517740999894575,0
GFM-MWT+AD,rpc,k_pq,k_iq,100,0.01,0.00243951839509359,1e-05,1812.96902221762,0.0583480177441196,1.99061623240479,-0.00466502495292383,0
GFM-MWT+AD,rpc,k_pq,k_iq,100,0.0135935639087853,0.00243951839509359,1.35935639087853e-05,1812.96901630833,0.0583485940992892,1.990616148001,-0.00466507123031244,0
GFM-MWT+AD,rpc,k_pq,k_iq,100,0.0184784979742229,0.00243951839509359,1.84784979742229e-05,1812.96900827519,0.0583493777589961,1.9906160332972,-0.00466513415271041,0
GFM-MWT+AD,rpc,k_pq,k_iq,100,0.0251188643150958,0.00243951839509359,2.51188643150958e-05,1812.96899735469,0.0583504433298703,1.99061587742579,-0.00466521971039263,0
GFM-MWT+AD,rpc,k_pq,k_iq,100,0.034145488738336,0.00243951839509359,3.4145488738336e-05,1812.96898251068,0.058351892451237,1.99061566564853,-0.0046653360639756,0
GFM-MWT+AD,rpc,k_pq,k_iq,100,0.0464158883361278,0.00243951839509359,4.64158883361278e-05,1812.96896233231,0.0583538633573979,1.99061537794693,-0.00466549431223166,0
GFM-MWT+AD,rpc,k_pq,k_iq,100,0.0630957344480193,0.00243951839509359,6.30957344480193e-05,1812.96893490215,0.0583565446895594,1.99061498722924,-0.00466570960056606,0
GFM-MWT+AD,rpc,k_pq,k_iq,100,0.0857695898590894,0.00243951839509359,8.57695898590894e-05,1812.96889761471,0.0583601933660856,1.99061445676067,-0.00466600255578818,0
GFM-MWT+AD,rpc,k_pq,k_iq,100,0.116591440117983,0.00243951839509359,0.000116591440117983,1812.96884692793,0.0583651603555411,1.9906137368969,-0.00466640135436173,0
GFM-MWT+AD,rpc,k_pq,k_iq,100,0.158489319246111,0.00243951839509359,0.000158489319246111,1812.96877802689,0.0583719251795304,1.99061276059868,-0.00466694449149413,0
GFM-MWT+AD,rpc,k_pq,k_iq,100,0.215443469003188,0.00243951839509359,0.000215443469003188,1812.96868436606,0.0583811449431233,1.99061143766678,-0.00466768471476933,0
GFM-MWT+AD,rpc,k_pq,k_iq,100,0.292864456462524,0.00243951839509359,0.000292864456462524,1812.96855704687,0.0583937218950195,1.99060964713124,-0.00466869444367764,0
GFM-MWT+AD,rpc,k_pq,k_iq,100,0.398107170553497,0.00243951839509359,0.000398107170553497,1812.96838397531,0.0584108990753414,1.99060722766158,-0.00467007343960809,0
GFM-MWT+AD,rpc,k_pq,k_iq,100,0.541169526546464,0.00243951839509359,0.000541169526546464,1812.96814871001,0.0584343963627845,1.99060396575145,-0.00467195971138632,0
GFM-MWT+AD,rpc,k_pq,k_iq,100,0.735642254459641,0.00243951839509359,0.000735642254459641,1812.967828901,0.0584666058294898,1.99059958212851,-0.00467454516735548,0
GFM-MWT+AD,rpc,k_pq,k_iq,100,1,0.00243951839509359,0.001,1812.96739416747,0.0585108751364831,1.99059371781485,-0.00467809830844116,0
GFM-MWT+AD,rpc,k_pq,k_iq,100,1.35935639087853,0.00243951839509359,0.00135935639087853,1812.96680321216,0.0585719228667543,1.99058592419446,-0.00468299746258551,0
GFM-MWT+AD,rpc,k_pq,k_iq,100,1.84784979742229,0.00243951839509359,0.00184784979742229,1812.96599989636,0.0586564468178332,1.99057566667043,-0.00468977941847304,0
GFM-MWT+AD,rpc,k_pq,k_iq,100,2.51188643150958,0.00243951839509359,0.00251188643150958,1812.96490791018,0.0587740083422283,1.99056236334332,-0.00469921005367761,0
GFM-MWT+AD,rpc,k_pq,k_iq,100,3.4145488738336,0.00243951839509359,0.0034145488738336,1812.96342352414,0.0589382707311976,1.99054550243501,-0.00471238309289802,0
GFM-MWT+AD,rpc,k_pq,k_iq,100,4.64158883361278,0.00243951839509359,0.00464158883361278,1812.9614057378,0.0591685747804598,1.99052492392716,-0.00473084544588661,0
GFM-MWT+AD,rpc,k_pq,k_iq,100,6.30957344480193,0.00243951839509359,0.00630957344480193,1812.95866288807,0.0594914447975547,1.9905014158128,-0.00475671623150044,0
GFM-MWT+AD,rpc,k_pq,k_iq,100,8.57695898590894,0.00243951839509359,0.00857695898590894,1812.95493445683,0.0599404916085786,1.99047783585659,-0.00479267630852238,0
GFM-MWT+AD,rpc,k_pq,k_iq,100,11.6591440117983,0.00243951839509359,0.0116591440117983,1812.9498663309,0.0605506650678485,1.99046086275527,-0.00484150424005429,0
GFM-MWT+AD,rpc,k_pq,k_iq,100,15.8489319246111,0.00243951839509359,0.0158489319246111,1812.94297720728,0.0613394872533166,1.99046273070356,-0.00490457069828209,0
GFM-MWT+AD,rpc,k_pq,k_iq,100,21.5443469003188,0.00243951839509359,0.0215443469003188,1812.93361292274,0.0622705909598886,1.99050032734668,-0.00497892383256143,0
GFM-MWT+AD,rpc,k_pq,k_iq,100,29.2864456462524,0.00243951839509359,0.0292864456462524,1812.9208844284,0.0632197045781449,1.99058745584072,-0.00505458824289275,0
GFM-MWT+AD,rpc,k_pq,k_iq,100,39.8107170553497,0.00243951839509359,0.0398107170553497,1812.9035835429,0.0640012991726906,1.99072164696864,-0.00511673231719096,0
GFM-MWT+AD,rpc,k_pq,k_iq,100,54.1169526546464,0.00243951839509359,0.0541169526546464,1812.88006857698,0.0644770943551847,1.99087972215446,-0.00515436058353963,0
GFM-MWT+AD,rpc,k_pq,k_iq,100,73.5642254459641,0.00243951839509359,0.0735642254459641,1812.84810910912,0.0646413153762324,1.99103183878608,-0.00516709342867147,0
GFM-MWT+AD,rpc,k_pq,k_iq,100,100,0.00243951839509359,0.1,1812.80467547119,0.0645887022043763,1.99115874087706,-0.00516255887870809,0
